Date,xncna,xncnb,xncnc,xncnd,xncne,xncnf,xncng,xncnh,xncni,xncnj,xncnk,xncnl,xncnm,xncnn,xncno,xncnp,xncnq,xncnr,xncns,xncnt,xncnu,xncnv,xncnw,xncnx,xncny,xncnz,xncoa,xncob,xncoc,xncod,xncoe,xncog,xncoh,xncoi,xncoj,xncok,xncol,xncom,xncon,xncoo,xncop,xnqha,xnqhb,xnqhc,xnqhd,xnqhe,xnqhf,xnqhg,xnqhh,xnqhi,xnqhj,xnqhk,xnqhl,xnqhm,xnqhn,xnqho,xnqhp,xnqhq,xnqhr,xnqhs,xnqht,xnqhu,xnqhv,xnqhw,xnqhx,xnqhy,xnqhz,xnqia,xnqib,xnqic,xnqid,xnqie,xnqig,xnqih,xnqii,xnqij,xnqik,xnqil,xnqim,xnqin,xnqio,xnqip
1990-12-15,0.0,0.0,0.0,0.0,0.0,0.0,0.0,0.0,0.0,0.0,0.0,0.0,0.0,0.0,0.0,0.0,0.0,0.0,0.0,0.0,0.0,0.0,0.0,0.0,0.0,0.0,0.0,0.0,0.0,0.0,0.0,0.0,0.0,0.0,0.0,0.0,0.0,0.0,0.0,0.0,0.0,0.0,0.0,0.0,0.0,0.0,0.0,0.0,0.0,0.0,0.0,0.0,0.0,0.0,0.0,0.0,0.0,0.0,0.0,0.0,0.0,0.0,0.0,0.0,0.0,0.0,0.0,0.0,0.0,0.0,0.0,0.0,0.0,0.0,0.0,0.0,0.0,0.0,0.0,0.0,0.0,0.0
1991-01-15,0.0,0.0,0.0,0.0,0.0,0.0,0.0,0.0,0.0,0.0,0.0,0.0,0.0,0.0,0.0,0.0,0.0,0.0,0.0,0.0,0.0,0.0,0.0,0.0,0.0,0.0,0.0,0.0,0.0,0.0,0.0,0.0,0.0,0.0,0.0,0.0,0.0,0.0,0.0,0.0,0.0,-0.008416709112056798,-0.017144874577122382,-0.018585985068500576,-0.014055889795029789,-0.01359554291851922,-0.001739612066990104,0.004632141749742027,-0.0074118320489448,0.01516845959117527,-0.021252144566634237,-0.010801473798507691,0.017696901182269315,-0.009613116133040589,0.012094727510905838,0.029840027409642218,-0.005909031450913667,0.010329551770184981,-0.024468409057582647,-0.00403254659502143,0.018710200654287235,0.01363271808403986,0.001143276114237486,-0.01282970233547275,0.010655540516385816,0.017592663259119495,0.013516092016464315,0.019547943978006393,0.01440699523722804,-0.010948776210398975,-0.02059180751821134,-0.018873825913769363,-0.0340936912901683,0.001414106157317738,-0.0018275777389435155,0.03722127997209663,0.022213538158552246,-0.008895998831942684,-0.02192053121488598,-0.0027201691866987894,0.0050957068467754356,-0.008427960454678978
1991-02-15,0.0,0.0,0.0,0.0,0.0,0.0,0.0,0.0,0.0,0.0,0.0,0.0,0.0,0.0,0.0,0.0,0.0,0.0,0.0,0.0,0.0,0.0,0.0,0.0,0.0,0.0,0.0,0.0,0.0,0.0,0.0,0.0,0.0,0.0,0.0,0.0,0.0,0.0,0.0,0.0,0.0,-0.07529890521420894,-0.26807975180398447,-0.159861413964804,-0.17157071025704332,-0.11529181306217602,-0.025293310577072365,-0.18252657217779858,-0.1386149940532819,0.0368722422081655,-0.2827042149294257,-0.015655437587267618,-0.03468226534889046,-0.17160135717819336,-0.05470945829890284,-0.047504907341362805,-0.057252582762869465,-0.017434633039402236,-0.225632444028712,-0.02641481299831072,-0.006307698715867699,-0.036670549913646024,0.05868882839539067,-0.254815876431618,0.03502469890828828,-0.02827829915115354,0.03758940901712599,0.02910119864359831,-0.02604715720959026,-0.05980758929701974,-0.3749526977478723,-0.3269982902307289,-0.21939600460785313,-0.06142012100806989,-0.03025990493889073,0.1362697818949103,-0.06364690948815505,-0.09728578496262708,-0.09834033021611692,-0.08327760981285233,0.024168590608914187,-0.17060095928814067
1991-03-15,0.0,0.0,0.0,0.0,0.0,0.0,0.0,0.0,0.0,0.0,0.0,0.0,0.0,0.0,0.0,0.0,0.0,0.0,0.0,0.0,0.0,0.0,0.0,0.0,0.0,0.0,0.0,0.0,0.0,0.0,0.0,0.0,0.0,0.0,0.0,0.0,0.0,0.0,0.0,0.0,0.0,-0.1476918432559301,-0.5525306559835127,-0.29140409408954465,-0.4077815597492367,-0.25515670228089365,-0.13353553351854167,-0.5115675091041013,-0.33151143508970365,-0.00020282021097667302,-0.49781150518917877,-0.12952226447860196,-0.19855228321233984,-0.360557869551839,-0.2218464846184056,-0.2221930071273683,-0.0929353349978506,-0.16169098176912486,-0.6149214381004713,-0.21833947494614456,-0.16578219738022718,-0.06797741898999252,0.06993865084835309,-0.5646051747111461,-0.0026292443211201797,-0.29769152676284133,-0.0020554205512097654,-0.08502182687127763,-0.09993956740382394,-0.1977657146886518,-0.7083557656514281,-0.8310654714857187,-0.3815552949268323,-0.27009617270849745,-0.16630786487133617,-0.09611907426687011,-0.2627943339757413,-0.24218983974939387,-0.17381202363278514,-0.2654170914436465,0.019527214741870084,-0.36591716245772027
1991-04-15,0.0,0.0,0.0,0.0,0.0,0.0,0.0,0.0,0.0,0.0,0.0,0.0,0.0,0.0,0.0,0.0,0.0,0.0,0.0,0.0,0.0,0.0,0.0,0.0,0.0,0.0,0.0,0.0,0.0,0.0,0.0,0.0,0.0,0.0,0.0,0.0,0.0,0.0,0.0,0.0,0.0,-0.1495300769276808,-0.6595815097614334,-0.27300396611597766,-0.5397854498005915,-0.3297811046097982,-0.18489703563578042,-0.7054889190869554,-0.5178782492653746,-0.0787108586919177,-0.635134777542207,-0.22542218382736304,-0.34800931433256405,-0.36563383228833174,-0.3004314922218345,-0.33294080786620756,-0.21728429822896014,-0.33208126033163426,-0.765574805036222,-0.3779867618423869,-0.3226761364830336,-0.13244438332673739,-0.014533084143944497,-0.6131366061583032,-0.024075163874503914,-0.5127856471616794,-0.014240687497197398,-0.1643747800008811,-0.09379686935079447,-0.19954748353556961,-0.760441636627634,-1.0399667298875896,-0.47925116431218456,-0.37434381240863007,-0.26283559571102294,-0.2597330198404319,-0.45116908414835555,-0.3565247970392771,-0.23545252659753524,-0.42285784565127166,0.02891032767304318,-0.48021631565266193
1991-05-15,0.0,0.0,0.0,0.0,0.0,0.0,0.0,0.0,0.0,0.0,0.0,0.0,0.0,0.0,0.0,0.0,0.0,0.0,0.0,0.0,0.0,0.0,0.0,0.0,0.0,0.0,0.0,0.0,0.0,0.0,0.0,0.0,0.0,0.0,0.0,0.0,0.0,0.0,0.0,0.0,0.0,-0.24670094299905354,-0.7708740490764793,-0.33159757061930445,-0.5914839877043928,-0.5093229548195932,-0.2704522521599933,-0.9304224543513858,-0.678401024933272,-0.23781298423541578,-0.7549995574395627,-0.3939028217709921,-0.3898881801726451,-0.41659209220423726,-0.35213590794366234,-0.40094169569902277,-0.4250499751800416,-0.49484005343371185,-0.8627549501400601,-0.49483902103073296,-0.5096882255546703,-0.14719429552036906,-0.2338930587512895,-0.6740380480375183,-0.05037894385575994,-0.6117902157627645,-0.07970380490133258,-0.3184651450928295,-0.09261471066054983,-0.21462300619687957,-0.8686217012656802,-1.122733440116109,-0.662860062451511,-0.5266038154579166,-0.294417572446485,-0.36786990178333157,-0.6558307828713291,-0.5271058754989569,-0.2868822566762101,-0.4954133484631203,-0.026228112549273055,-0.5563494259935929
1991-06-15,0.0,0.0,0.0,0.0,0.0,0.0,0.0,0.0,0.0,0.0,0.0,0.0,0.0,0.0,0.0,0.0,0.0,0.0,0.0,0.0,0.0,0.0,0.0,0.0,0.0,0.0,0.0,0.0,0.0,0.0,0.0,0.0,0.0,0.0,0.0,0.0,0.0,0.0,0.0,0.0,0.0,-0.29460458272421663,-0.842739217146791,-0.374428283855825,-0.6946308670019339,-0.6988676238577535,-0.3042212356607682,-1.0773361882090955,-0.8430886132294103,-0.4288558564487314,-0.8265021937852453,-0.5652110648157278,-0.39541083456289167,-0.4720549876484743,-0.37443320817889475,-0.4153382675140302,-0.5815441680580661,-0.6971604055073325,-0.9037967040215397,-0.6479995873300367,-0.6845064804223532,-0.19058597347329598,-0.5079173015991308,-0.7208412399248924,-0.07991664568206104,-0.5972699387784058,-0.14692458417819906,-0.4042261542269964,-0.13894556212323586,-0.1772883182260342,-1.050363349155362,-1.1043632278168387,-0.8574220664033549,-0.6693444275186256,-0.27298798732141755,-0.4494533273006625,-0.8332548537378685,-0.8022338385609603,-0.31201581968838704,-0.4584356913080669,-0.053550332337366786,-0.6436933788949525
1991-07-15,-0.005484990583774986,-0.047233982772444644,-0.016942118150823155,-0.01767932079735725,-0.0506078119554069,-0.011976622295620106,-0.01789187168635561,-0.02977613894741329,0.0032154677433017427,-0.010140177067258928,-0.020782901412186496,-0.00031397602801565977,-0.04127136708498576,-0.01802421210236878,-0.014246447986184886,-0.005590738906611306,-0.03434645948049279,-0.01501021354433068,-0.024949792732867418,-0.022166542475984152,0.0003221712653334226,-0.0007831499752605225,-0.013463735142881265,-0.022186438120140484,-0.004696491038383945,-0.029302894614793625,-0.009755388095168092,-0.016321429801900694,0.00026114292659664746,-0.040094611515047826,-0.020199060906433513,-0.02813007332590038,-0.026269905182416786,0.007003637218103743,-0.008300561089482957,-0.04003594201008278,-0.023171128673663045,-0.03238738247288513,-0.019365488073650603,2.4112966133088786e-05,-0.0008728853147112215,-0.37978891135964693,-0.8927075265362684,-0.39073680623731466,-0.7427640920483549,-0.8844880464180577,-0.32112677903049774,-1.1092601240157642,-1.0300677904763937,-0.6639713405877496,-0.8607935125084415,-0.7501255125670309,-0.36603431212322063,-0.5076028788855896,-0.453798986950114,-0.4061671781827778,-0.6711074532245025,-0.8881479111806024,-0.8438768904236462,-0.7641524214972888,-0.7227193344006144,-0.24004543996035033,-0.8286164466282591,-0.7559708112225064,-0.1048601797087979,-0.5327674196495524,-0.2181871261677415,-0.4604794924456033,-0.2163416949601394,-0.15623617312554464,-1.238649117371906,-1.088303058733608,-1.0216297916066928,-0.7889955485657886,-0.24184359341052167,-0.4916519593369386,-1.025180109196171,-1.032518219417764,-0.3160087698583406,-0.4434029856121395,-0.09131624605084088,-0.6793922111677811
1991-08-15,-0.05815731429769964,-0.36310967908337033,-0.12947798368175809,-0.2428427155034841,-0.21758749817913656,-0.11244166674268241,-0.2831680423499976,-0.2984838280297883,-0.04695101005592447,-0.1216250156477694,-0.10254692252019355,-0.04055210781873585,-0.23261341070734057,-0.1972271223756015,-0.20436500111539382,-0.07892725051201953,-0.33905737634958116,-0.22518049060046466,-0.1382735669983223,-0.1988759793494053,-0.04794498586534996,-0.08211808753923908,-0.23257497177193212,-0.10591758409594876,-0.022723239194436983,-0.26297637656292755,-0.009447332119562106,-0.05194436900617117,-0.047839929107517325,-0.44875811581152264,-0.29061173064626894,-0.29078623860664427,-0.24198830993521772,-0.041295681104676206,-0.10739321952842541,-0.3400398080499715,-0.1312621206630916,-0.19889895136230348,-0.18624191582995672,0.018141717772136207,-0.08549055423884555,-0.4229630608431101,-0.9702718316087191,-0.40901335468399536,-0.8061886160555108,-1.036505903707657,-0.3223535373854153,-1.1038968118642891,-1.1596860866387642,-0.8473823278708479,-0.9072678346543065,-0.8835295725533568,-0.3285532118791932,-0.6028297072164716,-0.5089557855789836,-0.4065550837816832,-0.7725270750581124,-0.9901301675088362,-0.7820670184167328,-0.870780238890524,-0.7284324994978619,-0.2483453352220374,-1.018365627884687,-0.7960522611968099,-0.1419881590543641,-0.47105500954549234,-0.21892287285841028,-0.4964624357755109,-0.27819846954459093,-0.1695639593608473,-1.369895055132696,-1.068740637920772,-1.1926274940714496,-0.8513142098882892,-0.23495536072576476,-0.4925961073128596,-1.1376863090482143,-1.187412487559078,-0.364516316184533,-0.4518975566636183,-0.14952807647956473,-0.7008191416440844
1991-09-15,-0.21451262427206794,-0.5621546702365081,-0.2768122155370199,-0.5178984120048573,-0.29100905533535903,-0.2674487779539773,-0.6797169765940385,-0.5036203267261952,-0.22037209595494156,-0.42329960637046243,-0.21410435838237296,-0.21231702152012852,-0.34222152519579413,-0.42024462504372323,-0.4901578584652209,-0.30443509073011615,-0.7276053477440021,-0.6827950044926304,-0.23769933289433234,-0.39258993586436763,-0.1522551232256016,-0.24801728492265082,-0.505720377277645,-0.18742205949017476,-0.08965852249213424,-0.5359746002130651,-0.006288678076543316,-0.03604877784428578,-0.14404744423279517,-0.8747607983357439,-0.722675909446108,-0.6287568365898983,-0.5395455756497448,-0.1662087072609638,-0.218435280216018,-0.6954844851451506,-0.21068451003203512,-0.23454065833844903,-0.4611844721522178,-0.053280930295110544,-0.3397881004499312,-0.4379419816015351,-1.0353514253900336,-0.4452965070779839,-0.7993782599435253,-1.1550705303429836,-0.29404508138405283,-1.0920579179830414,-1.1488597281352322,-0.9012337982521196,-0.9338981462377216,-0.9559370919793508,-0.3001972053808396,-0.664656676703447,-0.4985447915587177,-0.39028208951831345,-0.8231075819101185,-0.988694681986806,-0.728867523966039,-0.8872141542347006,-0.7068955782353142,-0.2318489231796298,-1.0775489310835358,-0.8320355364304904,-0.1391085360279232,-0.4135148914553009,-0.18554671108411655,-0.46499174927214576,-0.2584242902550195,-0.1532546527857904,-1.416941089354211,-1.0573392732763243,-1.255003344417866,-0.8782538252027795,-0.22195405341161442,-0.45646312327843747,-1.1379035990347424,-1.1962698145814696,-0.4270646921067118,-0.4331500996003231,-0.14355470024749142,-0.7152909745256778
1991-10-15,-0.3586143030527713,-0.5809031415072553,-0.3396091279881546,-0.5989478745343692,-0.39920861119984624,-0.39536582970562234,-0.8824250336172308,-0.5488202599131976,-0.3514111953989308,-0.7076262367247771,-0.3544832775600753,-0.42438038720300586,-0.35448214643986437,-0.5148930856141115,-0.6420084089258905,-0.4513386891946796,-0.834239420060733,-1.0390537025779685,-0.308970555991579,-0.4868278054492953,-0.2368329187692427,-0.3647383279642061,-0.6397289642069878,-0.19765652877071815,-0.1804904620787293,-0.6835698637815185,0.0062518289094730395,-0.08149046114251658,-0.2562279290125013,-1.031806698695777,-0.9353327292493846,-0.7981415838849685,-0.6854391500085325,-0.30910918851661157,-0.3444644783291222,-0.7983147435626289,-0.32382386868534707,-0.21330327963709472,-0.588370601719886,-0.08636468497281218,-0.5898749132699214,-0.500662704035552,-1.1062300227377702,-0.4801012638746949,-0.7848326453243275,-1.250318321082182,-0.3129001088253591,-1.0422719172640305,-1.1065218061861828,-0.8597948625409287,-0.9561695248863501,-1.004447097561903,-0.3020170233889063,-0.7235253478901407,-0.48203878190498584,-0.3854698868379192,-0.875202270245519,-0.9192571006330942,-0.7021911402311365,-0.8618574820296389,-0.7045615114692342,-0.28041395789675644,-1.0779873773305415,-0.8744351792871353,-0.1551008393326844,-0.41039265538709024,-0.19886876540065349,-0.4620246544206646,-0.2958586929507223,-0.17294011472107465,-1.408724217035939,-1.1096788070001238,-1.277672465661232,-0.8639406982501718,-0.2174423455565987,-0.47190410886063144,-1.0654634699924153,-1.1810736403800084,-0.47644627209706236,-0.4369670241234991,-0.15756023857921161,-0.6912079472228472
1991-11-15,-0.4284172536726161,-0.5601401732627062,-0.35138967035048746,-0.5393938264493199,-0.5061466208705722,-0.4707410923217028,-0.8678792136327448,-0.6362427463176489,-0.4051411778167339,-0.8735983492156832,-0.4882469909893636,-0.5461548195630753,-0.2661563546929144,-0.4986158810172845,-0.6183575246765689,-0.5347244812301665,-0.8588055390043373,-1.1235806167919804,-0.37343893039883147,-0.5478767518567413,-0.281295425462313,-0.4539021483384269,-0.688356960515858,-0.205253325405532,-0.2794352814253039,-0.649786691772021,0.006471686581511066,-0.07235284634766027,-0.29220940480190916,-1.041780586301034,-1.0335071082368932,-0.8236592106404568,-0.6632926891167107,-0.39948740907592967,-0.4152627888301657,-0.8191267374679758,-0.4629351271644861,-0.172790457917369,-0.5646537098535321,-0.07831404738551394,-0.8004773647186804,-0.4723597056507916,-1.0015440790459218,-0.3770726504626826,-0.6873130045073035,-1.175635864133538,-0.2502124324293135,-0.8657892979376407,-0.9473679579260411,-0.7063049536459878,-0.8656249057814103,-0.8884278115737169,-0.21676508981231216,-0.720100261458512,-0.4027216213372981,-0.2917215405603634,-0.8031132648492684,-0.759684149463914,-0.6046974301572215,-0.6975093320991655,-0.5812789516593774,-0.28093781202796714,-0.889483747323991,-0.81274020053089,-0.13352883189819195,-0.35027086152017084,-0.11883467581748769,-0.3820810994591553,-0.23697430839503023,-0.1320483280623456,-1.2672749360910833,-1.0879684954231508,-1.0811448146315363,-0.7040221660798758,-0.2003481977553315,-0.39793277395452803,-0.8993347203045401,-1.0383370875088234,-0.3996771021047277,-0.31393118277107884,-0.12150360033536865,-0.5950898662702998
1991-12-15,-0.5065162375697679,-0.5091072764748138,-0.3367195730044006,-0.40503372249710473,-0.563526786509076,-0.48911671386307515,-0.9248541526204045,-0.6183835641497863,-0.45439880977916663,-1.0835624241659378,-0.5673186660248819,-0.6119881517428621,-0.15753415105949053,-0.4717015926713824,-0.45693819748787146,-0.5994331551922125,-0.838395458392127,-1.1049871554204564,-0.3953450513217738,-0.6567617857053418,-0.247616990395548,-0.5242732278403627,-0.6486763834232211,-0.18012224802216356,-0.38745995203149963,-0.5827497921644558,-0.034502245077633144,-0.13680315894747433,-0.28504544015865246,-1.0369005915028084,-0.9898420378616759,-0.7740803512520094,-0.5670750287034733,-0.4864001622145,-0.5059038091854072,-0.7488198401846368,-0.5763688484994028,-0.20123431256023747,-0.47789867029511274,-0.0813252348601954,-0.9020723259857201,-0.334840851920939,-0.92683154495287,-0.3494720924149021,-0.5237854640936899,-1.1115013336732094,-0.18062553471842677,-0.6863903687714267,-0.7828341161867903,-0.5378353394696516,-0.8276214907760563,-0.7247116527984335,-0.18909572140262124,-0.7080686645732225,-0.33727681323687003,-0.15114987996327298,-0.8068200477787357,-0.5259930390468769,-0.5713408799329701,-0.5488612800033049,-0.49454957877888067,-0.2507685116712773,-0.6382540493172185,-0.7532296236336613,-0.035080591876618515,-0.25952203721317607,-0.036346796630863785,-0.3061473605432665,-0.16712305226188132,-0.0686650718182029,-1.128815477884643,-1.0083074475692928,-0.9006773971815587,-0.5662371774073688,-0.14521407079678325,-0.40604923125803527,-0.6872697681362477,-0.872053060299817,-0.37751146039863914,-0.20383502002537954,-0.04916808393247579,-0.5300543818171897
1992-01-15,-0.5565642868566758,-0.5762656881029083,-0.49620453240628537,-0.4051078771443049,-0.6241592446455047,-0.47943734844373515,-0.8375394086582854,-0.6917458736892425,-0.5225767955543285,-1.3035797662391284,-0.6481440585761531,-0.5913202612455227,-0.19449224901339682,-0.47931047064410187,-0.44963992322701624,-0.7105686672960373,-0.7845793288840186,-1.0101636774123854,-0.4289464510256072,-0.7548276221534737,-0.26887552543270093,-0.6010594620906152,-0.652022730290018,-0.13060552031108622,-0.5133611054791024,-0.5213275083621898,-0.1581922002300856,-0.16978967294836,-0.32762466594515904,-1.0736222355630483,-0.9512306952726317,-0.9476149624765466,-0.5414399708612806,-0.5159525458845097,-0.6263692435039812,-0.7175103787350231,-0.7053639514009702,-0.270783599038193,-0.42748030001491893,-0.1280681512740979,-0.959869462087864,-0.2754773467675203,-0.8406979971563966,-0.32046346885108173,-0.3190072644322007,-0.9210377771707109,-0.08661087051128841,-0.4831281553826572,-0.5961932755385654,-0.4422669715709678,-0.7331060529735808,-0.578808865189172,-0.08021436443893011,-0.5818818129146046,-0.2599620356473776,-0.06364493049987459,-0.7253163016344585,-0.3607963756341092,-0.37067270635364785,-0.5036199441966254,-0.4937899568832868,-0.16080832730925632,-0.4505849016980766,-0.6734094504188102,0.0217458273862844,-0.16709348508122998,0.034369051493968995,-0.31789984531232374,-0.04959012937274961,0.010076459901749288,-1.0074976717104167,-0.8034618107260498,-0.6770552050955566,-0.4568607211833022,-0.049834839727951254,-0.3521750639679915,-0.5274913293492889,-0.6097689572995281,-0.2792242251873918,-0.08842706787293836,0.03838577251041608,-0.3844446215917916
1992-02-15,-0.5190544362572124,-0.5811813949320447,-0.4020002413222898,-0.3798973481125822,-0.686475669053065,-0.4282905548419771,-0.8224432390843223,-0.5379767437336075,-0.4283993300796804,-1.213318450591868,-0.7338738781538061,-0.4544870862382003,-0.23879158083476656,-0.4005967853087226,-0.3654584210844118,-0.7948076638651633,-0.6582757885357379,-0.811621899694911,-0.3294202814813309,-0.8055935495753936,-0.22510965379336811,-0.45957085035968076,-0.5953725394433875,-0.03610675241740457,-0.47973359084650974,-0.3498848661591145,-0.2074680942449012,-0.10070509925911005,-0.24707239569064463,-0.9896251279477233,-0.928207010789675,-0.9435168853835525,-0.5292802363246842,-0.4488075059592089,-0.6933200342897701,-0.6615471356794603,-0.726179090099946,-0.14579699615009484,-0.28217899492663673,-0.04315701146536444,-0.9341199292602606,-0.39600885307476474,-0.7959374536697545,-0.41853810758169624,-0.3630497810792968,-0.86857689737059,-0.15689313144776806,-0.4997018235826409,-0.583283892642537,-0.3541750899076988,-0.7503911503680655,-0.5413602785712337,-0.12590331659783696,-0.5623012298824753,-0.24069661120033128,-0.11852131153804486,-0.7461591738094849,-0.3717633866381984,-0.2574540308709226,-0.3977091264944596,-0.5803440334053437,-0.2064488249043964,-0.43109520465482487,-0.7007245362502088,-0.03963900402151991,-0.23948527032907316,0.0590941305491351,-0.345082390239265,-0.1831649009426938,-0.09598037907709034,-0.9870880456114017,-0.7782483363296587,-0.6774511186972608,-0.358638919345196,-0.13480046861312106,-0.29031965352683414,-0.4454968276594316,-0.6180800850505203,-0.41397209693535464,-0.18281177971015591,0.010583801784171764,-0.49353169737613656
1992-03-15,-0.5238266465520497,-0.606702607746936,-0.34570141174299773,-0.3309669523480336,-0.7407331985223097,-0.4361682290345321,-0.7787440217514262,-0.6269219659861486,-0.4440821267123259,-1.2862838565217263,-0.7859755388939433,-0.44320436351457465,-0.26350945055923714,-0.2945697768740769,-0.27631412958309065,-0.794250352903259,-0.6767162435096786,-0.720870962025664,-0.35508309016689976,-0.8896418401670765,-0.20027880092393033,-0.5028026473983268,-0.5695080715218209,-0.011393522840037298,-0.425011173462909,-0.2491973322510543,-0.30013042914915605,-0.0985269199632313,-0.23348150449410757,-1.0089425115934525,-0.933594605245541,-0.9237682934372916,-0.6520203591612801,-0.3734020227634287,-0.7256941683043587,-0.6720657548095895,-0.7385234853090804,-0.16698085845701036,-0.2196737530287052,-0.04058735486857046,-0.907409929092616,-0.366571587086636,-0.755125254005215,-0.45683713407887705,-0.3144528471965762,-0.8558061473577822,-0.17216976370776518,-0.4848267709285099,-0.5703794326130125,-0.30895184983505214,-0.7464659102339483,-0.5302332909911155,-0.1753059850912936,-0.5723906044444046,-0.21165077326265772,-0.10112377199030058,-0.6953619284613414,-0.33728649118789233,-0.23503337793861875,-0.38368781248841394,-0.5120242767396661,-0.23500885284777703,-0.3303889476567062,-0.7224644978562714,-0.02168698520194259,-0.19605116444588075,0.045683138343770545,-0.30211783024554795,-0.15317942636911883,-0.07241930406088952,-0.8864133634521982,-0.7744616222556612,-0.6938113443468089,-0.3868500639960555,-0.14587886914360085,-0.2590614657494907,-0.4055274278141458,-0.6494784910731711,-0.4299251035328094,-0.1567968946348852,-0.03403497603310709,-0.5403528140575303
1992-04-15,-0.5297451148719775,-0.7169324401007158,-0.41641513127831037,-0.32597289313100225,-0.8704357348048132,-0.5175522190277038,-0.8402326316112808,-0.6293987880269304,-0.47707306426781665,-1.2228858729063579,-0.8153605722597538,-0.47919472527518087,-0.37905464626540053,-0.2942546382798054,-0.2291731844433964,-0.8360557590044424,-0.6896493433408032,-0.7451245071940797,-0.38445982520679456,-1.0104774452741465,-0.2796221086267116,-0.49629058825524613,-0.628205540475767,-0.036433517752312454,-0.47076899342589207,-0.3172961047275005,-0.35373347493027246,-0.1794087704861811,-0.24716701145026942,-1.1256972377368786,-0.9365033988539793,-1.002526325920915,-0.7140869027896629,-0.36914967621925276,-0.7599081666382608,-0.6125779076415713,-0.8347045701913468,-0.2623063159971476,-0.19159284233041288,-0.07508963874103262,-0.9654992807621663,-0.32526984659773167,-0.7280146955878225,-0.3861537031447782,-0.34187920164024765,-0.7818920714869853,-0.16174909971351692,-0.41474037571560207,-0.5509342703357984,-0.25616986739201225,-0.6568461834083313,-0.5387570239800815,-0.13933006262530206,-0.5962219712719807,-0.2584336305950564,-0.11256902440618295,-0.6706106017377635,-0.2333553086444391,-0.2932483620820494,-0.33093704219499326,-0.46995067690708975,-0.2236703361642125,-0.3187527740290189,-0.6558197540069434,-0.011558350497924266,-0.18829871447771152,-0.028250211709226952,-0.2845798905855523,-0.12225838546684646,-0.08590778895310851,-0.8134449589425204,-0.7638352566361376,-0.6868546278809031,-0.36791300884161543,-0.11222120126861967,-0.2959662746372399,-0.3128414968915446,-0.6235002864770075,-0.3618506435111375,-0.10230021054116688,-0.1123553803981951,-0.4928886971298054
1992-05-15,-0.5396554373622732,-0.7971880757079465,-0.42646220656974426,-0.33098625153207456,-0.9722233213910808,-0.4560733828255494,-0.8829065479883035,-0.7064419037405242,-0.42316901469179613,-1.0348300969913413,-0.8463932479426384,-0.4217940715986251,-0.4783746837518736,-0.3706720576993113,-0.1832723443786375,-0.8362393808299776,-0.6669307263093657,-0.7048847364380645,-0.37201435212716655,-1.0284946909459547,-0.311623787198797,-0.4868231182420328,-0.6335565810283206,-0.02839037575824664,-0.4005697245262088,-0.2946742176003802,-0.31925521737462653,-0.21456498312469363,-0.19386674007064822,-1.1816391665166501,-0.8827638389630552,-1.1469585966309699,-0.7402849232287694,-0.3103063861660154,-0.7351429166452986,-0.6112895052595427,-0.8597169690852468,-0.27761874505905576,-0.12201655457853827,-0.04574087957871262,-0.9312956554232232,-0.3037983454340311,-0.7042851369909112,-0.3563175281381861,-0.251872490051637,-0.6475983518272822,-0.12539018910036387,-0.29758528770027226,-0.4435480820065976,-0.1866356149091427,-0.5873571761081876,-0.4648516456814569,-0.06913233448017495,-0.5168868423379284,-0.152181006858825,-0.08128983421431733,-0.5429417760932876,-0.1423079630812814,-0.2122663094443311,-0.28423603068830444,-0.3452767820308323,-0.1813750450831654,-0.2514015708094563,-0.5372912202535921,0.0037336404582092773,-0.18595739747198695,0.0033970598581578213,-0.24736036815025075,-0.10484458526111345,-0.04490106663132948,-0.717784781924257,-0.6589904067614182,-0.5914407204635729,-0.32313014096809345,-0.08214505669643041,-0.24379219515557138,-0.21319526921229823,-0.485268737156246,-0.3096271290292006,-0.050716958327884816,-0.03069410225781501,-0.38301469673033806
1992-06-15,-0.5018295885856804,-0.9072189911962819,-0.4181961561436783,-0.343924280863326,-1.0424917324059684,-0.4143823067825221,-0.9279847297080129,-0.7100884581884674,-0.39245267379961346,-0.9715013887476941,-0.9275440684501679,-0.3611952843183275,-0.5166564094839868,-0.3790929276644517,-0.17498932721018634,-0.8269252021713288,-0.684552795789562,-0.6882365147301758,-0.3396352893318118,-0.9756157721786671,-0.28883326161239037,-0.532113746751066,-0.6315830464250675,-0.01716531523504125,-0.3024796048072053,-0.2704909780727321,-0.29374767824462134,-0.2215225011458154,-0.14156470010137953,-1.2846301078228437,-0.8481284140748683,-1.2348055065761634,-0.7859618321849121,-0.2629339699263396,-0.6958185664928251,-0.6557536286044233,-0.8737965030124571,-0.2837975971752385,-0.13032047546071632,-0.05496447515688399,-0.8363143696096236,-0.22596270677332883,-0.579905482006711,-0.2894374927444907,-0.1559339008712075,-0.5434167981695758,-0.08114938096947356,-0.21057146959311876,-0.3749323742687032,-0.11924247374586806,-0.43562423678421824,-0.3679813930281041,0.003788696801955258,-0.4057940820111204,-0.0828879325181833,0.0057549587777015335,-0.3830188084539243,-0.04870170857610353,-0.16125556979419406,-0.1805689378724136,-0.24149209849355371,-0.1178925490529601,-0.16220180942077914,-0.4371378052748946,0.05483393803085799,-0.07303734690615728,0.07464882736187982,-0.14638930224727856,-0.07757569026464865,0.014275605498972574,-0.5899806813317594,-0.5480153192706246,-0.47635661002625757,-0.2667219249109915,-0.021491339072466864,-0.15811178595334094,-0.1400499079716275,-0.3854454085980667,-0.26231281587162786,0.02879955446498175,0.02138579016868225,-0.2762743723363401
1992-07-15,-0.4409186116943871,-0.9522849391627274,-0.36825691822708295,-0.3513127474729947,-1.0517397905474648,-0.38050227230020345,-0.967310897191159,-0.7378974907056763,-0.3799936470539693,-0.860547629328814,-0.9273808521770217,-0.3188280368393864,-0.554796996753223,-0.39171902237446293,-0.17565230366699028,-0.7875502947370846,-0.6898084835566686,-0.6513243657235034,-0.32497412670679676,-0.9038641585382995,-0.2630535963560054,-0.5326339486236346,-0.6197833948774014,-0.018674237516389764,-0.2522274984562214,-0.2529896563785398,-0.2526850930204349,-0.22492904211263198,-0.10262283432713142,-1.232061784802921,-0.8149099244185519,-1.1912150084125595,-0.8009151589105024,-0.20321789421080738,-0.6361889593901185,-0.6646946822129971,-0.86069782780283,-0.29778647992937807,-0.12256128294693357,-0.040522114442165066,-0.7592241574886117,-0.19622622844131202,-0.5286829965156976,-0.26670491274208796,-0.1552771434256717,-0.4523360388807795,-0.04106802680383018,-0.19396088448858828,-0.343827181479145,-0.11233292016075748,-0.4021759708921337,-0.3230364197049879,0.004345341852903589,-0.411064539314198,-0.08067332054244924,0.016687574365935154,-0.3227749062074998,-0.022712313279753916,-0.15683267162630732,-0.16520272588830515,-0.22376098359103072,-0.11059426903418845,-0.1553198093600147,-0.4030244972810087,0.020725061217304445,-0.05654323410166196,0.04048938068677254,-0.12712068794022807,-0.08820730957688826,0.022499393771255146,-0.520847558580997,-0.47726574263878835,-0.44970829129076434,-0.27142281006246505,-0.025751150594070207,-0.12782530072929202,-0.10763028302097961,-0.3824905017810307,-0.24581809802782617,0.0068450573278014725,0.014552148369949844,-0.21718590960680387
1992-08-15,-0.40141193404551845,-0.9441138120453448,-0.3559464794402925,-0.3489540579422516,-0.9618790638306702,-0.33541236700484234,-0.9473238481788493,-0.7249568471385249,-0.36045768547601686,-0.7512523866930255,-0.8857208476606439,-0.24872439977911523,-0.5844134546074818,-0.4203610232897752,-0.18828429756783602,-0.7198011383702009,-0.6663498947981964,-0.6005675331869044,-0.3467420962818349,-0.7802199895138765,-0.22988776792230936,-0.5187024689943286,-0.5935414236621667,-0.04097461892791582,-0.17960736042794487,-0.2569374065466291,-0.1897577194142506,-0.2397835726811449,-0.0914833053073529,-1.1959105826467353,-0.7485640855485004,-1.1165191793467821,-0.8159917287183577,-0.14833882248785976,-0.5694409167417668,-0.6458660210034365,-0.8181770701093208,-0.31124419704563927,-0.12667780434739193,-0.04248968810553186,-0.6459045169135977,-0.16970323018998515,-0.4475066498768945,-0.23747433996586761,-0.15189490110961804,-0.3826457975041271,-0.04302950978617468,-0.17216409148209624,-0.3079493970525918,-0.1335297553447383,-0.3339058710080271,-0.28339578745876803,-0.03157899047078179,-0.36680845833690706,-0.11428828724744551,-0.0010745099374889933,-0.26385146529831993,-0.029303529876258536,-0.12800011978198467,-0.201943531879076,-0.15641383533764056,-0.09863567790104015,-0.14162765954635256,-0.3838622749566283,0.010024584998662158,-0.07256980932151169,0.01642417381086162,-0.09542320153081187,-0.13497736612435315,-0.009536509141934662,-0.4289047734224378,-0.38438277852486374,-0.4221897791782545,-0.2824816071345317,-0.027485179465418477,-0.11868651556458486,-0.10080238584376673,-0.37531664004634363,-0.21711630740170393,-0.03478253273020168,-0.024430707512121872,-0.1866968745090395
1992-09-15,-0.3787763801930175,-0.8784485517610888,-0.3180809560313094,-0.33675097022307354,-0.8789649440494411,-0.29482017243103886,-0.8885179437772283,-0.7138320751824692,-0.33689569029672034,-0.6230441415301196,-0.7647589895974866,-0.22787152666666208,-0.5579454905840122,-0.3864178031596897,-0.18524948760312965,-0.6506978262656137,-0.6172443026648903,-0.5458672381434236,-0.37691038431316043,-0.7062487128827382,-0.20891273538017638,-0.45306115876161357,-0.5573821324480454,-0.03081499432403499,-0.1449863514715208,-0.2673957007497462,-0.14824274063441867,-0.21966039093947284,-0.08382393519334318,-1.1092073945675907,-0.6624375397511865,-1.01430159418339,-0.8058856891303282,-0.14297591386899575,-0.49782750656535973,-0.5852447312062522,-0.7366999539623498,-0.31971568027036246,-0.11972181696456347,-0.02907984473732676,-0.5699076220102242,-0.13372324850696074,-0.3539093137843505,-0.2373981838538112,-0.12493938690436328,-0.2828589254515325,-0.033132735854402205,-0.14824910838074812,-0.252588080866769,-0.08915855860785284,-0.26184526144012527,-0.24990758523585146,-0.015882768739387595,-0.35363193911463703,-0.09116313319622833,0.01862753388938863,-0.19219363589059793,-0.004628998182306517,-0.09444228409154891,-0.21118175219518767,-0.09676473061584573,-0.06801822683310763,-0.0936438364579682,-0.3274787422323758,0.013710772662392186,-0.048727296520690834,0.03469081137381995,-0.07840378501492355,-0.12352268091703829,-0.001475168612406291,-0.33822863827041433,-0.3031298866164746,-0.361592291800611,-0.2310754906269257,-0.020296653284980117,-0.08108786987567923,-0.07603856819978035,-0.3027811522574679,-0.2035308065017435,-0.008419249800766542,-0.008077388980953977,-0.1462316596838198
1992-10-15,-0.3504232681776189,-0.8211908511165662,-0.3704366279081783,-0.3346672277070033,-0.7814529311366134,-0.3078978779927296,-0.8035403145336542,-0.6786493527206141,-0.31868118705015175,-0.5212839343642741,-0.6922280508691049,-0.18658044249976655,-0.5244299990346797,-0.36391006353784094,-0.16662884383934665,-0.6023486615693837,-0.5892903710776173,-0.4969926149099388,-0.33609832226566544,-0.6322070509725953,-0.19247535435184213,-0.41911425828978405,-0.5204623288573124,-0.051015376884836934,-0.08997753631739429,-0.29307788592090045,-0.13834324420889269,-0.17795354608491806,-0.09565671163683835,-1.041567800609654,-0.609911376964962,-0.9205277046165201,-0.7730609639448606,-0.13744602026002475,-0.464961217375154,-0.5234671495788444,-0.6352443463243956,-0.339713861690827,-0.1439330951182049,-0.025398302290897835,-0.5214916316438606,-0.11966438776126524,-0.30207848611534993,-0.20906655874494232,-0.13429697244525407,-0.2524834529383497,-0.056316442166018055,-0.13692345811748718,-0.2112804798603581,-0.1177491879773332,-0.24904496496234627,-0.2490010258006885,-0.06165952077757847,-0.31249967161273395,-0.11002490872245368,0.001044623741181901,-0.16687015180571993,0.0012849987729017496,-0.06885310517243731,-0.21797945141403882,-0.08579520938092676,-0.05693425870629446,-0.1183901070955331,-0.29410243199503905,-0.00912313269184232,-0.03319892634441625,0.029417216649705865,-0.09973138509838435,-0.13440366831465725,-0.022890245449160313,-0.3005558735285094,-0.2621312244699188,-0.31720502294052577,-0.22971736389523897,-0.03876670187118544,-0.06872090234036336,-0.06584597343428508,-0.28671103868566966,-0.20833355700651648,-0.007975724511444814,-0.04236637335428931,-0.1597118765933304
1992-11-15,-0.2925669239971127,-0.6988363302519822,-0.31713913893754125,-0.26862626013737817,-0.6594038358115072,-0.2901215569038575,-0.700523328669822,-0.5666733927234656,-0.22711138632026326,-0.44361380662238586,-0.5560922342015351,-0.11803940905427708,-0.4587076360606668,-0.3435997456832169,-0.10600330703744083,-0.5495703960191267,-0.5135936811245743,-0.4356517800943145,-0.26028399777994177,-0.5655672608513246,-0.19837850227964807,-0.3440277754431668,-0.4864762468460741,-0.030422276368778815,-0.05280496743153018,-0.2755747150288358,-0.13425854193566694,-0.16117716101660454,-0.10294687420795612,-0.8791957411003105,-0.5513929680856309,-0.7859762132247824,-0.6631310357823235,-0.15104751105416847,-0.4401024913979912,-0.42009454482834957,-0.5041358970443311,-0.33690314412813244,-0.1367095147135997,-0.025341568499652148,-0.4449727607338751,-0.04283537768515457,-0.24136878555738403,-0.16347874559881925,-0.04107476250557349,-0.14420485658365909,0.036258314218017514,-0.03501971097663711,-0.09906562202403597,-0.07536062813905225,-0.15986705190453324,-0.1467275251247029,-0.024629989485243624,-0.200340237756107,-0.09389284664421628,0.05554653968596477,-0.0850652250743265,0.026585521698232324,-0.02500557487034885,-0.167427688898664,-0.028609266140986665,0.025478089553660987,-0.09164569400822152,-0.20797273951086273,0.05157035193735419,-0.03724254879920352,0.06209132087700672,-0.002966560274462293,-0.08839790389066339,-0.03981874266461218,-0.13819098691809564,-0.16260936620335015,-0.21237860151729557,-0.21094430871543815,-0.02330607632971651,0.038173474584133525,0.014710295774612995,-0.22038179756759058,-0.14269965317438751,0.050412325189959424,-0.00261449372176926,-0.09588666247359724
1992-12-15,-0.2596941607749713,-0.5989858447834829,-0.2971667016645446,-0.16977021994232663,-0.6152871343480015,-0.2347654449046039,-0.6016473626816964,-0.4364412232561259,-0.16042994701051153,-0.35382295874000463,-0.4790770913168196,-0.11366513934221574,-0.48476093133962994,-0.3098190137232566,-0.05764441670634424,-0.538395699938832,-0.38809895412315304,-0.3553846526019777,-0.2089731862236522,-0.5435830859408249,-0.17843891090942798,-0.286383766282629,-0.45766583502323893,-0.05961478898491714,-0.05379439366588229,-0.24949990052996515,-0.10623714070345795,-0.15185491661919612,-0.10470322814190662,-0.8228613181885112,-0.48833258150430287,-0.7288762401755728,-0.543732212600585,-0.10069675970300962,-0.37080111119379633,-0.35319455201208133,-0.40750315658959835,-0.3370967131541753,-0.13918152972127215,-0.037176340237259305,-0.41321762309617016,0.02725225794610096,-0.19140512629486994,-0.1560331746763529,-0.03910065893939943,-0.1212925153656375,0.08746402057746265,-0.006550772272924329,-0.05430072583332526,-0.059985202263912435,-0.01926262338157238,-0.11671890369144272,-0.009592554264129879,-0.15322157979683335,-0.07021024698264748,0.11529058151686196,-0.04118725456771799,0.07228323608401556,0.038175520497718385,-0.1493118690018581,0.013442144873487926,0.036494713017708715,-0.03664784955552625,-0.20465250773033028,0.07309756224653714,-0.008790876549977816,0.08432676099818132,-0.018731670607857947,-0.033304553400009776,0.008759206684290958,-0.038615971294502394,-0.10057165852881521,-0.08937745736825631,-0.1738904593715348,-0.006510647995784625,0.035230336646875325,0.04037603049526398,-0.1631105030411036,-0.13484984797221258,0.06459983239375591,0.07656329349881835,-0.016517931927707202
1993-01-15,-0.23425544009024302,-0.5339953306449329,-0.24873729394359348,-0.13409294049317286,-0.5167064483556308,-0.16919621926568992,-0.49534815852548625,-0.3477184308139321,-0.13430056695417983,-0.3088079223432603,-0.36853431966157707,-0.09845254744751863,-0.4621473518725758,-0.23334253256689652,0.02996891379054471,-0.4765309038317827,-0.3022124215745752,-0.32994157039727556,-0.15304949655806155,-0.49010183761046894,-0.14201904079756175,-0.14405879851772757,-0.3811231304008462,-0.0046425185966947,0.006649454087817068,-0.20384191128058662,-0.014573506574020656,-0.13115509403122252,-0.038127967319335425,-0.6834469350913205,-0.42952796756941153,-0.5828522832684649,-0.4111088457804795,0.022282129225751336,-0.32932934382330453,-0.30534723377774103,-0.29046794467074255,-0.3367957093699275,-0.08683133486356974,-0.05288525671905895,-0.38186686139754694,0.02055953957400598,-0.1594980362421046,-0.09253540584803938,-0.08318929376239513,-0.08916593402742584,0.07635193492294123,-0.03822091407717361,-0.002385087610665785,0.012466137674294192,0.012836601020000967,-0.05946307754615868,-0.03676848968772608,-0.18407153542962543,-0.05382818206782695,0.09321119365865606,-0.008677088989898326,0.11523419444262649,0.0531732391162626,-0.10624557161454097,-0.003557768301592809,-0.014240061910311233,-0.02187898466212826,-0.22021644263051185,0.06115591454493682,0.02969042305148727,0.016361946530052334,0.025636585849741867,-0.020604773732218164,0.010688318358156895,0.011501628271352093,-0.07010680195116431,-0.021349842049390777,-0.09654316559566745,0.011754459742842208,0.024673044517253856,0.07920964172700824,-0.06629590996352609,-0.022584143280604634,0.0368056327257992,0.03587792190325056,-0.03826579997833241
1993-02-15,-0.23942210887340243,-0.5175638585947532,-0.26186358059321396,-0.15990557077405806,-0.43443782571121753,-0.20681736179567636,-0.47473401567423384,-0.2773501126530121,-0.11152777440460422,-0.2630127995780385,-0.3498508068331276,-0.0732824065132807,-0.4604791182775427,-0.23295925428589967,-0.011195432352937943,-0.41974466134427746,-0.20134446715599777,-0.25329939858885736,-0.1277593864486404,-0.4480873778918095,-0.1069616497261709,-0.1274863429078363,-0.38390885010251047,-0.01296821675994314,-0.030380692742347042,-0.13064604747254374,-0.06402125606250389,-0.09410495112004096,-0.06976417802218109,-0.5886484297442377,-0.3842194521090736,-0.515829778256482,-0.3360156842372389,0.018623529760437924,-0.3473725998785742,-0.23014467720434015,-0.2623471074846316,-0.3045988524220959,-0.05349360535783589,-0.0434772243895327,-0.32251888322533273,-0.009455355870097345,-0.03858030312704056,-0.11062906257730952,-0.05585344777787172,0.011084727595100255,0.09410206105130643,-0.0038857779337261125,0.020601201542946684,0.10304690813566718,-0.029852962715696634,-0.047812373596629626,0.01969408827947219,-0.15000347680481865,-0.03930401921159941,0.10013054464671185,0.04188193981688226,0.023566291395045624,0.05917602944275279,-0.0353604770584666,0.004041600501550964,-0.006790006583827631,0.03225046144627599,-0.11267108455149195,0.0583522742569954,0.06321948423885419,0.05858302692910137,0.044125156426411856,0.005732303412068873,0.017429742327537818,0.03327814650594566,-0.029600752806487645,-0.07584706704525528,-0.05863013450231768,0.029871988623536332,0.006882620985263141,0.09615691893341932,-0.04941539420543554,-0.008823986535692052,0.05589948795503432,-0.00872327735063865,-0.04130001748175028
1993-03-15,-0.2570575324168413,-0.5162021896399441,-0.2564886998845531,-0.15310061541228434,-0.41617827397776375,-0.21197847941565148,-0.36222501555013964,-0.26736147901917495,-0.09393983528181366,-0.22618345920357974,-0.2911181871126411,-0.08412285074314768,-0.3948862422204737,-0.210234735846525,-0.028396363050309594,-0.30302784970142976,-0.13122751055963705,-0.14485501638033815,-0.07855181725301347,-0.35706497052106645,-0.13724326732374334,-0.07552613777399049,-0.32260053028520613,-0.03670138696121852,-0.01056043036433533,-0.11021579051669185,-0.07935272336719905,-0.10023309243292773,-0.12486076853293926,-0.48742363001067024,-0.3092522003699976,-0.3988444803327034,-0.3719501188598986,0.009842695633816664,-0.3282695724423825,-0.1922224901538004,-0.2303490657326248,-0.2878423948976406,-0.06230448430061586,-0.06621198465366963,-0.2556506646183596,-0.0032368198457947326,-0.024270001943490938,-0.08251326742223924,0.07292118377269582,0.08105409221761538,0.13891428978071732,0.0005287727881617734,0.07587668632965892,0.10241080640397066,0.03615043632792223,0.03273412190223493,0.02122086573359362,-0.08045718021598078,-0.006888377295977347,0.060859859956991814,0.08825850509564521,0.12245238428723353,0.1282194329827565,0.015144035975807333,0.06510782840133104,0.01733201045647903,0.05770590798979295,-0.04630423428567082,0.07511203811711885,0.0926882431613731,0.10537195193257988,0.08640897236852112,0.05709760170391057,0.019977909616915212,0.038865429889392365,0.037587332278832854,0.00020218226533648062,0.021524409089563056,0.04931495808249029,0.0329352061571904,0.14816909516837748,-0.017059080802315746,-0.04555699231261482,0.06276850375401137,0.044513588829559,-0.006255037654806335
1993-04-15,-0.14491355232691958,-0.40968956807118023,-0.15959339178145635,-0.050380366629467294,-0.22652342321799232,-0.1309246101507152,-0.20078358624409787,-0.17074221972316403,-0.017882439994003366,-0.07473041247359463,-0.136700197144899,-0.06816696725570355,-0.30725052051139573,-0.09330408186627763,0.08399792528747226,-0.13156980058848344,0.0037839099307464727,-0.026363802951423015,0.07938634158269887,-0.1685142862457852,-0.09273251636873193,-0.0076326792708141895,-0.235248160677671,0.02728072775164749,0.04905450427376695,-0.0451374513995997,-0.02173310587882542,-0.09959999177148128,-0.0618269093531438,-0.31446295719559614,-0.14935668110903177,-0.23435211869304806,-0.22413078932239747,0.09992024657954394,-0.203444551183856,-0.09431192709436902,-0.045317416163188184,-0.21843438887225944,0.021350287852920303,0.02139683968715148,-0.14273759901822605,-9.15875636777035e-05,0.01771211045357354,-0.03684712575221103,0.07996708168121879,0.022669992126555145,0.1316926775250016,0.05399338323706976,0.07322364736743137,0.058874209549302364,0.08798155492012778,0.0930010976014498,-0.0004493681422412038,-0.025103811751574095,-0.016299532844164542,0.07506849940703704,0.057764917964313094,0.10384462737682675,0.18668722360561782,0.054423889371555866,0.09248522590333293,0.007639030698860614,0.1021594426050908,-0.02522910410984755,0.06488906348535439,0.09041306010535599,0.09602130353457261,0.059476685504568465,0.049663211656993694,0.04791689890717915,0.06279039078108778,0.09319355757127241,0.06095095507486529,0.008560024412131037,0.030479967693893887,0.06541852984866342,0.1532430291663696,-0.006648569662735432,-0.08280278457480872,0.09463492121982968,0.09738637899844367,0.04926270307405215
1993-05-15,-0.11338469484060763,-0.29385049202020125,-0.14762588485299366,-0.06685637424556888,-0.17926086640348907,-0.10914712966021382,-0.18592282662289425,-0.09058641919373256,0.03877862541061034,-0.013120188990140252,-0.08107048137276174,-0.016424973769685495,-0.24802587640974097,-0.0717315637648903,0.07883514112975605,-0.168484977738642,0.005766905193031339,-0.032462112389269,0.03287502962128965,-0.17676671993225593,-0.023347181311563898,-0.00854964123314469,-0.20027259127614264,0.022378660717138094,0.07206806224419804,-0.0358976014280398,0.04693751801190626,-0.057926268939935334,-0.02002541311682994,-0.24017306394166016,-0.10489585034619416,-0.16167606030217826,-0.16547578362448243,0.10042979482542186,-0.11921887877912352,-0.039001623269427715,-0.016451720395483118,-0.18667619580935643,0.04210626304474732,0.035706577176273256,-0.0672644108952003,0.031559174286547344,0.03505578798049981,-0.02624465737943656,0.04312924904562978,0.07268684216281003,0.0844392619983304,0.07036502981749004,0.09654350674759034,0.06831374462731454,0.10720888149480519,0.06066976917325006,-0.004750110332177264,-0.008821588697584386,0.004557691987838179,0.09984230662560879,0.09768140750646319,0.10441694631297867,0.17437504335350118,0.04592168676617381,0.10502776826291273,0.03332086567221053,0.06013764297060437,-0.016245165260830998,0.037523087260917694,0.08651595474508532,0.05429607201443964,0.10734528632315558,-0.002708451756083275,0.04555477306193834,0.07990377554992746,0.1040430848657094,0.07761804738006357,0.037602799196680255,0.042079143241980255,0.057582938251681204,0.13636433533846262,0.032599525335021425,-0.028307076842403012,0.05205627858478797,0.05137696216833377,0.0708360459815124
1993-06-15,-0.1416253323428064,-0.2992394625874861,-0.18499037401090193,-0.08324954557877673,-0.1779953253916913,-0.11044427235747317,-0.1686986189794637,-0.10600291032494125,-0.01822426849699408,-0.026343060723836145,-0.11407260278696335,-0.05194912325595328,-0.2685211253850754,-0.11997349049745402,0.035002532641175754,-0.17123656325029382,-0.05646383494715756,-0.07028122055841675,-0.05498946093058426,-0.16051199113370623,-0.07711926092723419,-0.013610731317657937,-0.2058575437999228,-0.02436136261368124,0.02020753522679428,-0.050201081947001784,0.013766964571128658,-0.07494309369531066,-0.07045720438901466,-0.224335700457177,-0.15024863416111267,-0.1696015640961096,-0.19805080561078073,0.023185665649486282,-0.17423534895320533,-0.063470812495255,-0.08292102856854806,-0.2198542427496205,-0.012492045353183961,-0.031183554849585893,-0.09465683658065023,0.05757015277593122,0.05193614384677927,0.009386922416980517,0.060238435872258356,0.11764594647066297,0.07631606433389419,0.11064347205574578,0.09442217686857425,0.08466031713582899,0.10346372490736734,0.0632545307947162,0.004976004802316791,-0.0050564932597767535,0.026056460117544773,0.0884768819722242,0.11639359363018299,0.14790033549172232,0.1416495394308591,0.03560357301955319,0.10332063999985396,0.03767142589629439,0.07538958165385465,0.0062860205939287185,0.07323227391834883,0.10080449057960976,0.047455987064178355,0.10408416007700054,0.013943103227012832,0.03714707821682976,0.12103008823757949,0.13264378486925016,0.09876777819461224,0.0318153363282903,0.0878885180666731,0.08625727186016154,0.13548351516145737,0.07776646125479662,-0.016650521633757704,0.04362732036376682,0.04546165141432679,0.08390710718129034
1993-07-15,-0.11565005671705925,-0.21006112133083887,-0.11833132950243895,-0.05453936084941524,-0.1347805352538655,-0.07867671958532439,-0.12292052380601654,-0.05233286370658302,0.011360720252988865,0.03678843824420014,-0.05439178064386829,-0.017150155666759762,-0.1900979356328212,-0.09188414540572305,0.0761665919396015,-0.11068073375711439,-0.034047698632101914,-0.032413332014251846,-0.0073446051572542475,-0.10728065030794286,-0.03902616709170307,0.036914155645077225,-0.13910929348469453,0.01870665403314221,0.0477599992490533,-0.029971949237915504,0.01745050855727247,-0.046041988746809,-0.03424196658087187,-0.11514394655378152,-0.06302733904358279,-0.08575723230169528,-0.1669116805088837,0.03553393291848756,-0.11848304605803756,-0.021633055576223997,-0.006683269384647924,-0.1454643141743959,-0.0013877914049776226,-0.016577507977361204,-0.046779755665562174,0.03513809681411379,0.05040847208426574,0.006327418042385162,0.03529725312835044,0.09000830351726317,0.04521393346140121,0.09257717741819282,0.0973184678158454,0.0502605496097893,0.09995696569049196,0.05188994505148983,0.005852534380813651,-0.000965873196081968,0.0030984008866497895,0.05216611256451314,0.0944477296710416,0.11948185270760603,0.0938106091331654,0.03313314930261769,0.08799073922856605,0.014063412991316554,0.06713679271556257,-0.0014514580407169238,0.0430766259535997,0.05798441800577947,0.023596291916501047,0.07494748266928242,-0.029047187609195183,0.021074697548068455,0.10759391646992005,0.124698241085339,0.07173291521339356,0.010196687348794404,0.06351040610783341,0.061716433999527566,0.09026487936292875,0.046829933496890686,-0.023015737771567818,0.015788901288835457,0.03926742335426747,0.06319268040212891
1993-08-15,-0.11085434174013585,-0.16569842506243523,-0.10003429480062503,-0.04819716033426493,-0.100668420292379,-0.06862529261620913,-0.07938878549502194,-0.07325494266459014,-0.005796465741663356,0.03297712408801507,-0.03470429205712061,-0.01586147989256479,-0.15970379562913498,-0.07859982337873193,0.031935582202131454,-0.07846735595582632,-0.016662593914024238,0.006417616548229692,-0.0063505359613483066,-0.07846417890851974,-0.04886488993977303,0.04438064574021842,-0.11915297309439414,-0.025004322786855895,0.038023902919770584,-0.05707594791871539,0.010535128359212624,-0.051853961422831475,-0.025754535780161545,-0.08164746441916083,-0.052134722434007456,-0.06764252710050501,-0.1294998927721369,0.04542454247290567,-0.08333674311326472,-0.012825594045819988,-0.0585576408121189,-0.11336331755172041,-0.0059156635323352755,-0.021368812868404124,-0.019253400949208906,0.0417065122807718,0.05396440719022965,-0.01775262058399836,0.025202689629639095,0.0715393911871499,0.00748987658535806,0.08664904270551589,0.06640665518197694,0.03340437677351476,0.0751420448959892,0.04050149368804342,-0.02006461992993729,-0.01273233405914066,-0.010924246609117292,0.042590425961275824,0.08503932983456174,0.07824595254456868,0.08410553367000963,0.010220430546606414,0.07073022090930094,-0.0008910479047986921,0.06823934351058657,-0.014447791417868339,0.01224552956983966,0.03866071598128328,0.02116673080205742,0.03663915020734288,-0.05050322883716248,0.004594921901141906,0.0848424447119727,0.10735485728331302,0.06111181005224333,-0.01496759325432607,0.04549103195284141,0.03757482545216858,0.09280834746117707,0.031377181883311726,-0.03385339629366875,0.023393363856310332,-0.02027088592940284,0.045527811205611134
1993-09-15,-0.09885310228325371,-0.1273916265706083,-0.08775119778151148,-0.04920413367586626,-0.06751385850977587,-0.05768305286979377,-0.07002233374978868,-0.056647159454404815,0.0009278953585885157,0.042381408482658534,-0.015851880117752005,0.006178540801216787,-0.11459867847701995,-0.08514127211885952,0.04428548189535473,-0.039039172952151015,-0.01689335252208134,0.017459746723456484,-0.0009745532294060574,-0.05397211011694386,-0.023632269513234175,0.04525956372377025,-0.11282267624218008,-0.026444821694034466,0.05984856840665759,-0.059772315101420094,0.013415280218671763,-0.044155124705952675,-0.03381419417352932,-0.030021108397163692,-0.019303452454470377,-0.015172946529332439,-0.10474085180524574,0.043571282362044494,-0.05152797163236348,0.00018923757585440534,-0.03313106449423535,-0.08490964946073327,-0.02413220643064538,-0.007321930182315399,-0.004774124178985213,0.020863682949120912,0.0656836879711007,-0.024735919714362065,0.05053321489797089,0.07994385913511652,0.024907271910851254,0.08365682515743057,0.04834062457090077,0.04670978740775502,0.055343287225781856,0.04196072899231554,-0.00989952095023818,0.005016164469664023,-0.04332018864724609,0.02735990847526282,0.0723254686266413,0.06875694518871592,0.07524676137902715,0.02464313104057986,0.060371549274610255,-0.030999743843567896,0.058869729742628406,0.007288899663882724,-0.005414476307442999,0.042823462824827574,0.028067530328352408,0.030396130785844636,-0.047504325320661844,0.00032890655988572666,0.08333924773601771,0.10675308687832823,0.08201453132098652,-0.016862841247002245,0.055768241067457536,0.03240558897935881,0.08704941530622701,0.036533201681662214,0.007006846595127725,0.00839530898464848,-0.025875469788904887,0.05714720245222658
1993-10-15,-0.05649154963549763,-0.05967843829566185,-0.04788506453374166,-0.013652949391979516,-0.004986931533602408,-0.037895818413918494,-0.0527617572612794,-0.05308016719466213,0.01918520224230409,0.09459796079582793,0.02407466255076662,0.04284686586276953,-0.07261271522084296,-0.08928539002247406,0.07367984723875644,0.00901547083473172,0.005907813915301481,0.056448429192510606,0.0374093346578177,0.010185501179477328,0.023613817194667316,0.0782476054563256,-0.06655536124300195,7.35128364201254e-05,0.09729908298281575,-0.011870683134095672,0.0163819343021856,0.001078117900474727,-0.007830696461658307,0.04974039416624352,-0.008150148173952987,0.024880778571421458,-0.09115349284238033,0.08172792801924007,-0.01664489875306466,0.040201593256695534,0.026914090200343535,-0.04838068939163432,-0.008066478525304883,-0.004040427957726011,0.05313373988776631,0.014331129395701879,0.05774220843812905,-0.010903279030789144,0.05655534494828243,0.07988676859375506,0.031105331821679263,0.12429091974305406,0.06492853625518584,0.042555729245367546,0.05227663524348056,0.026127460343964192,-0.0003243013416030782,0.016694152804482894,-0.02037912420320974,0.07210583540518671,0.07069061183020889,0.04613320107798144,0.08131816466866786,0.02059877247984469,0.060591789236117355,-0.026072367038574823,0.07344012041203428,0.05053254788554101,0.0032091877371352487,0.03073757670758272,0.034156750930802206,0.057259830106196154,-0.018272997226794693,0.01808816084696693,0.07337143884140547,0.0777413949741613,0.06718150738864632,0.01971935441208863,0.05548907090459787,0.0594441593524487,0.10535430369446246,0.05604751488722393,0.00624772847042572,0.009221161988262007,-0.012175926481430129,0.07445671826348323
1993-11-15,-0.00378268622347451,-0.010039700398183917,-0.006757863802689085,0.026702498544824205,0.06756068270841271,-0.019480125934815656,0.0322095164312183,0.031234813929218907,0.035404046853891195,0.1714016114433277,0.07562310209431053,0.08843314249621535,-0.04088186637467556,0.014107550342329125,0.0732821868041204,0.0317291800821208,0.040967494067062564,0.1454608501887771,0.11193807000414409,0.045706505818532216,0.05703962504111539,0.15034430367726795,-0.03149442134198897,0.012029664444473682,0.13911532433931614,0.06621520317640739,0.03307713495618367,0.06018141621683165,0.05115600086016089,0.12901235993031757,0.09018226601387862,0.06636732598076685,-0.020295017626801123,0.0718350600768071,0.057104521631579704,0.10766116462109758,0.05000376324526711,0.015234662699230387,0.05887660746618478,0.07251749055633444,0.10833708368883292,0.025792000051903945,0.07071049642831313,-0.03072695317376052,0.06734045594620026,0.07977827034646888,0.037298646811876814,0.14220395024206228,0.09069703232103048,0.04143276868239378,0.1098927719221609,0.0521790225699848,-0.00921038504091845,0.05821341066136764,-0.02752255280911577,0.05581178918424074,0.11517273031569693,0.06685000749089848,0.10097988768933357,-0.0263882519381133,0.06116403331503734,-0.010404695894811522,0.05271572504584676,0.0205618778582168,-0.008387991883343751,0.011154756706975402,0.05662698697704483,0.07621050444835052,-0.002922636613908245,0.01974704358609296,0.04679214013354413,0.10627298078068337,0.07184126571275706,0.03132716525876574,0.04320960208889779,0.03304357247971207,0.07800903724549067,0.06916448134965315,0.018357135606709967,0.026292795530606188,0.024373089205553217,0.08685096941071202
1993-12-15,0.13018067862326377,0.05987541773142424,0.06242539485347509,0.13434496978202828,0.11406318722352397,0.08987657075355243,0.1028060033639188,0.1320365819589819,0.06678048025180493,0.2244335458657359,0.09716469065061824,0.10921309961549801,-0.019092628840632453,0.10503065142132832,0.09526132705934415,0.040298555342831756,0.08548918026181367,0.2087462470661067,0.17395500857524385,0.12692238964604544,0.09725844944910543,0.12833102468518587,0.018781066430820077,0.1088125163486255,0.16523701026222867,0.11516810463713782,0.10302608288946795,0.11637124780763429,0.08986374833042136,0.2191661771739136,0.15984687480031315,0.15280509682722906,0.047517230610387116,0.08240732871251978,0.09188689823741773,0.1522029543091252,0.10898161961856644,0.05942155790678242,0.08292917677342591,0.06525129652241288,0.14977545400885575,0.005448682079303889,0.07574010043178292,-0.07836685526869604,0.046297895087092346,0.05135158081890326,0.0637966261939839,0.16801901159095176,0.10703415653217428,0.02798419847998636,0.06960756339965275,0.0033069313025360647,-0.0234345607652021,0.03726666805753414,-0.030515294905831016,0.08248023682625695,0.12301162156148811,0.06652650175432011,0.10564823312450074,-0.024951838439328505,0.05183603852680091,-0.001131245386881627,0.05931875125555592,-0.024836251211048873,-0.0338672986961877,0.0015421192549429248,0.021500389864338932,0.033137881460212126,-0.025897760606370602,-0.015583545258406448,0.09443602661680679,0.112441016452282,0.07969140446693593,0.020411708245175613,0.021497873478642137,0.005568921917939794,0.0879360552871364,0.062095476933169635,-0.011665835573844088,0.05741214766639815,0.017810259766512255,0.062341566658873075
1994-01-15,0.12644633638266134,0.12231481082325,-0.002122269664720682,0.04329763884975956,0.06758103187793,0.03621723123693805,0.008563180725466801,0.05506171597687163,0.08105657573618426,0.09751391998544919,0.03654366854127486,-0.009207918838481674,0.009307374452611825,-0.008132210087428093,0.02265980014218008,0.04450249165762039,0.08314619024640128,0.14709125039029103,0.10605498496631029,0.10682483427024914,0.07378808587159469,0.059559159098032916,-0.0328178758381393,0.03329260981069892,0.05319376153250047,0.007732758589773019,0.06040916085439474,0.039363068492006076,0.05631900831791836,0.19458723601237102,0.14038009164679024,0.14638079280802468,-0.02259681744871962,0.06032473806278025,0.018405851182311323,0.10628822936826698,0.119541772924405,0.05971307523782956,0.017828636852742788,-0.020389671832725376,0.19371084155596385,-0.004165540141539025,0.16388110328475813,0.02886161058679354,0.09297896495062419,0.08231742706337251,0.047373798129526086,0.1561143608840682,0.11990051595035968,0.11471791083118522,0.08141508368446718,0.022623781161001073,-0.004151943062484638,0.06505260339927497,-0.00027892160908744396,0.05559863409760787,0.1124431170708448,0.1683126821168698,0.09951855514155376,-0.01278860020771209,0.11097502825647926,0.1055232244199766,0.14196656422865833,0.05871265451033375,0.007456222130677666,0.037133306388288996,0.0350108342250564,0.046467369305249945,0.0169228285409538,0.03655393023786443,0.15074680329977697,0.0957185661025321,0.1248307436619533,0.07099500154087264,0.04644487615497872,0.08865780688674972,0.0821000313479781,0.16167867980967657,0.013675889070876487,0.07599390107314366,0.07795891134340839,0.10360761428079113
1994-02-15,-0.028112214757660042,0.03907823823647268,-0.09541469436751669,-0.06792402289366907,0.04949610089463035,-0.044990906577789015,0.02056873488886901,-0.0026962742049824184,0.10779284261985474,0.09875868422903515,0.05545330858622638,0.04150571963578773,-0.06802229186576814,-0.0058077624151564216,0.05181667238889795,0.053518318340270425,0.06902196972555996,0.13095970712379149,0.04412600903517061,0.008577839267061016,0.03640332543764422,0.03950841352379151,-0.02455285599537893,-0.010817122701337731,0.05445986385325365,-0.04039367934138579,0.045476631269894464,-0.010362112083348585,-0.018575043257371655,0.16052599141504606,0.11521642483440976,0.10860833283719086,-0.017586513044732393,0.024932394082247344,0.039394556568392164,0.11438785025699605,0.11430083292234776,-0.004205470256469761,0.026573904372752363,-0.043217401365802634,0.1410398321386093,0.09614415124921281,0.13532203448863175,0.050064635889574695,0.20501366940077034,0.16143726494645771,0.08241728951879447,0.14419353322619477,0.17974153928132386,0.15904444923494798,0.18828188979262403,0.15287587821058587,0.08262839516037661,0.14128064864285758,0.029456379306775027,0.18862191454527102,0.15868690275031122,0.2196421686348773,0.2048853871076494,0.09045642426784639,0.12071275542725422,0.1369101639405787,0.20585329061569704,0.12801798219389557,0.05377742390258866,0.060923903331771306,0.10392622318388013,0.13391971657203844,0.07301161085189113,0.06584309892764288,0.19156238803010575,0.18817145280603495,0.1680595146150526,0.10887985482736412,0.0965590248761813,0.07292630571623397,0.14621623252510726,0.1932284387261517,0.10532002351131321,0.1323470851347888,0.06410264581898877,0.17581718151157832
1994-03-15,-0.07316348700915859,0.04103319393531534,-0.04628849148157074,-0.03814069961753636,0.06430546577059287,-0.022207610719418774,0.017457196526661306,0.058897212558280475,0.09481063739666029,0.11559148689186788,0.11367831237105841,0.07188180506384066,-0.024622444512896746,0.013995479481506251,0.012783934642613376,0.05719517529737891,0.09702911369467264,0.13209931903098668,0.034481948849819,0.040251519591613216,0.05701627148927154,0.034720086909254044,0.012244586429308535,0.009570140652336126,0.05160637963288722,0.01723278251398208,0.04820170044303834,0.031439350185369204,-0.01748711113584452,0.18957043385436204,0.0902619981142921,0.1434024953969555,0.005705577285672762,0.049608093828090144,0.0011545645396818238,0.09391069712403154,0.10191437715352458,0.04748359442810115,0.03943373904748059,-0.02945770242942049,0.1604071088676042,0.07193224203017616,0.15091548683097675,0.08737367428634642,0.1718508294038604,0.12282200946413259,0.14575132726050113,0.12010803326573426,0.15401073998414994,0.08889590570120591,0.1566264946055145,0.10386232425925161,0.09895644698125901,0.15675558148597932,0.02324503667554689,0.15820343186277575,0.1678741733551017,0.17069637503857518,0.21112664801431716,0.0827413689010091,0.14580960095123585,0.04815919139898853,0.18804802085025715,0.10299629160915126,0.024656428392064455,0.11620868710767995,0.07878716664363368,0.10672303959682172,0.03877628366241732,0.06072425712055435,0.22139424059381196,0.2142986531908806,0.1436507684137365,0.10013050713008416,0.08655730836930202,0.01865324280956462,0.17885834639785356,0.13192644905916825,0.08786185765079445,0.08253500109018545,0.07976009204566048,0.1524741849065049
1994-04-15,-0.027144432866854667,0.04194944607907477,0.0021778973100104646,0.019380136131601434,0.04795626501938649,0.05285558268229365,0.023405308685773275,0.06823530543782873,0.08934195262367552,0.12003796257059578,0.09175893070339951,0.04942323240478234,0.038648353242580334,0.004667163568726454,-0.019961358783904055,0.10816608019055773,0.03789283461590587,0.1425058823871234,0.09060625629362727,0.10217681933898014,0.07937368568494539,0.06303740427175775,0.050409268472173197,0.024429201655672795,0.010731026532824465,0.030236677391524306,0.09350211822900349,0.021949238267151765,0.030719023166161943,0.15817266456291693,0.11500746905557575,0.1640990924612932,0.04393994815655675,0.05443210613259267,0.010719512993151367,0.05546449374880991,0.06917808334757074,0.03691927740762125,-0.02389819897716003,0.016144179290239064,0.20355751025184543,0.0716847043093481,0.15319648498631577,0.06177003804370843,0.10187253003409624,0.06748917990014847,0.05683948779768982,0.12540624417436905,0.16629892566240348,0.07330298832237479,0.17978995286646027,0.07723592111119452,0.08698399292918833,0.09868401851297574,0.0458754194055657,0.1080484669655583,0.106751367042974,0.1320538905703409,0.16618256676590176,0.10618801718444094,0.1433218045767358,0.03002672128335836,0.14908502631790507,0.10787987044448656,0.007358782583485833,0.12989809382241138,0.068468940923282,0.06545575797221374,0.009426445341800383,0.007871473253468882,0.19691139862791354,0.22481938950221358,0.12823476425063712,0.09647565235876403,0.06527279259365786,0.014749805958149722,0.0974196939264362,0.12119208839586114,0.06649831321942345,0.12895373360603582,0.07080240982434781,0.12042408986310943
1994-05-15,0.014253435604082362,0.05666501751131047,0.015775080762010136,0.004275602210424216,0.07964689911968541,0.06064800265274389,0.07175133994766143,0.0508694721385281,0.06811684481776076,0.11671503442218974,0.09817813320085665,0.052289983708332786,0.04723691893809368,0.021044261533150976,0.04322896984920188,0.0785582006009169,0.09213725354502104,0.1553219794338388,0.04044293714541992,0.09845855524263729,0.07102765933857037,0.06703871446697827,0.04542704836906188,0.04014760515693363,0.034014134513180444,0.0164806745105293,0.061648240923971344,0.023329642729717655,0.05245225960013176,0.18545893073614103,0.12972038114652504,0.17851734443880732,0.0525794965915177,0.07890509371876138,0.036143881248554804,0.09990889336502164,0.13473984518365836,0.05685690352186692,0.015910552633907903,0.019367240705181674,0.20959911530692144,0.047916095362142995,0.16349960397403507,0.07318633298336878,0.09909001054712012,0.1072026089596456,0.06414118697817338,0.1258364785502656,0.14464087274091597,0.06792100288446794,0.15282205652019723,0.09075195614298609,0.05962296198715381,0.09268005165545812,0.04348709768353492,0.07276799098811519,0.12825660547535636,0.11863533308261104,0.17897453901105032,0.05508263258042168,0.11364615597545656,0.035006454407545746,0.11101829652433397,0.10465419332962556,0.02764718780146092,0.12301596082479034,0.05793103180584145,0.07830425517653183,-0.016632350791739373,-0.033867875906431,0.19625634446465656,0.1928377790893958,0.11191634068583162,0.0889610338786558,0.050762706243718834,0.048957674118448875,0.08550404618256909,0.11486704131190735,0.02873261716537504,0.10700420378470937,0.04592172521861135,0.11670261318765657
1994-06-15,0.03381583192970521,0.06070585612204357,0.03528779358039014,0.016311716819123825,0.1118414564204488,0.06138627470975729,0.07409949965276551,0.07025240813101664,0.08473789093560284,0.13188227270782046,0.09065358539363687,0.07455218317453326,0.026247307639213416,0.008189066812134965,0.06638306864197452,0.11716851337984206,0.10531667731147398,0.16318886338977415,0.054077871094484725,0.1070760815818577,0.07911824412107932,0.07876361954035123,0.06157617327903095,0.05467669623272014,0.06119056327319005,0.04368119749140401,0.04321364766884936,0.03697859399476203,0.042536201989652626,0.20814923113538622,0.1500523413783624,0.14822263333486338,0.07643589396031149,0.08610278159672576,0.03857513927318717,0.09373842038885875,0.1405042364846448,0.05893947430360561,0.028483348017873406,0.011313867939559486,0.1856774224265214,0.07867843214224852,0.17822327355523304,0.09444499681952756,0.1016414252056765,0.12645879349636244,0.06226805201332619,0.15138954663950763,0.1465300933585599,0.08595240763948908,0.15643605496085405,0.11807233213377817,0.04212364941672601,0.10451075792536164,0.04774418358401816,0.06427189452433003,0.11404637926364224,0.14480966749390237,0.16105927821630006,0.039379703961801404,0.11836056466728356,0.034956317400981436,0.10837153127455773,0.12981846181540543,0.06001679113430395,0.12330988468327359,0.06078239967162196,0.10118355249071831,0.022514616348775867,-0.030803065470494235,0.20327727147716582,0.1842016923398664,0.1407045377594306,0.1263019205734169,0.08183570529762954,0.0799020414567977,0.14035395782200216,0.11570778796832049,0.025702265264632065,0.10119917097787651,0.04005771132491461,0.126040348017507
1994-07-15,0.047663129644116786,0.07168141878364015,0.036780772620606146,0.05308432802678618,0.11817662512367234,0.037809565615662274,0.07798705020600845,0.05822982241539821,0.0829963734042288,0.14033222447502697,0.0734482662802891,0.07747384904250583,0.03223806115805467,0.027414109047063647,0.05541567037092562,0.11808852987461112,0.12103494974651813,0.1647940981297528,0.05422366037596698,0.12040857881352574,0.036129643933770224,0.07227260257149866,0.089726347230959,0.018690357754026127,0.04882155068370933,0.04752689044030739,0.04069651989381631,0.03734239289088017,0.05539221319538803,0.19377476596636156,0.12207341693948369,0.13986470582511085,0.06224757187835265,0.08357890024931254,0.04589379612180542,0.07807009749757385,0.12782630141585136,0.018217707703529817,0.03865050058650569,0.012706021780673161,0.1517695252795247,0.0944966667565807,0.14910553636733437,0.09439056365689041,0.09747578156918639,0.11910702306725407,0.08134842288756584,0.13344826649675112,0.15802457804332395,0.07784190230124159,0.15875852949080896,0.09103245877175359,0.049726856696971806,0.12518773794919294,0.038324402959174796,0.08759866274238705,0.12474264118121371,0.16178755994641938,0.15528958585433578,0.05960975985155039,0.11815856372333862,0.06594799423212137,0.09256991221933802,0.11826620356145712,0.056922306739109536,0.12753132133392978,0.06197703287336837,0.10764641058389773,0.023310390293954413,0.01042857095515746,0.19830926080840441,0.17764095396435375,0.12488613827566573,0.10587799052185441,0.056878843935363556,0.07319878026575789,0.12621826805808176,0.11491831213441651,0.03467150971063826,0.07679232439989575,0.030913433712189492,0.11591864774475906
1994-08-15,0.03165002125023305,0.07243453833085824,0.010099587306167704,0.06052226637701558,0.12630793478991828,0.03669163263897179,0.08038889452698886,0.04229728366761206,0.07661130782488836,0.1296943021857934,0.06675343151829548,0.046931002110885495,0.03437211657249208,0.0048039554843240006,0.05661221707103415,0.11903605448149573,0.0996875071648448,0.1575383033823839,0.019623534403551957,0.1135343722164459,0.044029615882063645,0.06977409267696001,0.09230112307834226,0.0007262120791845262,0.03570517896142235,0.013626383990495969,0.024775521003727496,0.024749101048848685,0.026930112395860295,0.18535226429315863,0.10477990943559605,0.11674077597536381,0.05229281514654388,0.06197133529603752,0.04231585853449052,0.09325840861145422,0.10827845283967391,0.01716200514592178,0.014937630144579904,0.016850331547706033,0.14044584806706367,0.06875634274956091,0.13496499452515281,0.08134538780429164,0.0904594526408471,0.11308495312180655,0.05017297571936135,0.1274080750727222,0.0986173235785202,0.04886691948873947,0.1404103777996871,0.05651746044902997,0.03739016946716583,0.0897788351674333,0.029079941400054602,0.051493877870697674,0.09137874177288337,0.1257130801068168,0.12082188959082689,0.0434074530013697,0.11622877970256483,0.03474353351948916,0.0852211581575756,0.09886918137337852,0.0026530276293625244,0.0965532046386522,0.057855007900633505,0.07599132164746356,0.009865843345875624,-0.010215082230059973,0.1496196343207051,0.1546303177725668,0.10447468257829358,0.07988328506502089,0.055478640737800906,0.03638489365425455,0.12724766947906258,0.11476626896997687,0.045266676924632765,0.07910907712130666,0.03417072608102683,0.09834953946565417
