year,co2,ch4,n2o,other_wmghg,o3_trop,o3_strat,h2o_strat,contrails,aerosol-radiation_interactions,aerosol-cloud_interactions,bc_on_snow,land_use,volcanic,solar,total_anthropogenic,total_natural,total
1750,0.0,0.0,0.0,0.0,0.0,0.0,0.0,0.0,0.0,0.0,0.0,0.0,0.20697476178313112,0.07362139369420888,0.0,0.28059615547734,0.28059615547734
1751,0.001571133349413203,0.000543355387092612,8.645073681302971e-05,7.95800959438715e-10,0.0003,0.0,4.965148078900956e-05,0.0,0.00059242019027888,0.00258941698652649,1.743846258563708e-05,-0.0002290738886122979,0.2069870638871654,0.05527510463170887,0.005520793500687523,0.2622621685188743,0.2677829620195618
1752,0.0031418515100640615,0.0010863583642373308,0.00017289077563226193,1.59160191887743e-09,0.0006,0.0,9.927075857392026e-05,0.0,0.0012031184253446239,0.004029280261217988,3.48896546686984e-05,-0.0004581477772245958,0.2069912033656982,0.02519717494420888,0.009909513564116207,0.23218837830990707,0.24209789187402328
1753,0.004712154722442406,0.0016290095374276448,0.00025932012268061085,2.387402878341742e-09,0.0009,0.0,0.00014885788873004405,0.0,0.0005621942946740852,0.002376548313562475,5.229220839872424e-05,-0.0006872216658368925,0.20699258705960896,-0.010980583844853616,0.009953157809481977,0.19601200321475534,0.20596516102423731
1754,0.006282043226836185,0.00217130951091752,0.00034573878417009876,3.1832038377804574e-09,0.0012,0.0,0.00019841292647373635,0.0,-0.0007714066070127983,-0.0017030272076487803,6.970749162616952e-05,-0.0009162955544491916,0.20699305231959544,-0.04539547642297862,0.0068764857541167785,0.16159757589661683,0.16847406165073361
1755,0.007851517263319558,0.0027132588872292454,0.00043214676629947657,3.979004797219172e-09,0.0014999999999999998,0.0,0.000247935926863113,0.0,0.0005838779566317344,0.0003167516011965166,8.710482042580036e-05,-0.0011453694430614884,0.18002457943265213,-0.06987279575891611,0.012587227757908753,0.11015178367373601,0.12273901143164477
1756,0.009420577071760425,0.0032548582671601644,0.0005185440752550731,4.774805756657887e-09,0.0018,0.0,0.0002974269447986655,0.0,0.000281621181133492,0.0016061531155835307,0.00010985388170947841,-0.0013744433316737873,-0.07067588034312032,-0.0774546805245411,0.0159145959805328,-0.1481305608676614,-0.1322159648871286
1757,0.010989222891813387,0.003796108249789142,0.0006049307172128558,5.5706067160966024e-09,0.0021,0.0,0.00034688603502385163,0.0,0.0004097438894959459,-0.003565529273429982,0.0001272153016535605,-0.0016035172202860841,0.07334789008962246,-0.058312761579228614,0.013205066161879393,0.015035128510393847,0.02824019467227324
1758,0.012557454962932108,0.004337009432484158,0.0006913066983344352,6.366407675560915e-09,0.0024,0.0,0.0003963132521257897,0.0,0.0004311543840054245,-0.0014789533358349398,0.00014455876716981211,-0.001832591108898383,0.16026476170288853,-0.006955632672978618,0.01764625941872608,0.15330912902990992,0.170955388448636
1759,0.014125273524358654,0.0048775624109083995,0.0007776720247711445,7.162208634999629e-09,0.0026999999999999997,0.0,0.00044570865053581506,0.0,-7.469145295055062e-05,-0.0022526854350759288,0.00016188427825827972,-0.00206166499751068,0.19121319464908546,0.04354346400670888,0.01869906616550377,0.23475665865579434,0.25345572482129813
1760,0.015692678815124927,0.005417767779027962,0.0008640267026612539,7.958009594438344e-09,0.0029999999999999996,0.0,0.000495072284530184,0.0,-0.0012343110805469017,-0.0048361551833214994,0.0001791611509937407,-0.002290738886122979,0.20168879146455745,0.06842639857702137,0.017287509540356287,0.2701151900415788,0.2874026995819351
1761,0.017259671074058985,0.005957626129117445,0.0009503707381320314,8.753810553877059e-09,0.0032999999999999995,0.0,0.0005444042082305844,0.0,-1.048389234341185e-05,-0.0037405026050173307,0.00020152721638016483,-0.0025198127747352757,0.20521128422839574,0.06227976771764637,0.021942808847633746,0.2674910519460421,0.28943386079367583
1762,0.018826250539779207,0.006497138051767886,0.0010367041372981677,9.549611513315775e-09,0.0036,0.0,0.0005937044756048624,0.0,-0.0004788706974543135,-0.0018080775100758177,0.00021589765261490057,-0.0027488866633475747,-0.7992747500388983,0.040189338030146377,0.025733869535798832,-0.7590854120087519,-0.7333515424729531
1763,0.02039241745070179,0.00703630413589273,0.0011230269062626264,1.0345412472780087e-08,0.0039,0.0,0.0006429731404675654,0.0,-0.0003112170684023914,-0.001975834393625335,0.0002302502802525884,-0.0029779605519598715,-0.4882538998273927,0.006850885881708881,0.028059970245002175,-0.4814030139456838,-0.4533430437006816
1764,0.021958172045028923,0.007575124968734634,0.001209339051116683,1.1141213432218801e-08,0.0042,0.0,0.0006922102564805662,0.0,0.0018528318041403282,0.0031552030468883796,0.00024458509929330206,-0.0032070344405721704,-0.04279523681236968,-0.02990409458704112,0.03768044297232407,-0.0726993313994108,-0.03501888842708673
1765,0.02352351456076106,0.008113601135871923,0.0012956405779399657,1.1937014391657516e-08,0.0045,0.0,0.0007414158771536517,0.0,-0.0005652736479436078,-0.0037350066035149393,0.0002589021097369662,-0.0034361083291844672,0.12234808615990513,-0.05974801548547861,0.03069669761783494,0.06260007067442652,0.09329676829226147
1766,0.025088445235691165,0.008651733221226135,0.0013819314927996885,1.2732815351096231e-08,0.0048,0.0,0.0007905900558452125,0.0,0.000884841665510668,-0.00022038883950464792,0.000283817949706375,-0.003665182217796764,-0.19772879473055,-0.07386654575891613,0.03799580129629317,-0.2715953404894661,-0.23359953919317292
1767,0.026652964307406143,0.009189521807066978,0.0014682118017523068,1.3528616310534947e-08,0.0050999999999999995,0.0,0.0008397328457626962,0.0,0.0007372090931420941,-0.0003574548054318337,0.00029809934295601707,-0.003894256106409063,-0.2550089618081537,-0.06068405064172861,0.04003404181486165,-0.3156930124498823,-0.27565897063502065
1768,0.02821707201328705,0.009726967474020246,0.0015544815108419407,1.4324417269999258e-08,0.005399999999999999,0.0,0.0008888442999633303,0.0,-0.000580517791545943,-0.008234793971382591,0.0003123629276086288,-0.004123329995021362,0.033417483704610944,-0.004521941266728617,0.03316110079218858,0.028895542437882327,0.0620566432300709
1769,0.029780768590509384,0.010264070801073876,0.0016407406261016273,1.5120218229437974e-08,0.005699999999999999,0.0,0.000937924471354676,0.0,-0.00048035581750806294,-0.004991655426554444,0.0003266087036642183,-0.004352403883633659,0.14785136369074808,0.061624543108271375,0.038825713185225846,0.20947590679901945,0.2483016199842453
1770,0.03134405427604446,0.010800832365584127,0.0017269891535521488,1.591601918887669e-08,0.005999999999999999,0.0,0.000986973412695193,0.0,-0.0004920189672914103,-0.005126338819257251,0.00034083667112280155,-0.004581477772245955,0.040993288786299716,0.09329373256139636,0.0409998662362233,0.13428702134769607,0.17528688758391936
1771,0.03290692930665365,0.011337252743282126,0.0018132270992036867,1.6711820148315406e-08,0.006299999999999999,0.0,0.0010359911765948373,0.0,0.000798317788778083,0.00031432973305636097,0.000424235904460396,-0.004810551660858255,0.09936071969355947,0.08574304896764637,0.05011974880299103,0.18510376866120584,0.23522351746419687
1772,0.03446939391890071,0.011873332508280775,0.0018994544690538414,1.7507621107754117e-08,0.006599999999999999,0.0,0.0010849778155156923,0.0,0.0015427956223498076,0.001601976497190006,0.000496418605381318,-0.005039625549470551,0.16848014793068333,0.06281018763952137,0.05452874139482271,0.2312903355702047,0.2858190769650274
1773,0.0360314483491399,0.012409072233080432,0.0019856712690892874,1.830342206721843e-08,0.006899999999999999,0.0,0.0011339333817724884,0.0,0.0011921088360584845,0.001019817907829989,0.0005685537226621049,-0.00526869943808285,0.19394907600502925,0.02686643763952138,0.055971924564971895,0.22081551364455063,0.2767874382095225
1774,0.03759309283352347,0.012944472488575557,0.0020718775052858116,1.9099223026657145e-08,0.0072,0.0,0.0011828579275332098,0.0,-0.0005636214696013948,-0.007365830334542774,0.0006406412563027556,-0.005497773326695147,0.20260671902586747,-0.013882292829228616,0.048205735979604515,0.18872442619663884,0.23693016217624335
1775,0.03915432760799468,0.013479533844061135,0.002158073183606737,1.989502398609586e-08,0.0075,0.0,0.0012317515048196818,0.0,0.0011002662867254747,-0.004053670428411417,0.0007126812063033114,-0.005726847215307444,0.20551957682509367,-0.04960763462610361,0.05555613588481615,0.15591194219899007,0.21146807808380622
1776,0.040715152908300065,0.014014256867238563,0.0022442583100045752,2.0690824945534577e-08,0.0078,0.0,0.0012806141655081088,0.0,0.0008678333882355789,-3.938052167855981e-05,0.0007964561999445054,-0.005955921103919743,0.206498252253624,-0.07076202915735362,0.06172329090445804,0.13573622309627037,0.19745951400072842
1777,0.04227556896997887,0.014548642124222444,0.0023304328904210658,2.1486625904973292e-08,0.0081,0.0,0.0013294459613296945,0.0,0.0014386865327353506,-0.005797513413280083,0.0008684009826647834,-0.006184994992532042,0.2068269967968157,-0.06695548618860361,0.05890869054216599,0.1398715106082121,0.1987802011503781
1778,0.04383557602836435,0.01508269017954622,0.002416596930786003,2.2282426864437602e-08,0.0084,0.0,0.0013782469438711573,0.0,0.001112774307294494,-0.008796239611466127,0.0009402981817449827,-0.006414068881144338,0.2069374295332308,-0.022322209821416115,0.05795589636142361,0.1846152197118147,0.2425711160732383
1779,0.045395174318590234,0.015616401596168707,0.002502750437017677,2.3078227823876317e-08,0.0087,0.0,0.0014270171645753276,0.0,0.001251686473523662,-0.005314311331668199,0.0010121477971850182,-0.0066431427697566355,0.2069745294096976,0.049081672014521384,0.06394774676386362,0.256056201424219,0.3200039481880826
1780,0.04695436407558479,0.016149776935480097,0.0025888934150241237,2.387402878331503e-08,0.009,0.0,0.0014757566747416952,0.0,-1.4424105461312447e-05,-0.01053026667336629,0.0011252026926943774,-0.0068722166583689345,0.20698699213053853,0.09185847865514638,0.05987711023035732,0.2988454707856849,0.3587225810160422
1781,0.04851314553407829,0.01668281675730835,0.0026750258707015444,2.466982974275375e-08,0.0093,0.0,0.0015244655255269946,0.0,0.001310497807226535,-0.0083599999802598,0.0011656369082545565,-0.007101290546981233,0.20699118002093544,0.09170247279577136,0.06571032254568498,0.2986936528167068,0.3644039753623918
1782,0.05007151892859128,0.01721552161992472,0.0027611478099355585,2.5465630702192463e-08,0.0096,0.0,0.0015731437679457091,0.0,0.0006731169458940663,-0.00683450873884422,0.0011937211871866883,-0.00733036443559353,0.20699258276175125,0.06741236049108387,0.06892332255067098,0.27440494325283515,0.3433282658035061
1783,0.05162948449344675,0.017747892080050225,0.0028472592386000277,2.6261431661656777e-08,0.009899999999999999,0.0,0.0016217914528706627,0.0,0.0008830394516739345,-0.005263227472997695,0.0012218060638753089,-0.007559438324205827,-1.785088552978695,0.03054817592077138,0.07302863324474507,-1.7545403770579238,-1.6815117438131786
1784,0.053187042462764456,0.018279928692861824,0.002933360162557899,2.705723262109549e-08,0.010199999999999999,0.0,0.0016704086310335845,0.0,0.002942547733711625,0.00012373859552836184,0.001247584568686575,-0.007788512212818126,-3.8744644790459084,-0.012977458844853615,0.08279612569155882,-3.887441937890762,-3.804645812199203
1785,0.05474419307046224,0.018811632011997998,0.003019450587661647,2.7853033580534202e-08,0.010499999999999999,0.0,0.0017189953530256177,0.0,0.0007282071758471413,-0.00731290175071302,0.0012771105366743715,-0.008017586101430425,-1.4690995390507031,-0.04967003696985362,0.07546912873655914,-1.5187695760205568,-1.4433004472839976
1786,0.05630093655025634,0.019343002589564784,0.0031055305197525036,2.864883453997292e-08,0.010799999999999999,0.0,0.0017675516692978724,0.0,0.00208603118362158,-0.0030903421145904815,0.0013252822604220853,-0.008246659990042721,-0.5408065692820223,-0.06896796177454112,0.0833913613171165,-0.6097745310565634,-0.526383169739447
1787,0.057857273135661615,0.019874040976141993,0.0031915999646604924,2.9444635499411634e-08,0.011099999999999999,0.0,0.0018160776301619924,0.0,0.0016507117785619562,-0.007645528217265565,0.0013528728387137829,-0.008475733878655018,-0.10622905559270814,-0.05527064732141612,0.08072134367261673,-0.16149970291412424,-0.08077835924150752
1788,0.059413203059992946,0.020404747720788843,0.0032776589282052736,3.024043645887595e-08,0.011399999999999999,0.0,0.0018645732857906715,0.0,0.0005614324741105685,-0.015421873646048986,0.0013956889655750554,-0.008704807767267318,0.0989585295786716,0.01334072963170888,0.07419065326158353,0.11229925921038048,0.186489912471964
1789,0.06096872655635946,0.02093512337104993,0.0033637074161953742,3.1036237418314666e-08,0.011699999999999999,0.0,0.0019130386862181974,0.0,0.0006879901873080366,-0.011564911060180297,0.0014233706675513317,-0.008933881655879614,0.17057500449829802,0.09348093959264638,0.08049319520485981,0.2640559440909444,0.3445491392958042
1790,0.06252384385767677,0.021465168472961108,0.003449745434428222,3.183203837775338e-08,0.011999999999999999,0.0,0.0019614738813409907,0.0,0.0007073782732866741,-0.01227793115775079,0.001453638533299875,-0.009162955544491914,0.1947541663070148,0.12065716029577138,0.08212039358278932,0.3154113266027862,0.39753172018557553
1791,0.06407855519665526,0.02199488357105533,0.003535772988690585,3.2627839337192095e-08,0.012299999999999998,0.0,0.002009878920918137,0.0,0.0016149454398010632,-0.006357226748869208,0.0014763942139614417,-0.00939202943310421,0.2028817806223446,0.10655423060827136,0.09126120677694773,0.309436011230616,0.4006972180075637
1792,0.06563286080580744,0.02252426920836816,0.0036217900847590125,3.342364029663081e-08,0.012599999999999998,0.0,0.002058253854571892,0.0,0.0022179928348992606,-0.0030080882180940523,0.001474002200871779,-0.009621103321716507,0.20561218301558845,0.08837954799108387,0.09750001087310729,0.2939917310066723,0.3914917418797796
1793,0.06718676091744215,0.023053325926443803,0.003707796728398658,3.421944125609512e-08,0.012899999999999998,0.0,0.0021065987317882323,0.0,0.0016609651932010987,-0.003487914319902211,0.001479554500714829,-0.009850177210328806,0.20652936435971747,0.057599591936396376,0.09875694468719899,0.2641289562961138,0.3628859009833128
1794,0.06874025576367088,0.023582054265341164,0.003793792925364527,3.501524221553384e-08,0.013199999999999998,0.0,0.0021549136019174075,0.0,-0.00025163400327932206,-0.013729682257471305,0.0014784096142605816,-0.010079251098941104,0.2068374575944861,0.02173384486608388,0.08888889382610506,0.22857130246056998,0.31746019628667504
1795,0.07029334557640915,0.02411045476363864,0.0038797786814003,3.581104317497255e-08,0.013499999999999998,0.0,0.0022031985141743797,0.0,0.001168075453217634,-0.01031247877072831,0.0014808817192960987,-0.0103083249875534,0.2069409491330093,-0.016159978376103615,0.09601496676089766,0.1907809707569057,0.28679593751780336
1796,0.07184603058736595,0.024638527958440584,0.003965754002239982,3.6606844134411266e-08,0.013799999999999998,0.0,0.0022514535176394153,0.0,0.0006312817691569103,-0.0063339373687624125,0.0014855866489871326,-0.010537398876165699,0.06296723835470684,-0.05002885044641611,0.10174733484574602,0.01293838790829073,0.11468572275403675
1797,0.07339831102805595,0.025166274385382822,0.004051718893606323,3.7402645093849983e-08,0.014099999999999998,0.0,0.0022996786612585855,0.0,0.0012265108970442213,-0.011189171767472939,0.00149931615708719,-0.010766472764777997,-0.046959157259510005,-0.0750677908761036,0.09978620289282925,-0.1220269481356136,-0.022240745242784354
1798,0.07495018712979251,0.025693694578637797,0.0041376733612112585,3.819844605331429e-08,0.0144,0.0,0.0023478739938442394,0.0,0.0008153451067273975,-0.01339725363571885,0.00151217342289993,-0.010995546653390297,0.06452986581632074,-0.08729865025110363,0.09946418550245005,-0.02276878443478289,0.07669540106766716
1799,0.07650165912369516,0.026220789070920715,0.004223617410757555,3.899424701275301e-08,0.0147,0.0,0.0023960395640755645,0.0,0.0002435782077322342,-0.012357990219449909,0.0015307235764603832,-0.011224620542002593,0.15653972989819007,-0.08477135532922861,0.10223383518643611,0.07176837456896146,0.17400220975539757
1800,0.07805272724067779,0.02674755839349493,0.0043095510479360215,3.979004797219172e-08,0.015,0.0,0.002444175420499079,0.0,-0.0007902310313301623,-0.014721873032185378,0.0015441786602988937,-0.011458500286015269,0.1899272204700737,-0.06656547154016611,0.10112762620342387,0.1233617489299076,0.22448937513333148
1801,0.07960339171146086,0.027274003076177344,0.004395474278427562,4.058584893163044e-08,0.0153,0.0,0.002492281611529126,0.0,0.0005153052964300023,-0.013058333243571267,0.001607514011102894,-0.011696886043258404,0.20125523080966096,-0.03669034946985362,0.10643279128414707,0.16456488133980735,0.2709976726239544
1802,0.08115365276656687,0.027800123647344077,0.004481387107903206,4.1381649891069155e-08,0.0156,0.0,0.002540358185448389,0.0,-0.0004329380426064641,-0.01365780575163806,0.0016955290909902825,-0.011935271800501544,0.20506556632454875,-0.008546892438603617,0.10724507658515667,0.19651867388594513,0.3037637504711018
1803,0.08270351063631577,0.028325920633936023,0.0045672895420229365,4.217745085053346e-08,0.015899999999999997,0.0,0.002588405190408403,0.0,0.0001414135483665969,-0.01062979685053411,0.0017515271064611332,-0.012173657557744685,0.2063457421340261,0.008613752092646379,0.1131746544266829,0.2149594942266725,0.3281341486533554
1804,0.08425296555083714,0.02885139456146394,0.004653181586436529,4.297325180997218e-08,0.0162,0.0,0.0026364226744300177,0.0,0.00190159016168184,-0.008978504138793334,0.0018385500940387319,-0.012412043314987825,0.2067757720902065,0.010891437639521379,0.11894360014835884,0.2176672097297279,0.3366108098780867
1805,0.0858020177400585,0.029376545954014142,0.004739063246783584,4.376905276941089e-08,0.016499999999999997,0.0,0.0026844106854039176,0.0,-0.0001240623964372888,-0.014542042813961913,0.0018847360092914265,-0.01265042907223096,0.20692022684853853,0.0023423165457713817,0.11367028312197416,0.2092625433943099,0.3229328265162841
1806,0.08735066743371267,0.029901375334254177,0.00482493452869356,4.456485372884961e-08,0.0168,0.0,0.002732369271091142,0.0,0.0010795761010035881,-0.013439766425666001,0.001957265527446338,-0.0128888148294741,0.20696874463016787,-0.012135027204228616,0.11831765150591511,0.19483371742593925,0.31315136893185436
1807,0.08889891486133074,0.030425883223437526,0.0049107954377854085,4.5360654688288326e-08,0.017099999999999997,0.0,0.002780298479123512,0.0,0.0006847817700132815,-0.01570631079947851,0.0020206989737310377,-0.013127200586717241,0.2069850450993066,-0.03218178013391612,0.11798790671988041,0.17480326496539048,0.2927911716852709
1808,0.0904467602522545,0.03095007014140952,0.004996645979668004,4.6156455647752633e-08,0.0174,0.0,0.0028281983570041754,0.0,-0.00017248098237843378,-0.022844217172018788,0.002073785648941955,-0.013365586343960376,0.20699052067087856,-0.05383539341516611,0.1123132220373762,0.15315512725571245,0.26546834929308866
1809,0.09199420383562558,0.03147393660661253,0.00508248615994018,4.695225660719135e-08,0.017699999999999997,0.0,0.0028760689521080763,0.0,-0.00026939757973393956,-0.01981545209472929,0.0021327390441555774,-0.013603972101203515,-3.7390628030440585,-0.0733517264229786,0.11757065977503181,-3.812414529467037,-3.694843869692005
1810,0.09354124584038712,0.03199748313609105,0.005168315984189955,4.774805756663006e-08,0.018,0.0,0.0029239103116824217,0.0,-0.00030507973169199463,-0.020982450720693414,0.002221361475933688,-0.013842357858446655,-2.570331574431897,-0.0867682303292286,0.11872247618550973,-2.657099804761126,-2.538377328575616
1811,0.0950878864952899,0.0325207102454973,0.0052541354579965826,4.854385852606878e-08,0.018299999999999997,0.0,0.0029717224828471945,0.0,0.0006376634353939046,-0.01743804261717738,0.002264093569615932,-0.014080743615689796,-0.7908555666484313,-0.09146400669641612,0.12551747399763213,-0.8823195733448473,-0.7568020993472152
1812,0.09663412602888644,0.033043618449096215,0.005339944586928164,4.93396594855075e-08,0.0186,0.0,0.003019505512595608,0.0,0.001199232319505795,-0.014238032783925257,0.002296589786084758,-0.014319129372932936,-0.13114598381404605,-0.0861910086495411,0.13157590386589826,-0.21733699246358715,-0.08576108859768888
1813,0.09817996466953864,0.03356620825977073,0.005425743376542487,5.0135460444971805e-08,0.018899999999999997,0.0,0.0030672594477945893,0.0,0.00046950879313054376,-0.016063738346926003,0.0023209986043840705,-0.014557515130176071,0.0932744636538817,-0.07051241978235362,0.13130847980951943,0.02276204387152808,0.1540705236810475
1814,0.09972540264540584,0.034088480189027034,0.005511531832389069,5.093126140441052e-08,0.0192,0.0,0.0031149843351852584,0.0,-0.0013157422234760048,-0.024122376954307405,0.002349183114264349,-0.014795900887419212,0.16878781031020085,-0.04960763462610361,0.12375561298233033,0.11918017568409724,0.24293578866642757
1815,0.1012704401844572,0.03461043474699977,0.00559730996000517,5.172706236384923e-08,0.0195,0.0,0.0031626802213834053,0.0,2.7757782682215248e-05,-0.021656788062006372,0.002384588228605224,-0.015034286644662352,-3.7125258776367183,-0.030637322126103612,0.1298621881445266,-3.743163199762822,-3.613301011618295
1816,0.10281507751446443,0.03513207244245696,0.005683077764919843,5.252286332328795e-08,0.019799999999999998,0.0,0.0032103471528799384,0.0,-0.0006283416501858283,-0.020862242826947073,0.0024441290037672185,-0.01535772041831301,-4.809202422747866,-0.01903048618860361,0.13223645150590582,-4.82823290893647,-4.695996457430564
1817,0.10435931486300958,0.0356533937828056,0.0057688352526519575,5.331866428272667e-08,0.0201,0.0,0.003257985176041397,0.0,8.599183204784377e-05,-0.022605884554511544,0.002478010191961046,-0.015727943125498058,-1.6877646053757385,-0.017283220563603617,0.1333697567371721,-1.705047825939342,-1.57167806920217
1818,0.10590315245747302,0.03617439927409591,0.005854582428709019,5.411446524219098e-08,0.020399999999999998,0.0,0.0033055943371103386,0.0,-0.00046163198697867825,-0.02643094582418577,0.0025000235410906524,-0.01609816583268311,-0.4387932312401994,-0.02463109654016612,0.13114706250909663,-0.4634243277803655,-0.3322772652712689
1819,0.10744659052504565,0.036695089421027643,0.005940319298591234,5.4910266201629694e-08,0.0207,0.0,0.0033531746822059163,0.0,-0.0005622213904121088,-0.02449083009277821,0.0025607830769304864,-0.01646838853986816,-0.010357044532583544,-0.038031999860478616,0.13517457189100862,-0.04838904439306216,0.08678552749794646
1820,0.10898962929272449,0.03721546472695381,0.006026045867786299,5.5706067161068405e-08,0.020999999999999998,0.0,0.0034007262573242177,0.0,-0.0018262467638013233,-0.027925632014067458,0.0025989500782287534,-0.01683861124705321,0.13396369783748585,-0.055348650251103616,0.1326403819041627,0.07861504758638224,0.21125542949054493
1821,0.11053226898730797,0.03773552569388669,0.00611176214177427,5.650186812050712e-08,0.0213,0.0,0.003448249108338816,0.0,-0.0006437237404761869,-0.027207854774549938,0.0026897616941673505,-0.01720883395423826,0.06767420452879906,-0.07194767368860361,0.13675721165807886,-0.0042734691598045466,0.13248374249827433
1822,0.11207450983540813,0.03825527282250243,0.00619746812602477,5.729766907994584e-08,0.021599999999999998,0.0,0.0034957432810011893,0.0,-0.0016537545442738464,-0.02678469266335549,0.0027805796635406222,-0.01757905666142331,0.07329346383928682,-0.08336730259485363,0.13838612715709356,-0.010073838755566805,0.12831228840152675
1823,0.11361635206343894,0.038774706612145875,0.006283163825996623,5.8093470039410154e-08,0.0219,0.0,0.0035432088209411627,0.0,-0.0009351356843874335,-0.024211300580644874,0.0028977502360439194,-0.01794927936860836,-0.2994845639816082,-0.08576979282922861,0.14391952401839586,-0.38525435681083686,-0.241334832792441
1824,0.11515779589762365,0.03929382756083579,0.006368849247140697,5.888927099884887e-08,0.022199999999999998,0.0,0.0035906457736673836,0.0,0.0006720875885675606,-0.024170487710997755,0.0029999025524528895,-0.018324277939658094,-0.03236641428576235,-0.07414735630579111,0.14778840185890313,-0.10651377059155345,0.041274631267349676
1825,0.1166988415639878,0.0398126361652698,0.0064545243948971225,5.968507195828758e-08,0.0225,0.0,0.003638054184567776,0.0,-0.0011001342424013768,-0.028042295864052418,0.0031008707045432483,-0.018731522847344594,0.12344074731353714,-0.04420983189172861,0.14433103374453934,0.07923091542180853,0.22356194916634786
1826,0.11823948928837157,0.040331132920829085,0.0065401892746969285,6.04808729177263e-08,0.022799999999999997,0.0,0.0036854340989099657,0.0,2.628046904845442e-05,-0.026566521012849915,0.0031879713633984536,-0.019138767755031098,0.17878396293049334,-0.010824577985478616,0.14910526912824637,0.16795938494501472,0.3170646540732611
1827,0.11977973929641886,0.04084931832158345,0.006625843891960868,6.127667387716501e-08,0.0231,0.0,0.003732785561841749,0.0,-0.00015623634145984935,-0.029079512346644108,0.003314892626188075,-0.019546012662717598,0.19751096253534148,0.013574738420771379,0.14862087962384535,0.21108570095611284,0.3597065805799582
1828,0.12131959181357917,0.04136719286029607,0.006711488252100656,6.207247483662933e-08,0.023399999999999997,0.0,0.0037801086183915206,0.0,-0.001412413721619266,-0.03689610276022992,0.003388331826389402,-0.019953257570404098,0.20380777670566827,0.02098501674108388,0.14170500139097836,0.22479279344675215,0.3664977948377305
1829,0.12285904706511348,0.0418847570284283,0.006797122360518596,6.286827579606804e-08,0.0237,0.0,0.0038274033134687176,0.0,-0.001426023836783482,-0.034050255424427425,0.0034599049205545976,-0.020360502478090604,0.20592322788273307,0.01195227748327138,0.146691515817058,0.21787550536600445,0.36456702118306245
1830,0.12439810527608855,0.04240201131614456,0.00688274622260721,6.366407675550675e-08,0.023999999999999997,0.0,0.003874669691864261,0.0,-0.0018249615769383406,-0.03703628769546804,0.003670177709002488,-0.020767747385777104,0.20663384300445198,-0.007782463727666117,0.1455987772216003,0.19885137927678587,0.3444501564983862
1831,0.12593676667138445,0.04291895621231734,0.006968359843749263,6.445987771494548e-08,0.0243,0.0,0.0039219077982510205,0.0,-0.0007190037625533584,-0.03215059133954266,0.0037254275228835224,-0.021174992293463604,-2.4935655443400258,-0.03433466099329111,0.15372689511290372,-2.527900205333317,-2.3741733102204132
1832,0.12747503147568257,0.043435592204531505,0.007053963229319006,6.525567867438419e-08,0.024599999999999997,0.0,0.003969117677184199,0.0,-0.0002281101723420877,-0.030925019536618078,0.003786939463004536,-0.02161650764363546,-1.6647073327496236,-0.059451604352666124,0.15755107195280485,-1.7241589371022896,-1.5666078651494848
1833,0.12901289991347795,0.043951919779089035,0.007139556384680194,6.60514796338485e-08,0.0249,0.0,0.004016299373101773,0.0,-0.0009805090305583138,-0.03268933919098346,0.0038606433163346364,-0.022112283789982166,-0.4655032582972558,-0.07502098911829111,0.1570992528066393,-0.5405242474155469,-0.38342499460890767
1834,0.13055037220907362,0.04446793942101475,0.007225139315188119,6.684728059328721e-08,0.025199999999999997,0.0,0.00406345293032501,0.0,-0.0024939288358048054,-0.03971451556634173,0.003982547862264866,-0.022608059936328872,-0.02089507815364941,-0.07247809361047862,0.15067301424667157,-0.09337317176412803,0.057299842482543537
1835,0.13208744858658172,0.04498365161405934,0.0073107120261876385,6.764308155272592e-08,0.0255,0.0,0.004110578393058753,0.0,-0.0009855248738724976,-0.036944397630015544,0.004099357891309145,-0.023103836082675577,-1.8475899094187809,-0.03912404087610361,0.15705805756771454,-1.8867139502948844,-1.72965589272717
1836,0.13362412926992406,0.045499056840705654,0.007396274523015209,6.843888251216464e-08,0.025799999999999997,0.0,0.004157675805391987,0.0,-0.0019013866516934606,-0.03889214650367522,0.004302378780543254,-0.023599612229022283,-1.1857707424580906,0.01989297572545888,0.1563864382740717,-1.1658777667326317,-1.00949132845856
1837,0.13516041448283203,0.04601415558217214,0.007481826810997712,6.923468347160335e-08,0.026099999999999998,0.0,0.004204745211298157,0.0,-0.0010778168861134867,-0.04041729340473322,0.004385835829238925,-0.024095388375368988,-0.29280834376776715,0.06382422572545889,0.15775654848500673,-0.22898411804230828,-0.07122756955730156
1838,0.13669630444884814,0.04652894831841857,0.007567368895452884,7.003048443106767e-08,0.026399999999999996,0.0,0.004251786654635692,0.0,-0.0015044455340413212,-0.044035562259015684,0.004481203473832692,-0.024591164521715694,0.0376518118286668,0.07564946986608387,0.1557945095068997,0.11330128169475068,0.2690957912016504
1839,0.13823179939132027,0.0470434355281492,0.007652900781688944,7.082628539050639e-08,0.026699999999999998,0.0,0.004298800179148291,0.0,-0.0018083517986743549,-0.04307211460725663,0.004574082387643411,-0.0250869406680624,0.15004360645737275,0.061967755998896375,0.15853368202024215,0.21201136245626911,0.37054504447651126
1840,0.1397668995334139,0.047557617688819206,0.007738422475005021,7.16220863499451e-08,0.026999999999999996,0.0,0.004345785828465515,0.0,-0.002861425117260336,-0.04442002963238091,0.004710931733072667,-0.025582716814409105,0.1878602690737833,0.03953411342077138,0.15825555731681226,0.22739438249455468,0.38564993981136697
1841,0.14130160509810022,0.04807149527663749,0.007823933980691188,7.241788730938382e-08,0.027299999999999998,0.0,0.004392743646103042,0.0,-0.0020651034963721487,-0.04690323953322867,0.004818426101006959,-0.02610134135540798,0.20056616340239025,0.006741681780146382,0.1586385921354174,0.20730784518253664,0.36594643731795407
1842,0.14283591630816356,0.04858506876657241,0.007909435304028085,7.321368826882253e-08,0.027599999999999996,0.0,0.004439673675463185,0.0,-0.0031489570922506155,-0.045787220579403494,0.004831907317184669,-0.026644334684338213,0.20483434196245232,-0.028110027204228616,0.16062156222910787,0.1767243147582237,0.33734587698733154
1843,0.14436983338619566,0.04909833863235592,0.00799492645028735,7.400948922828685e-08,0.027899999999999998,0.0,0.00448657595983528,0.0,-0.002598257675748901,-0.042285310252827724,0.0049615884735371854,-0.027187328013268446,0.20626807858629706,-0.058437566266728615,0.1667404409698556,0.14783051231956845,0.3145709532894241
1844,0.14590335655460196,0.049611305346487715,0.008080407424732053,7.480529018772555e-08,0.028199999999999996,0.0,0.004533450542396058,0.0,-0.0012972253922719638,-0.043037298679738656,0.005109795652406988,-0.027730321342198678,0.206749679308011,-0.07697106236047861,0.16937354491170567,0.1297786169475324,0.2991521618592381
1845,0.14743648603560272,0.05012396938024051,0.008165878232615107,7.560109114716426e-08,0.028499999999999998,0.0,0.004580297466210129,0.0,-0.003292832964742316,-0.04868935752846994,0.005309168947488164,-0.02827331467112891,0.20691146309110545,-0.0782191092354786,0.16386037049890662,0.12869235385562683,0.29255272435453344
1846,0.14896922205122282,0.05063633120366361,0.008251338879180918,7.639689210660299e-08,0.0288,0.0,0.0046271167742303115,0.0,-0.0019865108311739573,-0.04708333252505383,0.0054609683582728,-0.028816308000059142,0.004519081733183893,-0.06584784458704111,0.16885890230717565,-0.061328762853857216,0.10753013945331844
1847,0.1505015648233036,0.05114839128558826,0.008336789369665797,7.71926930660417e-08,0.029099999999999997,0.0,0.004673908509298113,0.0,-0.0025764880626025833,-0.05218022269081686,0.0056990938946585475,-0.029359301328989375,0.06710346626368666,-0.05350778111047861,0.16534381299279857,0.013595685153208047,0.17893949814600663
1848,0.1520335145734962,0.05166015009363108,0.008422229709295192,7.798849402550602e-08,0.0294,0.0,0.004720672714144053,0.0,-0.003963582934135603,-0.058741619032994484,0.00573867519937915,-0.029902294657919607,0.15673511168624885,-0.04113651646204111,0.15936782365339003,0.11559859522420773,0.27496641887759776
1849,0.15356507152326873,0.05217160809419942,0.008507659903287319,7.878429498494473e-08,0.029699999999999997,0.0,0.004767409431388151,0.0,-0.003944709045219799,-0.057267630613637405,0.005860967130322431,-0.03050196508899937,0.1899624321144957,-0.028765251813603614,0.16285849011890446,0.16119718030089208,0.32405567041979655
1850,0.15509623589389462,0.05268276575249507,0.00859307995685039,7.958009594438344e-08,0.03,0.0,0.0048141187035402565,0.0,-0.004473368756126008,-0.059900075124621685,0.006075004091203345,-0.03120465721237739,0.20132942304466814,-0.01644078892297862,0.16168318288495453,0.18488863412168952,0.3465718170066441
1851,0.15763194673625994,0.05345965534674743,0.008996342407932815,8.228277332092585e-08,0.030797476190476188,0.0002186904761904762,0.004885110396418472,0.0,-0.0032715912220063897,-0.05475462954239429,0.006158019643845777,-0.031907349335755425,0.204855887322454,-0.021900994001103614,0.17221375338048836,0.18295489332135037,0.35516864670183873
1852,0.16009017321983562,0.05391513823402843,0.009262367593315555,8.533411619164545e-08,0.031594952380952376,0.0004373809523809524,0.004926732142268027,0.0,-0.0027342147289555856,-0.05259363427672183,0.0063012396586170204,-0.03261004145913345,0.19855080088739588,-0.022712224469853614,0.1785901790507033,0.17583857641754227,0.3544287554682456
1853,0.16227974199476994,0.05467074224635699,0.009603577229611842,8.839850963930487e-08,0.03239242857142857,0.0006560714285714286,0.0049957787717732115,0.0,-0.0032736942958877364,-0.05530438796547921,0.006460088739378259,-0.033312733582511474,0.01798312591984939,-0.03283700474329111,0.17916770153652145,-0.014853878823441722,0.16431382271307973
1854,0.16412455057286296,0.05547884609818321,0.009954958283386708,9.147117855209573e-08,0.03318990476190476,0.0008747619047619048,0.005069622804293378,0.0,-0.0052132895721428854,-0.06512377303065367,0.006819758285808307,-0.03401542570588951,-0.015963816797866025,-0.04669032505579111,0.17116000587369373,-0.06265414185365714,0.10850586402003659
1855,0.1655867004058232,0.056451833918569026,0.010333555767381443,9.455711219643496e-08,0.03398738095238095,0.001093452380952381,0.005158533832359789,0.0,-0.0038050784787445674,-0.06190508239052928,0.006921730919528151,-0.034718117829267536,0.12501905289269452,-0.055223845563603616,0.1791050040355658,0.0697952073290909,0.24890021136465673
1856,0.16729677436507584,0.057341028326170565,0.010715500868533576,9.765795323014816e-08,0.03478485714285714,0.0013121428571428572,0.005239787869948262,0.0,-0.004935421082039879,-0.06282397701379426,0.007099360119752494,-0.035420809952645564,0.13516373096540546,-0.05761073521204111,0.18060934115895422,0.07755299575336436,0.2581623369123186
1857,0.1699036891400365,0.05834609086716485,0.01105953202114848,1.0077534692576405e-07,0.035582333333333334,0.0015308333333333333,0.005331629866239034,0.0,-0.004494792758459895,-0.06685446557000196,0.007166427718439765,-0.03612350207602359,-0.05067623152162822,-0.05163571079797862,0.18144787665055678,-0.10231194231960684,0.07913593433094994
1858,0.1727003144663286,0.059500119274711535,0.011348567173363478,1.0391093319167682e-07,0.03637980952380952,0.0017495238095238095,0.0054370842717136394,0.0,-0.0048895893352114885,-0.06937952636912866,0.00723769407262688,-0.03682619419940163,0.09480585985879647,-0.03477147739954112,0.18325790659926888,0.06003438245925535,0.24329228905852424
1859,0.17570529524717698,0.06073595570249388,0.011835935894034215,1.0706635795444102e-07,0.03717728571428571,0.001968214285714286,0.0055500142437172745,0.0,-0.005821338506063879,-0.07070324773792672,0.007443181373119577,-0.03752888632277965,0.16929257721428273,-0.02051254185266612,0.18636251696012965,0.1487800353616166,0.3351425523217463
1860,0.17905181902322284,0.061894253128225316,0.012398412376389787,1.1024326191260633e-07,0.0379747619047619,0.002186904761904762,0.005655858749445643,0.0,-0.007122775812681667,-0.0734865064722826,0.007687419827527964,-0.038231578446157675,0.1949459867365514,-0.009935344587041116,0.1880086792836181,0.18501064214951027,0.3730193214331284
1861,0.1823964092558321,0.06315430609395724,0.013039201431487783,1.1344329098291999e-07,0.038772238095238096,0.002405595238095238,0.00577100161377968,0.0,-0.006024176453391536,-0.07393456304733656,0.00785940807673637,-0.03893427056953571,0.11466870776160265,-0.01205702427454112,0.19450526317815373,0.10261168348706153,0.29711694666521526
1862,0.18522504245122967,0.06474042450320139,0.013652081569338706,1.2652708717301149e-07,0.039569714285714284,0.0026242857142857144,0.005915940137619617,0.0,-0.006942584743912803,-0.07422047274242578,0.007970723973357135,-0.03963696269291373,-0.6936086389983512,-0.02431908482141612,0.19889831898258137,-0.7179277238197673,-0.519029404837186
1863,0.18812850652096838,0.0666292724575344,0.014192611180520894,1.297782924867257e-07,0.04036719047619047,0.0028429761904761905,0.006088541900932843,0.0,-0.006747324660526112,-0.07257069342497331,0.008237165414810578,-0.040339654816291766,-0.28858644966099484,-0.03151095493860361,0.20682872101793504,-0.32009740459959846,-0.11326868358166342
1864,0.1910305676529109,0.06869495744222669,0.014712197600991156,1.3305754892889114e-07,0.04116466666666666,0.0030616666666666665,0.006277302923221398,0.0,-0.005914067829031662,-0.07505559948119128,0.0085048151609438,-0.041042346939669794,0.040562617742298995,-0.03856241978235361,0.21143429292128352,0.0020001979599453823,0.2134344908812289
1865,0.19395020072995503,0.07066705466477056,0.015269142781017955,1.363665102491559e-07,0.04196214285714285,0.003280357142857143,0.006457511953416413,0.0,-0.008060153567846092,-0.08303019293748115,0.00872992944854695,-0.04174503906304782,0.15677064861240575,-0.04424103306360362,0.207481090375842,0.11252961554880213,0.32001070592464415
1866,0.1967733593116039,0.07274114014240175,0.01585298975761608,1.3970679756941885e-07,0.042759619047619046,0.003499047619047619,0.0066470406075784735,0.0,-0.00727234198261868,-0.08178511328531868,0.008871786999436205,-0.04244773118642585,0.1911303855734443,-0.04712714146204112,0.2156399367377374,0.1440032441114032,0.3596431808491406
1867,0.1997281521057646,0.07490878220537515,0.01642616314905522,1.529390816107126e-07,0.043557095238095235,0.003717738095238095,0.006845118404916716,0.0,-0.008442821271472459,-0.08931032384707316,0.009267642772576596,-0.04315042330980387,0.20232706120890365,-0.051510906110478615,0.21354727648175378,0.15081615509842503,0.3643634315801788
1868,0.2022257690858677,0.07684539194561692,0.01704360494310132,1.5634698088097625e-07,0.044354571428571424,0.003936428571428572,0.007022084610824662,0.0,-0.009638173090590002,-0.09634714729088797,0.009429428376498565,-0.043853115433181905,0.2059913604014905,-0.04172933872766611,0.21101899949423006,0.16426202167382437,0.3752810211680544
1869,0.20415295040437095,0.07855609595747684,0.01763372526693669,1.5979115304804189e-07,0.04515204761904762,0.004155119047619047,0.007178407690338121,0.0,-0.009861164002163553,-0.09501690095612612,0.009681236029946617,-0.04489661927433648,0.20719298305990844,-0.023882268415166115,0.21673505757426276,0.18331071464474233,0.40004577221900506
1870,0.20626927884403626,0.0799217850360645,0.018186434063800303,1.6327324272900633e-07,0.0459495238095238,0.004373809523809524,0.0073032035176365025,0.0,-0.010876759300374813,-0.10023786352131073,0.009934126073531313,-0.04615537554810856,0.2075880720268833,-0.02249381626672861,0.21466832577185085,0.1850942557601547,0.39976258153200556
1871,0.2085554959432236,0.08084250858022898,0.018821123173090346,1.7665388148319707e-07,0.046747,0.0045925,0.0073873386683151136,0.0,-0.01055425463401501,-0.09901809251745346,0.010164302191063816,-0.04741413182188063,0.20771694516813885,-0.011729411969853616,0.22012396623645414,0.19598753319828524,0.41611149943473935
1872,0.21142857664688172,0.0815738873082786,0.019428472300853133,1.8021672698235736e-07,0.047544476190476186,0.004811190476190476,0.0074541716062557035,0.0,-0.011146205245105498,-0.09990850312000273,0.010603884608736758,-0.04867288809565269,0.20154759119361312,-0.017408025251103618,0.2231172428936387,0.18413956594250952,0.40725680883614823
1873,0.21479292647130963,0.08212430737518102,0.020025532553716693,1.8382241078512672e-07,0.048341952380952374,0.005029880952380952,0.007504468653136796,0.0,-0.013316620948645014,-0.10994213800240506,0.010880951955950156,-0.049931644369424766,-0.03749886009705485,-0.027064787946416115,0.21550980084456361,-0.06456364804347096,0.15094615280109264
1874,0.21825007521034936,0.0830982864058695,0.020601394303194964,1.9733157751102084e-07,0.04913942857142857,0.005248571428571429,0.007593470257390485,0.0,-0.014210460287495438,-0.11352982128650198,0.01078085555447204,-0.051190400643196826,0.11326806057422215,-0.03544230259485361,0.21578159684565965,0.07782575797936853,0.2936073548250282
1875,0.22225402035056252,0.08406945298033215,0.021187151435463444,2.0102787176668192e-07,0.04993690476190476,0.0054672619047619045,0.007682214861125576,0.0,-0.013656136544691293,-0.11132555737375922,0.010992035896287259,-0.0524491569169689,0.12771044930241646,-0.05104288853235362,0.22415839238289004,0.07666756077006284,0.3008259531529529
1876,0.22623642119029494,0.08488688942954128,0.0217082649746045,2.1463093817546973e-07,0.05073438095238095,0.005685952380952381,0.00775691170064955,0.0,-0.015705537707109415,-0.1158385575351016,0.011052829302363761,-0.053707913190740975,0.13985880066063333,-0.058187956891728614,0.22280985612877358,0.08167084376890471,0.3044806998976783
1877,0.23027292134319688,0.08578035005122389,0.02215768770912728,2.1842442134824067e-07,0.05153185714285714,0.0059046428571428574,0.007838555582254518,0.0,-0.015601773447753186,-0.1195225844551183,0.011235253184485245,-0.054952334515291364,0.18353832308278534,-0.06275892857141611,0.22464479387654623,0.12077939451136922,0.34542418838791544
1878,0.23447663760122178,0.08681417377329137,0.02263730218371418,2.32127952848829e-07,0.052329333333333325,0.006123333333333333,0.007933025757566697,0.0,-0.015898352920085186,-0.12228508291346235,0.011303404596386167,-0.05606300247065775,0.19977635554345702,-0.06842194126672861,0.22737100440259445,0.1313544142767284,0.35872541867932284
1879,0.2384320795554584,0.08807264481339183,0.023092653311292063,2.3602519034409194e-07,0.05312680952380952,0.0063420238095238095,0.008048024066510347,0.0,-0.0185225986968623,-0.13029978728647415,0.011712775615791227,-0.05717367042602413,0.20236378095228533,-0.06723629673547861,0.22283119031160697,0.1351274842168067,0.3579586745284137
1880,0.242780950686659,0.08948722003360082,0.0235509305818678,2.498357784489836e-07,0.05392428571428571,0.006560714285714286,0.008177287079336322,0.0,-0.021593318090682025,-0.13738931696394194,0.012253058327410481,-0.05828433838139051,0.15462183797869847,-0.05332057407922861,0.21946772310863838,0.10130126389946986,0.32076898700810824
1881,0.24746593541271042,0.09082650575896535,0.02393101338356562,2.5384334872744807e-07,0.0547217619047619,0.006779404761904762,0.008299670184470784,0.0,-0.021159099080952037,-0.14141412613974738,0.012538383175392818,-0.05939500633675689,0.15346571683067578,-0.03396024693079112,0.22259469686766406,0.11950546989988467,0.34210016676754873
1882,0.252429681440448,0.09215086692297345,0.024321107138622237,2.6776754579444e-07,0.055519238095238094,0.006998095238095238,0.00842068949237589,0.0,-0.0228447383237787,-0.14470184522814356,0.012958648613686466,-0.06050567429212327,0.20442236981123227,-0.03809440220422861,0.2247463368649396,0.16632796760700366,0.39107430447194325
1883,0.2566744010791289,0.09352417205003576,0.02468730745409206,2.8175100120863197e-07,0.056316714285714276,0.007216785714285715,0.008546181269495532,0.0,-0.023455166051498465,-0.14520672414290986,0.013398879455471633,-0.06161634224748965,-0.5096771569877385,-0.04105851353235362,0.23008649061732714,-0.5507356705200921,-0.320649179902765
1884,0.2610101253260057,0.09500742464930592,0.025049785065486947,2.957953856942297e-07,0.05711419047619047,0.00743547619047619,0.00868171997894309,0.0,-0.02359028648559597,-0.15134746765725607,0.013585543157305945,-0.06272701020285604,-1.955343267584688,-0.017860442243291114,0.23021979629339184,-1.973203709827979,-1.7429839135345873
1885,0.2660190578309183,0.09668156439924014,0.025398170555015212,3.0004342218088135e-07,0.05791166666666666,0.007654166666666667,0.008834701838710329,0.0,-0.024849298525166232,-0.1545904209071609,0.013703991930140368,-0.06383767815822242,-0.6719901377728558,-0.03233778599329112,0.23292622234023028,-0.7043279237661468,-0.47140170142591653
1886,0.271361696021203,0.09831613804660064,0.025712534620502478,3.142145464393809e-07,0.05870914285714285,0.007872857142857143,0.008984068172380833,0.0,-0.023899428625743187,-0.154842438097463,0.013888124100740008,-0.06508480749697997,-0.11118689892966284,-0.048765202985478616,0.24101820095578724,-0.15995210191514145,0.0810660990406458
1887,0.27690578399848986,0.10010992871051805,0.026094245514479593,3.284515858263792e-07,0.059506619047619044,0.00809154761904762,0.00914798365901209,0.0,-0.02550527762642243,-0.16210175603107407,0.014243262733862677,-0.06643047008536025,-0.028167821262737782,-0.058889983258916125,0.24006219599175804,-0.0870578045216539,0.15300439147010414
1888,0.28310051243766815,0.10184198766334218,0.02639112508437833,3.427559761140713e-07,0.06030409523809523,0.008310238095238094,0.009306258139884994,0.0,-0.029455921191833774,-0.17752765016643496,0.015039802020382067,-0.06777613267374052,0.14484831598450565,-0.06285253208704111,0.22953465740295595,0.08199578389746454,0.3115304413004205
1889,0.2893074744663666,0.10370736960366486,0.026775682736435127,3.5712967517183853e-07,0.06110157142857142,0.008528928571428571,0.009476715593283374,0.0,-0.02879613368732951,-0.17483413807373382,0.015000426407648388,-0.06912179526212081,0.19941548985527505,-0.06427218540735362,0.24114645891388936,0.13514330444792144,0.3762897633618108
1890,0.2954146553588079,0.1055674838232288,0.027061917809165097,3.7157398825815526e-07,0.06189904761904761,0.008747619047619047,0.009646691685601567,0.0,-0.03188434659853557,-0.18664685482502608,0.0157667239364092,-0.07046745785050108,0.01736189147585631,-0.060808855329228625,0.23510585157980485,-0.043446963853372315,0.19165888772643253
1891,0.3017584345212924,0.10745613621221202,0.02732086272945733,3.8609973067832243e-07,0.06269652380952381,0.008966309523809524,0.009819275578273518,0.0,-0.03224409522096548,-0.18592430311301278,0.016200170858499077,-0.07181312043888137,-0.12577586293231227,-0.03539550083704111,0.2442365805599387,-0.16117136376935337,0.08306521679058532
1892,0.3079648568616626,0.1096764600577816,0.027650191260543855,4.007640639840522e-07,0.063494,0.009185,0.010022167404475082,0.0,-0.03234997974883907,-0.1858448822737365,0.016435620757026783,-0.07315878302726164,0.07230283847595798,-0.014475115094853616,0.2530750520557167,0.05782772338110436,0.31090277543682104
1893,0.3134006799921771,0.11181789206417374,0.02803708508687257,4.155352725513899e-07,0.06429147619047618,0.009403690476190477,0.010217850142977549,0.0,-0.0327594581986186,-0.1884303252021249,0.01644805663643495,-0.07450444561564193,0.2050102824449419,0.0019679024832713822,0.2579229171081898,0.2069781849282133,0.4649011020364031
1894,0.3189059787022488,0.1136477485762492,0.028502081766160814,4.304276045045186e-07,0.06508895238095237,0.009622380952380952,0.010385061304611752,0.0,-0.035656407870564524,-0.2006267638595513,0.016644726947251273,-0.07585010820402222,0.2056140947843075,0.021765046037958882,0.2506640811233216,0.2273791408222664,0.478043221945588
1895,0.32392247014218184,0.11521357127401384,0.02899103985860994,4.55303050847812e-07,0.06588642857142857,0.009841071428571428,0.010528145218830505,0.0,-0.036246164722947276,-0.20484735420383052,0.017285753875511116,-0.07715122120134102,0.20565680055056115,0.0030287423270213823,0.25342419554407924,0.20868554287758254,0.4621097384216618
1896,0.3288977255617078,0.11609166528442554,0.029366170317196343,4.704461994065238e-07,0.06668390476190475,0.010059761904761905,0.01060838490895705,0.0,-0.03868372774781241,-0.20546744412294632,0.017533239237602,-0.07843111822866217,0.2055249298726655,-0.022587419782353617,0.25665903232333404,0.18293751009031187,0.4395965424136459
1897,0.3337759686157449,0.11694498007052234,0.02975473338932976,4.857190411885035e-07,0.06748138095238095,0.010278452380952381,0.010686360288819516,0.0,-0.04048364500458716,-0.21746161064314945,0.01793646740046369,-0.07971101525598331,0.20533417143757715,-0.03903043736047861,0.24920255791353488,0.16630373407709853,0.4155062919906334
1898,0.3391513571317588,0.11850263853944713,0.03014176630385006,5.109833007470146e-07,0.06827885714285714,0.010497142857142858,0.010828698160832692,0.0,-0.04299803634120182,-0.2253062455820843,0.01847647413551895,-0.08099091228330445,0.20511838871458546,-0.04673712681360361,0.24658225104811776,0.15838126190098184,0.4049635129490996
1899,0.3452263596347883,0.1203529388108606,0.0306393452130392,5.26523705344724e-07,0.06907633333333332,0.010715833333333334,0.010997777460610253,0.0,-0.04975881985937839,-0.24322077750021043,0.019372823128651098,-0.08227080931062561,0.2048871975738994,-0.055910271344853615,0.23113153076810708,0.1489769262290458,0.3801084569971529
1900,0.35183231180881197,0.12220341118360002,0.03113995775856335,5.520518242750604e-07,0.06987380952380952,0.010934523809523809,0.011166872486901038,0.0,-0.05341436829949947,-0.25033632541448153,0.019893529036786824,-0.08371958122093913,0.204643113689385,-0.061214470563603615,0.2295746927249006,0.1434286431257814,0.373003335850682
1901,0.35763541950031835,0.12403714029027683,0.03168429104526406,5.686280942480701e-07,0.07067128571428571,0.011153214285714285,0.011334437523845988,0.0,-0.05502519538769946,-0.25522046169072415,0.02038319880177228,-0.08565403205830878,0.2044173397958178,-0.0702628104073536,0.23099986665283934,0.1341545293884642,0.3651543960413035
1902,0.3631737436912842,0.12625104949738203,0.03252759315298248,8.548801133763505e-07,0.0714687619047619,0.011371904761904762,0.011536743184333457,0.0,-0.057523070582256274,-0.25947013419860254,0.020765332191421286,-0.08758848289567842,-0.031541305213643976,-0.0681099295479786,0.23251429558764627,-0.09965123476162258,0.1328630608260237
1903,0.36890987918862567,0.1285273038750899,0.03352842474587853,1.1846541666451827e-06,0.07226623809523808,0.011590595238095238,0.011744745908131606,0.0,-0.0631085421635455,-0.2697414920179178,0.021887057713480654,-0.08952293373304804,-0.739988909863647,-0.049794841657353615,0.22608246150419498,-0.7897837515210006,-0.5637012900168056
1904,0.3741055504129162,0.13151504015587184,0.03446300856460539,1.5332297928567949e-06,0.07306371428571429,0.011809285714285715,0.012017763410252343,0.0,-0.06658727861035978,-0.2830415917554473,0.02194813085421591,-0.09145738457041767,-0.28520171748989803,-0.016503191266728615,0.21783777169142982,-0.30170490875662664,-0.08386713706519683
1905,0.3799419258890989,0.1344920317594406,0.03538657711683198,1.959930014622086e-06,0.07386119047619047,0.012027976190476191,0.012289799070383644,0.0,-0.07159738252240314,-0.29689568152540785,0.022730365004117823,-0.09339183540778732,0.08134679034322546,-0.03118334263391612,0.208846925980956,0.05016344770930935,0.25901037369026536
1906,0.3864723556168892,0.13763761083415155,0.03631553484760166,2.5318567372578715e-06,0.07465866666666665,0.012246666666666666,0.012577240149847351,0.0,-0.07637751470489235,-0.30702973666655825,0.02359463985317092,-0.09529602856715316,0.18624852091648328,-0.007174040876103617,0.20480196655312735,0.17907448004037965,0.383876446593507
1907,0.3941542455024097,0.14100219168866024,0.03731345254064054,3.307133375699734e-06,0.07545614285714285,0.012465357142857143,0.012884693477133925,0.0,-0.08672932944485416,-0.33565766841476063,0.02510278867479203,-0.09676209429610438,0.024014647957829174,-0.020153728376103616,0.17923308686129308,0.0038609195817255575,0.18309400644301863
1908,0.40153225777456986,0.1437265906679002,0.03844287468966979,4.306182348072235e-06,0.07625361904761904,0.012684047619047619,0.013133647378747261,0.0,-0.08290159033763353,-0.3293356726456626,0.024457184459932488,-0.09822816002505559,0.1369875331438339,-0.01204142368860362,0.19976910481148258,0.1249461094552303,0.3247152142667129
1909,0.4088644927451415,0.1466545524981817,0.03958411332723798,4.964534811466326e-06,0.07705109523809522,0.012902738095238096,0.013401202728377755,0.0,-0.08692197440244843,-0.33690752225714754,0.02519026055534793,-0.09969422575400681,0.20260683373220054,-0.028890056501103614,0.20012969730882896,0.1737167772310969,0.37384647453992587
1910,0.41660905098130546,0.1496144342869581,0.04080780789062458,6.424320894838135e-06,0.07784857142857142,0.013121428571428572,0.013671674904165938,0.0,-0.09320431918512581,-0.3547549452058283,0.025952250100278157,-0.10109584667702334,0.20236200763227571,-0.04132372349329111,0.1885765314162495,0.1610382841389846,0.3496148155552341
1911,0.42454467244326416,0.15217481567269361,0.04217520253785428,1.782989695456346e-05,0.07864604761904762,0.013340119047619049,0.013905640979052239,0.0,-0.0919775519301249,-0.34880431485648866,0.02631800350897109,-0.10222903634226241,0.20211305694954632,-0.059295598493291114,0.2081114285765804,0.1428174584562552,0.35092888703283565
1912,0.43378590010739493,0.15443559607358795,0.04317701406335941,2.2919081191798868e-05,0.0794435238095238,0.013558809523809523,0.014112229700374774,0.0,-0.09493351667897915,-0.352729597437866,0.027054750193722565,-0.10336222600750149,-0.3804279246631976,-0.0661598563057911,0.214565402428618,-0.44658778096898866,-0.23202237854037067
1913,0.443614638249276,0.1558693472938889,0.04433057993925102,2.8281182634082624e-05,0.08024099999999999,0.0137775,0.014243245004284623,0.0,-0.09965686461798139,-0.36827081801333045,0.02808384645157713,-0.10449541567274054,-0.2883903812262722,-0.06464659946985361,0.20776533981685938,-0.3530369806961258,-0.14527164087926644
1914,0.45255315626141457,0.1571545975941308,0.04552054689094933,4.3834777736077736e-05,0.08103847619047619,0.013996190476190476,0.014360690385534985,0.0,-0.09111470724810027,-0.3549928106531841,0.02644363247152815,-0.1056286053379796,0.013091614009482413,-0.050949285016728615,0.2393750018086966,-0.0378576710072462,0.2015173308014504
1915,0.46164219991034944,0.15870054934511862,0.046631923391463985,6.722814538850873e-05,0.08183595238095237,0.014214880952380953,0.014501958504869603,0.0,-0.08811159834747305,-0.34668632197472926,0.026559167453835807,-0.10676179500321865,0.17508353409732982,-0.011198992047978615,0.26259414475893833,0.1638845420493512,0.42647868680828954
1916,0.47126261596851415,0.1624932193587728,0.04751527494352152,0.00010448633928659876,0.08263342857142855,0.01443357142857143,0.014848530355991983,0.0,-0.09822182493473337,-0.3646960729605967,0.0277941632023484,-0.10789498466845772,0.2004027499362628,0.020782209123896382,0.25027240760464753,0.2211849590601592,0.47145736666480675
1917,0.4804686698193282,0.16525650181726448,0.04852764986982277,0.00014840021253927782,0.08343090476190476,0.014652261904761904,0.015101037406003104,0.0,-0.10243640321863134,-0.37982230891093754,0.028573864630169702,-0.1090281743336968,0.20053100707364924,0.041905402483271376,0.2448724039585283,0.2424364095569206,0.4873088135154489
1918,0.4880682738666021,0.16879079044556525,0.049160541118892384,0.0001822016304473975,0.08422838095238094,0.01487095238095238,0.015423998525188585,0.0,-0.1024915823675764,-0.3812220768293708,0.028378353751898674,-0.11016136399893585,0.2002552268932166,0.04568074428014638,0.2552284694760446,0.24593597117336297,0.5011644406494076
1919,0.4943389951721832,0.17281833538859984,0.049312051505094844,0.00021357478766500327,0.08502585714285713,0.015089642857142857,0.01579203310277136,0.0,-0.08687173614922883,-0.3459824795089461,0.02557409056486307,-0.1113333930442675,0.19997334159247795,0.013044318498896382,0.313976971818735,0.21301766009137435,0.5269946319101093
1920,0.5018134667807551,0.1767963771099345,0.04956984539929334,0.000233612278293695,0.08582333333333332,0.015308333333333334,0.01615554410642883,0.0,-0.09679315745289523,-0.37094376875556195,0.02772701041813292,-0.11260037320241942,0.1996873891723615,-0.01793844517297862,0.29309022334862844,0.18174894399938288,0.47483916734801135
1921,0.5078710647905125,0.18059250994320722,0.04993485875646003,0.00024981718006593953,0.08727033333333332,0.015425833333333333,0.016502432387876274,0.0,-0.0777521199728464,-0.32903369007957817,0.025611230229302416,-0.11386735336057133,0.1993973008615554,-0.03711156529016612,0.36280491654109503,0.16228573557138928,0.5250906521124843
1922,0.513760204543991,0.18425132388047386,0.050369931538275244,0.000277261777432741,0.08871733333333333,0.015543333333333333,0.016836772553138667,0.0,-0.08112924763402049,-0.3333167187145078,0.026354187944981126,-0.11513433351872325,0.06041927111147748,-0.05461542271204111,0.36653004903770764,0.005803848399436366,0.372333897437144
1923,0.5193003328172995,0.18743391886755517,0.05135813477663042,0.0003211165253338846,0.09016433333333332,0.015660833333333332,0.017127596123888197,0.0,-0.08748144235909495,-0.3723022502348158,0.029600395688003368,-0.11640131367687516,0.12470696642597927,-0.05859357212610361,0.33478165519459124,0.06611339429987566,0.4008950494944669
1924,0.5254302139753128,0.18970823235217618,0.051820057956366586,0.00036581846758900816,0.09161133333333332,0.01577833333333333,0.01733542149007086,0.0,-0.08661103969295579,-0.361188439443048,0.029524374848730852,-0.11766829383502708,0.19850233667692396,-0.05087128208704112,0.35610601278588194,0.14763105458988285,0.5037370673757648
1925,0.5283898808587143,0.19113215231962016,0.051983037171488534,0.00041979141495684556,0.09305833333333333,0.01589583333333333,0.01746553842014665,5.601169650837346e-05,-0.08664159960834525,-0.3652855899027837,0.029882853398852702,-0.11893527399317899,0.19819576067855266,-0.029732488141728613,0.35742096844264637,0.16846327253682405,0.5258842409794704
1926,0.5305930840332193,0.1918868667134503,0.052125121971574956,0.00048648383470608947,0.09450533333333333,0.016013333333333334,0.017534503756861084,0.00011429840943401627,-0.09364884240017966,-0.37228963310817215,0.02955478049943662,-0.12020225415133091,0.19788511701199715,-0.0014174246651661175,0.34667307622566607,0.19646769234683104,0.5431407685724972
1927,0.5342689755538147,0.19302433259176927,0.052292102549321706,0.0005353290149252865,0.09595233333333333,0.016130833333333334,0.01763844468861057,0.00019724130671194536,-0.10142611009500316,-0.3901294229331831,0.030259123217179336,-0.12146923430948282,0.19757031725569704,0.022279865373896382,0.32727394825133027,0.21985018262959344,0.5471241308809237
1928,0.5366672643590805,0.19557413606020133,0.052604042080445855,0.0006017499105701111,0.09739933333333332,0.016248333333333333,0.01787144415992533,0.00027752902770366124,-0.10557373357370778,-0.39221977528702673,0.029459490455691236,-0.12273621446763476,0.15885729692526734,0.006741681780146382,0.3261735993919154,0.16559897870541374,0.49177257809732916
1929,0.5393161736398817,0.19871831954097147,0.052797596501105486,0.0006959292686739565,0.09884633333333333,0.016365833333333333,0.018158757710873837,0.00038523995618766843,-0.11736691583018347,-0.4137882514177884,0.03019807860348298,-0.12400319462578667,-0.02981244132901052,-0.0012146170479786175,0.30032390001408527,-0.031027058376989138,0.2692968416370961
1930,0.5412282081194042,0.2018315886504878,0.052954837085581,0.0008008207567754653,0.10029333333333333,0.016483333333333332,0.018443246325607718,0.00044860895358421064,-0.11065043240088797,-0.4040366307174972,0.02818966569860644,-0.1252701759196455,0.1966012828271184,-0.0009962088448536178,0.3207164032186827,0.19560507398226476,0.5163214772009475
1931,0.5445200645454283,0.20434627036580935,0.05357466755026553,0.0009244360381831935,0.101892,0.016849166666666665,0.018673036392743793,0.0005140514380910828,-0.09437814720405253,-0.35967538142080646,0.026564910313526525,-0.12653715743192517,0.19627004909304915,-0.023227043805791117,0.38726791725393017,0.17304300528725802,0.5603109225411882
1932,0.5490475910110499,0.20665929218084905,0.053902763876623704,0.0010482949682671411,0.10349066666666666,0.017215,0.018884398902331703,0.0005564859780492039,-0.08129290339504676,-0.33933888118824523,0.025131413889718696,-0.1278041389442048,0.010707576920904174,-0.03977926548547862,0.42749998394605937,-0.02907168856457444,0.39842829538148494
1933,0.554251951945327,0.20902266748123893,0.05439932241304254,0.0011770285558533997,0.10508933333333334,0.017580833333333334,0.019100362682413868,0.0006893232177594298,-0.0881451724889243,-0.34820628522226693,0.025780982016162628,-0.12907112045648444,0.15750431143257826,-0.04670592564172861,0.42166922681078883,0.11079838579084965,0.5324676126016384
1934,0.5607761546169318,0.2117160094712288,0.054718521563906705,0.00132285998837896,0.106688,0.017946666666666666,0.019346478615467864,0.0008094336800757159,-0.09961477582344297,-0.37961760283003104,0.026934669494668897,-0.1303381019687641,0.19525162691449985,-0.03899923618860361,0.3906883134750873,0.15625239072589625,0.5469407042009835
1935,0.5683474252920797,0.2144424320185339,0.05511659235036931,0.0015025881736903815,0.10828666666666667,0.018312500000000002,0.019595617429485308,0.0009729248307246169,-0.1094284661266424,-0.39441970975840646,0.027676847674956342,-0.13160508348104374,0.1949039408538196,-0.012384636579228616,0.3788003350704138,0.18251930427459098,0.5613196393450047
1936,0.5820266674296003,0.21687377552202353,0.055646195173117606,0.001736552738300082,0.10988533333333333,0.018678333333333335,0.01981779210212626,0.001172341742462066,-0.11879173380539587,-0.42191384012930394,0.02905017844850238,-0.13287206499332338,0.19455212532268795,0.045275129045771384,0.3613095308947758,0.23982725436845934,0.6011367852632351
1937,0.5950878219865003,0.219165020881366,0.05632163268947376,0.0019904051550392343,0.111484,0.019044166666666668,0.020027164692597896,0.001434260469190111,-0.12989669847185925,-0.4360235734765362,0.030011139337439128,-0.13413904650560304,0.19419620045192126,0.048566852678583884,0.35450629342427464,0.24276305313050514,0.5972693465547798
1938,0.6041787737548839,0.22135888834646486,0.057117020948599335,0.0022443491820784782,0.11308266666666668,0.01941,0.0202276389510383,0.0015091459241294647,-0.11887943056672606,-0.40944246264510314,0.028734667135852664,-0.1354060280178827,0.1938361513690456,0.038130060686396385,0.4041352296800018,0.231966212055442,0.6361014417354438
1939,0.6137352617993261,0.22454941841944764,0.05776259738719395,0.002512179040207208,0.11468133333333334,0.019775833333333336,0.020519187625052754,0.0017143275284358596,-0.1295408505025948,-0.4364981129454954,0.02972355351014493,-0.13667300953016234,0.19347199467362786,0.035228351702021383,0.3822617189982226,0.22870034637564923,0.6109620653738719
1940,0.6223733586481673,0.2261731342033806,0.05853263224730325,0.002820858205254524,0.11628000000000001,0.02014166666666667,0.020667561773847227,0.001948714309353889,-0.1457160073421972,-0.4578798690185293,0.03107479898894171,-0.13770644174388988,0.19310371904812884,0.01580562220983388,0.3587104069382988,0.20890934125796273,0.5676197481962615
1941,0.6300794426170467,0.22774814757444106,0.0593455037966013,0.003185949146885155,0.11854200000000001,0.020962500000000002,0.02081148552613408,0.002147978041110939,-0.15022107749460273,-0.46849353721361015,0.03205519201996778,-0.13837009259599867,0.1927313432262229,9.583217077138214e-05,0.35779349141797556,0.1928271753969943,0.5506206668149698
1942,0.636132543341248,0.23024467456348413,0.06025042681462424,0.0036449442631442635,0.12080400000000001,0.021783333333333335,0.021039616625558675,0.002174980374635689,-0.15387603417528786,-0.48263526680942553,0.03277477823847005,-0.13903374344810746,0.19235481891025416,-0.018375261579228617,0.35330425312167735,0.17397955733102555,0.5272838104527029
1943,0.6396521049874296,0.23248516842588413,0.06237231451515052,0.0041962422028259,0.12306600000000001,0.022604166666666668,0.021244351575481765,0.0024382958602131416,-0.15506296151957008,-0.4845471873036045,0.03331859286184983,-0.13969739430021622,0.1919741995557197,-0.03703356236047861,0.36206969397211075,0.1549406371952411,0.5170103311673518
1944,0.6397305186800709,0.23429671666146895,0.06309854973004352,0.004850236725660904,0.125328,0.023425,0.02140988973808063,0.0029668651667450674,-0.15095644864753371,-0.48101458969887445,0.033161211784148534,-0.140361045152325,0.1915894602346301,-0.03183856724329112,0.37593490498748544,0.159750892991339,0.5356857979788244
1945,0.6389082605532044,0.23582359947901543,0.06385204649275497,0.005447425299928892,0.12759,0.024245833333333335,0.021549415350016,0.0030065774644435807,-0.13007829181042585,-0.43638289159439386,0.02968069209518805,-0.14102469600443376,0.19120063756949526,0.003543561662958881,0.4426179706586313,0.19474419923245415,0.6373621698910854
1946,0.6386689388225478,0.23799540599781574,0.06451345632873458,0.00623242868703265,0.129852,0.025066666666666668,0.021747873692764114,0.003178717687216524,-0.1273511778051719,-0.4291382330791144,0.03027258322508394,-0.14168834685654255,0.1908076480526423,0.02059500209264638,0.45935031336703314,0.2114026501452887,0.6707529635123218
1947,0.640037505425014,0.24098469490351027,0.06478905939579509,0.00705389185565976,0.132114,0.0258875,0.022021033072793583,0.003506801210145765,-0.14886734336857588,-0.4553992659225926,0.029963199229417543,-0.1423519977086513,0.19041057499212052,0.06608631068639638,0.4197390780925165,0.2564968856785169,0.6762359637710333
1948,0.6403291317105271,0.24397086878487464,0.06493662436720572,0.007949243429049874,0.134376,0.026708333333333334,0.02229390780381734,0.003907138329178375,-0.15895305100915494,-0.4763554010472621,0.030119566730750034,-0.1430156485607601,0.19000939338278075,0.08165569545202138,0.3962667138715593,0.2716650888348021,0.6679318027063614
1949,0.6419624291645634,0.24631700928717423,0.0650765074385338,0.008878905581611207,0.136638,0.027529166666666667,0.022508296678659563,0.003832337080949788,-0.13918746676055047,-0.4608932453834859,0.03158051768355169,-0.14367929941286886,0.18960407625379785,0.06663233119420887,0.4405631580248053,0.25623640744800674,0.6967995654728121
1950,0.6449708020678837,0.24803571197582103,0.06554384404696,0.009829514753283843,0.1389,0.02835,0.022665350672333908,0.004596029047981118,-0.15302829617569183,-0.4957887577941021,0.03210785862628895,-0.14434295026497765,0.18919466794119869,0.03298186732702138,0.4018391069557812,0.22217653526822007,0.6240156422240013
1951,0.648048370028015,0.2505040063819926,0.06594206466450217,0.010827864110527604,0.14357083333333334,0.029134166666666666,0.022890901895715375,0.005038390851708426,-0.16257522978336847,-0.4903020291012834,0.03270782280444896,-0.14686190828124543,0.18878112224009616,-0.011511003766728615,0.4089252535710127,0.17727011847336754,0.5861953720443802
1952,0.6535029205145447,0.2532175362604749,0.06648269552912965,0.011801624291880192,0.14824166666666666,0.029918333333333335,0.02313886258559237,0.005325874414352547,-0.17021037553304832,-0.5072677639039591,0.03291170960787602,-0.14950899634113574,0.1883634684273946,-0.013523479352666115,0.397554087425707,0.17483998907472847,0.5723940765004355
1953,0.6600074630364317,0.2576659048004884,0.06748752956975237,0.012899668217125298,0.1529125,0.0307025,0.02354535176441277,0.005626946359146312,-0.17585003376064984,-0.5233909576859173,0.032895981217272934,-0.15215608440102604,0.18794171596495649,-0.026581169782353614,0.3923467691170365,0.16136054618260287,0.5537073152996393
1954,0.6661014200865364,0.26308458583737954,0.06817567267493437,0.014155653252575423,0.15758333333333333,0.03148666666666667,0.024040507501884297,0.005909296424774423,-0.17911591316763584,-0.5333239519516955,0.03344127408167856,-0.15480317246091638,0.18751581918827526,-0.02642516392297861,0.3967353722795154,0.16109065526529665,0.557826027544812
1955,0.6713981659730996,0.2690311329103075,0.06912947827071714,0.015583054790023629,0.16225416666666667,0.03227083333333333,0.024583899312780433,0.006533776396025631,-0.1971421579927216,-0.5593659795903096,0.03483683698273638,-0.1574502605208067,0.18708581730812426,0.0008758614676463821,0.3716629465318524,0.18796167877577064,0.559624625307623
1956,0.6760404781380516,0.2760178154833586,0.07023128974585925,0.017213700591193006,0.166925,0.033055,0.025222338065382006,0.007066574661766887,-0.212480713206671,-0.596740602101413,0.03641667741188102,-0.16009734858069702,0.18665172182236586,0.061016120256708876,0.3388702102087112,0.24766784207907475,0.586538052287786
1957,0.6808722960602173,0.283076262569212,0.07127213468860093,0.019061245846722925,0.17159583333333334,0.03383916666666667,0.025867334614986026,0.007328085726774604,-0.22271124853693597,-0.6238205764610005,0.037126707302437896,-0.16274443664058733,0.18621347893534368,0.11695982142858387,0.32076280517042777,0.30317330036392753,0.6239361055343553
1958,0.6867346569008239,0.28862098609424114,0.07210582349653835,0.0210276545497026,0.17626666666666668,0.03462333333333334,0.02637400803743326,0.00775437343355732,-0.22231186445421944,-0.6143682028230739,0.03903880089204126,-0.16539152470047766,0.18577114475214895,0.12437009974889635,0.3504747114265666,0.3101412445010453,0.6606159559276119
1959,0.6944994604709203,0.293320740179402,0.07279492503720501,0.023082048654095414,0.1809375,0.0354075,0.026803468672619086,0.008172170068976789,-0.2316513747912876,-0.628648319676043,0.04060108242458172,-0.168038612760368,0.18532469247363798,0.09270091029577138,0.3472805882801018,0.27802560276940935,0.6253061910495111
1960,0.7084723709726762,0.2965317525514637,0.07375229811028432,0.02540913811683911,0.18560833333333335,0.03619166666666667,0.027096889006514694,0.008725807876761884,-0.24753620996426606,-0.6505707698102456,0.04221479501155659,-0.16943343317265475,0.18487413836965705,0.07100049525670887,0.3364626386989296,0.2558746336263659,0.5923372723252955
1961,0.7199041496346885,0.29904429350641415,0.07478795673341598,0.028114775987283697,0.19057083333333336,0.03724416666666667,0.02732648345228589,0.009513186618672325,-0.2597891236323154,-0.6752122905547514,0.04140369178729588,-0.17013932196482898,0.17328601490743709,0.022903888811396374,0.322768801568161,0.19618990371883346,0.5189587052869945
1962,0.7325491155944012,0.3051988254788078,0.0758822949432556,0.031219397706512806,0.19553333333333334,0.038296666666666666,0.027888880795262014,0.010420909785018227,-0.26360277482416916,-0.6794178209382968,0.042145158194977765,-0.1708452107570032,-0.0173862715162735,-0.01051256626672862,0.34526877597876604,-0.02789883778300212,0.3173699381957639
1963,0.7427547435059364,0.3136941866257989,0.07709092226152936,0.034831902851524314,0.20049583333333332,0.03934916666666667,0.028665181667224534,0.011113300745866807,-0.28087025362602175,-0.7255007343464124,0.04336423912681767,-0.17155109954917744,-0.9057360800337544,-0.022088201032353615,0.3134373892630866,-0.927824281066108,-0.6143868918030214
1964,0.7542779268631226,0.3213640170879516,0.07822299020633852,0.03900497924760435,0.20545833333333333,0.04040166666666667,0.029366046053393997,0.011843928604924201,-0.2906373079630808,-0.7130364196076848,0.0436250255593127,-0.17225698834135167,-0.6583329521181572,-0.027454802594853615,0.34763419771053056,-0.6857877547130109,-0.33815355700248034
1965,0.7623191305605423,0.3276519260826767,0.07936807335108065,0.043725235716267546,0.21042083333333333,0.04145416666666667,0.029940631306565362,0.012632898751304855,-0.30293370794718083,-0.7340518486743257,0.04437138002392741,-0.1729628771335259,-0.3379166499390449,-0.02445949009485361,0.3419358420373324,-0.3623761400338985,-0.020440297996566104
1966,0.7803824602839793,0.33275505819413875,0.0806691990903299,0.04898232002950259,0.21538333333333332,0.042506666666666665,0.030406952377479583,0.013802082895638357,-0.31408181936991464,-0.7513072614075793,0.04480754898804196,-0.17366876592570016,0.11573098445728758,0.001172272600458882,0.3506377751559162,0.11690325705774646,0.46754103221366267
1967,0.7904046296802901,0.3382195011396428,0.08196641396698978,0.05486300185196297,0.2203458333333333,0.04355916666666666,0.030906289809989638,0.015750190963475554,-0.32290072694230426,-0.7766799158149615,0.0442725716467913,-0.1743746547178744,-0.14484428677344918,0.03288826381139638,0.34633230158400186,-0.1119560229620528,0.23437627862194904
1968,0.8057222267576737,0.3460685907527897,0.0832528734288499,0.0614684840635766,0.2253083333333333,0.04461166666666666,0.031623534787027015,0.01770496674428303,-0.3404165618018358,-0.7919974627533426,0.045271517484358086,-0.17508054351004862,-0.02801274276709359,0.04962769252233387,0.35353762595333116,0.02161494975524028,0.3751525757085714
1969,0.8201957778184948,0.35399865111959256,0.0845464317486066,0.0688422501197698,0.2302708333333333,0.045664166666666665,0.03234817882168879,0.01860092172221066,-0.3517957510798477,-0.8042255637509376,0.04671036445548817,-0.17578643230222285,0.058398963372145764,0.05260740443639637,0.36936982867284335,0.11100636780854213,0.48037619648138546
1970,0.8460828323162897,0.36367362831178485,0.08583879676756581,0.07696071317565505,0.2352333333333333,0.04671666666666666,0.03323227228170332,0.019293669744310096,-0.378253352759496,-0.8458537775277363,0.0478206003894069,-0.17649232109439708,0.05426093257312983,0.054541877092646365,0.3542530616050862,0.1088028096657762,0.4630558712708624
1971,0.8562872205507316,0.3724963570619339,0.08716241534002743,0.08573730933990835,0.23942166666666664,0.047599999999999996,0.03403848780371857,0.02052016448191159,-0.37786631624113365,-0.8548963665631537,0.04923634346118034,-0.1771960869898431,-0.08289377207700367,0.025868000139521383,0.3825411949119477,-0.05702577193748229,0.32551542297446545
1972,0.8890947933864976,0.3804381392970996,0.08850734750486762,0.09530278867208598,0.24360999999999997,0.04848333333333333,0.034764202975495484,0.021441562303519738,-0.39445071434246815,-0.902013489971477,0.05050313536370414,-0.17783604731219693,0.03260232308227718,0.02408953334264638,0.37784505121046164,0.05669185642492356,0.4345369076353852
1973,0.9320212451097925,0.3863266697918363,0.08989227877426956,0.1059719737958863,0.24779833333333331,0.04936666666666666,0.03530229326719085,0.02230138713728842,-0.4084308592274051,-0.8987056093063149,0.05214454737407427,-0.1784760076345508,0.1630593791998909,-0.004677947126103617,0.4355129190820672,0.1583814320737873,0.5938943511558545
1974,0.9459471077766152,0.392056763104901,0.09132725522540894,0.11776847451683087,0.25198666666666664,0.050249999999999996,0.0358259056667572,0.021280357982607367,-0.3996014289781634,-0.8975692534204798,0.05241229097972452,-0.17911596795690465,0.031220399866711417,-0.018796477399541114,0.4825681715639638,0.012423922467170303,0.4949920940311341
1975,0.9468240853930382,0.3987510654608889,0.09280807183677521,0.12977122200064842,0.256175,0.05113333333333333,0.03643762689510954,0.021934493788609944,-0.3890064790945248,-0.8889556522481223,0.05379576831934259,-0.17975592827925851,-0.2160857333926007,-0.01848446568079112,0.5299126074058405,-0.23457019907339183,0.2953424083324486
1976,0.9585542215314917,0.4061572151041566,0.09433111323084725,0.14155353382254907,0.26036333333333334,0.05201666666666666,0.037114396290368265,0.021697307467390757,-0.40855015185992943,-0.9282907543447999,0.055556130301480953,-0.18039588860161238,0.04395100742443132,-0.023133440290166115,0.5101071229419427,0.020817567134265202,0.5309246900762079
1977,0.9884687858943787,0.41401943705280286,0.09589371859766177,0.15331554799922487,0.2645516666666667,0.052899999999999996,0.037832841292139464,0.022969760781698767,-0.40792409748622266,-0.937471512775928,0.0578217236933003,-0.18103584892396618,0.1285983270442553,0.006975690569208881,0.5613420227917569,0.1355740176134642,0.6969160404052211
1978,1.0157314135989797,0.4220924015460689,0.09751971824632308,0.1650037469443687,0.26874,0.05378333333333333,0.038570543817907255,0.023587103772551708,-0.4033173352166004,-0.9512820475943341,0.06003291957382217,-0.18167580924632004,0.1535849778825565,0.05309102260045888,0.6087859887761002,0.20667600048301538,0.8154619892591156
1979,1.0418484450711183,0.4301294731694063,0.0992128752755887,0.17581377029758088,0.27292833333333333,0.05466666666666666,0.039304966475316214,0.024395964849702686,-0.4103321063883503,-0.9648400025932502,0.06166555749709328,-0.1823157695686739,0.1381424791155464,0.09188967982702137,0.6424781740855321,0.23003215894256776,0.8725103330280999
1980,1.0777261227212567,0.43789965331059905,0.10128362952001486,0.18666116377446287,0.2771166666666667,0.055549999999999995,0.04001500075338221,0.02429473983877262,-0.41084321461696827,-0.9644335517609838,0.06090036013536364,-0.18295572989102776,0.09295142243670404,0.08424539271764638,0.7032148404515388,0.17719681515435043,0.8804116556058892
1981,1.0974112960653706,0.44516773980739927,0.10389727515935226,0.19722935643891984,0.28103333333333336,0.05429166666666666,0.04067915402330687,0.023618730593625552,-0.39591058833105114,-0.948806834300391,0.0610504676978134,-0.18359569021338162,0.06090904330060992,0.08678828822545888,0.776065906940964,0.1476973315260688,0.9237632384670328
1982,1.10983773845435,0.45170771720125047,0.10755901176262653,0.2076467962610196,0.28495000000000004,0.05303333333333333,0.041276773131619884,0.023684678385360373,-0.3925549023939796,-0.9827692881592873,0.0616574043814572,-0.1842551021871568,-0.28476842996530666,0.04344986049108388,0.7817741601705942,-0.24131856947422278,0.5404555906963714
1983,1.1372441144040488,0.4573423858722663,0.1093304972660695,0.2180898346097103,0.2888666666666667,0.051775,0.04179166568613815,0.023868323392574824,-0.3747510722719722,-0.9321946904402351,0.06266556778511631,-0.18499553591561244,-0.7463887222952931,0.04162459193639638,0.899032757054771,-0.7047641303588967,0.1942686266958743
1984,1.1624203135271576,0.4621302354547206,0.11145822957365115,0.22861214661520796,0.2927833333333334,0.05051666666666667,0.042229176433636044,0.025211794710575414,-0.37733666749429307,-0.9508662405561356,0.06442799164889154,-0.18573596964406813,-0.28274908732446,-0.00935812290735362,0.9258510102693434,-0.29210721023181363,0.6337438000375297
1985,1.1862040608550914,0.4672744903634963,0.11316343361810413,0.2405123105326152,0.2967000000000001,0.049258333333333335,0.04269925528045405,0.025836100935671236,-0.3774734162170094,-0.9606842062085964,0.06528547634189219,-0.18647640337252383,-0.018882576489490373,-0.026581169782353614,0.9622994354625282,-0.04546374627184399,0.9168356891906841
1986,1.2089261919690664,0.4722591066271278,0.11598059340335436,0.2534667752589961,0.3006166666666667,0.048,0.04315474644615054,0.02726732696824225,-0.37236863610651255,-0.9660047359441053,0.06716792774450939,-0.18721683710097947,-0.020462861398224258,-0.02445949009485361,1.0112491259325163,-0.04492235149307787,0.9663267744394384
1987,1.2370251053675525,0.4762422126516236,0.11656801380277432,0.26697880214688596,0.3045333333333334,0.04674166666666667,0.043518720222713345,0.02839993437662512,-0.38286018896612756,-0.994411450876928,0.06900333917843954,-0.18795727082943517,0.05749581472350085,-0.013585881696416115,1.0237822170741235,0.043909933027084735,1.0676921501012082
1988,1.2774187414875717,0.48145643337288396,0.11874461422694746,0.28146628428895387,0.30845000000000006,0.045483333333333334,0.04399519250240603,0.029610474614276305,-0.37769069716308645,-0.9995460281223622,0.07114020169224318,-0.18869770455789084,0.11150583200562336,0.03143740931920888,1.0918308456752766,0.14294324132483224,1.2347740870001087
1989,1.3036127322387039,0.48679954118404145,0.12200421371382668,0.2943488786726063,0.31236666666666674,0.04422500000000001,0.04448344240503205,0.03071471829876916,-0.3756726079762735,-0.9910988204935839,0.07209422087223392,-0.1894381382863465,0.1485811219733478,0.09329373256139636,1.1544398472956763,0.24187485453474417,1.3963147018304205
1990,1.3222751464533264,0.4897942790754542,0.12487179921351575,0.305414944722207,0.3162833333333334,0.042966666666666674,0.04475709971002212,0.03100131819113562,-0.3749172384771836,-1.007792453917762,0.07426274171138521,-0.19017857201480218,0.1442609809107599,0.08185850306920887,1.1787390646672982,0.22611948397996878,1.404858548647267
1991,1.3429329731609725,0.4950943592645274,0.1270265211540204,0.314300668242724,0.32037666666666675,0.04282500000000001,0.0452414177750294,0.029832654002339278,-0.39158016183229816,-1.0706525945853502,0.07386846142720356,-0.19064378940199794,-0.5680412135432297,0.08014243861608387,1.1386221758738373,-0.4878987749271458,0.6507234009466916
1992,1.353941093640224,0.49807194522872894,0.12863891967731333,0.3219081750071787,0.3244700000000001,0.04268333333333334,0.04551350774746944,0.030071078761973666,-0.3540583404076593,-0.9729081380375576,0.07242383093323214,-0.19097793978049799,-1.7806345153705616,0.05937805873327137,1.299777466103739,-1.7212564566372903,-0.4214789905335514
1993,1.365246922023252,0.4988420671293452,0.12961982088303894,0.3264425289575164,0.3285633333333334,0.04254166666666667,0.04558388101266931,0.03033479720293558,-0.3503709070943757,-0.9826775052060843,0.07209275405516853,-0.19131209015899808,-0.7869664813049515,0.010517023577021379,1.3149072688044678,-0.7764494577279302,0.5384578110765377
1994,1.3887369094302946,0.5009906785618532,0.13129148214542097,0.3301453101271277,0.3326566666666667,0.04240000000000001,0.045780219802710666,0.03156954493289763,-0.3554438670501054,-1.022526854701238,0.07242534624920406,-0.19164624053749815,-0.08042895102945034,-0.019061687360478616,1.3063791956273347,-0.09949063838992896,1.2068885572374057
1995,1.4172765006000434,0.5029507187239755,0.13313325924006916,0.3334950376018812,0.33675000000000005,0.04225833333333334,0.04595932706614655,0.032262228848041107,-0.3287799214591156,-0.9825180676804359,0.07384445103963103,-0.19198039091599822,0.09291895919796883,-0.024677898297978614,1.4146514763975713,0.06824106089999021,1.4828925372975614
1996,1.4444423729981655,0.5036782030180222,0.13577564036080036,0.33647560960090256,0.3408433333333334,0.04211666666666667,0.04602580413310533,0.033709879096674576,-0.3198670741421732,-0.9609593778583211,0.07341610390740695,-0.1923145412944983,0.15574467653515375,-0.036877556501103616,1.4833426198200854,0.11886712003405014,1.6022097398541355
1997,1.461607247431902,0.5050384233487694,0.13835908329423685,0.3387343922394494,0.3449366666666667,0.041975000000000005,0.04615010022959254,0.03500659015609185,-0.3569593116444945,-1.0491271810315328,0.07323988367921412,-0.1926486916729984,0.17631438385779344,-0.020465740094853614,1.3863122026968968,0.15584864376293983,1.5421608464598366
1998,1.502263879337905,0.5090417454200947,0.1407109592869772,0.3410179984529152,0.34903,0.04183333333333334,0.046515921336069854,0.03581157105915778,-0.3391798861559474,-1.035938959448778,0.0702427042591176,-0.19298284205149843,0.17797279273091715,0.026429621233271382,1.4683664248293473,0.20440241396418854,1.6727688387935358
1999,1.5344105401005887,0.5119555206526756,0.14374438694050098,0.3431644815377515,0.35312333333333334,0.04169166666666667,0.04678218032313557,0.0371264231212236,-0.3036888703397107,-0.9435369689240861,0.06936139936350151,-0.19331699242999853,0.18145961540101715,0.060938117327021375,1.6408171003455823,0.24239773272803852,1.8832148330736207
2000,1.552698816462285,0.5124649414396154,0.14677973268698893,0.3452416509950263,0.3572166666666667,0.041550000000000004,0.04682873088105238,0.03865237451684681,-0.30211344737011314,-0.9166894250205294,0.06866931344682595,-0.19365114280849857,0.1821064612361674,0.08603946010045888,1.697648211896166,0.2681459213366263,1.9657941332327922
2001,1.5765553160405752,0.5118332629639363,0.14906469877938475,0.3471652070052498,0.3607619047619048,0.04209047619047619,0.04677100849079904,0.03778433616236874,-0.2992405205353634,-0.9190483473067182,0.06973018531348268,-0.19398529318699867,0.17684604810032892,0.07547786342077137,1.729482234679097,0.2523239115211003,1.9818061462001972
2002,1.6069715528409247,0.5121600544567813,0.15103425758624248,0.34890752453108226,0.3643071428571429,0.04263095238095239,0.046800870496246025,0.03834979984753324,-0.3163754281204004,-0.976990813261402,0.07083344996159077,-0.19431944356549877,0.18362984254047388,0.08076646205358387,1.6943099200111946,0.2643963045940577,1.9587062246052525
2003,1.6452009857510843,0.5137073240853881,0.1531757684245503,0.35048551424317964,0.367852380952381,0.043171428571428576,0.0469422590424262,0.038179140010576665,-0.3324618580937658,-0.9996206755545556,0.07281425328609539,-0.1946535939439988,0.16727480702269162,0.019393756975458882,1.7047929267747899,0.18666856399815052,1.8914614907729403
2004,1.6725985686574856,0.513493827984271,0.15516928509511907,0.3522059234446176,0.3713976190476191,0.043711904761904764,0.046922749900131934,0.04068865370715238,-0.33085722456375505,-1.006455418290757,0.07618339045145173,-0.1949877443224989,0.17818971209355758,-0.007392449079228617,1.7400715358727419,0.17079726301432896,1.910868798887071
2005,1.7027034015269278,0.5126748886504369,0.15733644366005367,0.35401145528860384,0.3749428571428572,0.04425238095238095,0.04684791572793609,0.042420986685955904,-0.34268296957510946,-1.0319952688608487,0.07814277810915625,-0.19532189470099895,0.1504638360857737,-0.033851042829228614,1.7433329746073514,0.1166127932565451,1.8599457678638964
2006,1.7342911069583793,0.5127222393765606,0.15989171565933577,0.35577801491603567,0.3784880952380953,0.04479285714285715,0.04685224260814069,0.0430948246604738,-0.36032892710403414,-1.0511915072001479,0.07935902630229287,-0.19565604507949905,0.13535876116368314,-0.03985726841516611,1.7480936434784897,0.09550149274851703,1.8435951362270067
2007,1.7599772212440419,0.5153274438801899,0.16214109796702486,0.35784821245277487,0.3820333333333334,0.04533333333333334,0.04709030459194752,0.044201789777326035,-0.33782144672666364,-1.0412372108500016,0.081129201969196,-0.19599019545799912,0.1217507343766205,-0.05137050083704111,1.8200330855145026,0.0703802335395794,1.890413319054082
2008,1.7909860764298087,0.5178253040527209,0.16485975407204612,0.360017953475704,0.38503333333333334,0.04756666666666667,0.047318557516858546,0.04400615730594484,-0.3228816000291703,-1.0126199705851675,0.08269833669546581,-0.1963243458364992,0.13829009416050453,-0.05385099400110361,1.9084862230977113,0.08443910015940093,1.9929253232571122
2009,1.8129370311132715,0.5196471323880069,0.16697395268194376,0.3618567750078726,0.38803333333333334,0.0498,0.04748503506863979,0.04166350650656136,-0.29150987602024525,-0.9798033714732487,0.08334310761841648,-0.19665849621499926,0.1111889813919149,-0.05391339634485361,2.003768130009553,0.05727558504706128,2.061043715056614
2010,1.8461614422411037,0.5216320810578372,0.16961054937403583,0.36398370864779944,0.3910333333333333,0.05203333333333333,0.04766641845617663,0.04381394077581312,-0.272786468966305,-0.9952355990248286,0.08490952598611577,-0.19699264659349935,0.14379827203307036,-0.03176056431360362,2.0558296186209146,0.11203770771946674,2.167867326340381
2011,1.873420818823081,0.5236770264556583,0.17263634552566595,0.3659459031762988,0.3950833333333333,0.05503333333333333,0.047853284307783954,0.04518378741218054,-0.2804194166512558,-0.9776503759094319,0.0849467342631381,-0.1973267969719994,0.10515432535030553,0.0026075265067088817,2.1083839770977857,0.10776185185701441,2.2161458289548
2012,1.9024406133994827,0.5256172301381363,0.17523632426451827,0.3676210748306623,0.3991333333333333,0.058033333333333326,0.04803057892592106,0.04584138012410817,-0.2818353201849206,-0.9992509852094265,0.08519392848911109,-0.1976609473504995,0.14074641810648222,0.016975666155146382,2.128400544093761,0.1577220842616286,2.2861226283553893
2013,1.9416502012994663,0.5275782734753519,0.17799861892515456,0.3696491755847773,0.4031833333333333,0.06103333333333333,0.04820977785887942,0.046761828435306484,-0.25810192767779105,-0.9513710238558268,0.08467661132818141,-0.19799509772899954,0.16376162039790046,0.02524397670202138,2.2532731043111673,0.18900559709992185,2.442278701411089
2014,1.9692147565338654,0.5310087601390516,0.18132509262121124,0.3714826664199547,0.4072333333333333,0.06403333333333333,0.04852325361843899,0.04836022572140877,-0.2516320470645047,-0.9596446870310742,0.08388539457804116,-0.19832924810749963,0.14541462482663012,0.03513474818639638,2.29546083409556,0.18054937301302648,2.4760102071085863
2015,2.0017756640136857,0.5351365979472537,0.18406162439590654,0.3732417368627998,0.4041666666666666,0.06323333333333332,0.0489004528963016,0.05099862917375423,-0.22492223659790342,-0.9213088350758214,0.08263693169806259,-0.19866339848599968,0.11664658632152232,0.005228424944208882,2.39925716682804,0.1218750112657312,2.521132178093771
2016,2.050532358482925,0.5381618564941182,0.18645288921832645,0.3751910537894127,0.40109999999999996,0.06243333333333332,0.04917689915999868,0.05342385416160407,-0.21517622239089723,-0.9034286707176553,0.08165543145244793,-0.19899754886449977,0.13418592069820806,-0.031556094338903905,2.480525234119114,0.10262982635930415,2.583155060478418
2017,2.0805808685666394,0.5408538980543058,0.18914735358484758,0.37742468601430523,0.3980333333333333,0.06163333333333332,0.04942289626057788,0.056724848873637206,-0.20679697639833788,-0.8898849358097821,0.08129163641018186,-0.19933169924299987,0.15761021594056238,-0.04143544933338944,2.539099242980042,0.11617476660717294,2.655274009587215
2018,2.1138314238017317,0.544096679899097,0.19253041915515584,0.37940357109069683,0.40326666666666666,0.06379999999999998,0.049719219669334576,0.0574,-0.20963495769362994,-0.8915168320623815,0.08072774843357289,-0.19966584962149994,0.14691364439248025,-0.04543642261839527,2.583958089338745,0.10147722177408498,2.6854353111128297
2019,2.14885841361292,0.5471693678196248,0.19515542176178088,0.3810644580301963,0.4085,0.06596666666666666,0.05,0.05753492821428848,-0.20882921343773206,-0.8873163385544331,0.08,-0.2,0.14691364439248025,-0.04614174006808852,2.6381037041133117,0.10077190432439173,2.7388756084377035
