year,co2,ch4,n2o,other_wmghg,o3_trop,o3_strat,h2o_strat,contrails,aerosol-radiation_interactions,aerosol-cloud_interactions,bc_on_snow,land_use,volcanic,solar,aerosol,ch2_other_anthro,total
1750,0.0,0.0,0.0,0.0,0.0,0.0,0.0,0.0,0.0,0.0,0.0,0.0,0.25868401408619995,0.14741673749617282,0.0,0.0,0.37089514520262856
1751,0.001759923150994989,0.0006510699531566681,9.868553852822684e-05,9.305375510381954e-10,0.0004512134223976121,0.0,9.871178226278786e-05,0.0,0.0021063627003815436,0.017592936221642423,3.910145854606865e-05,-0.00011325854698072058,0.25869938966931877,0.11068081138766976,0.01827729614331148,-3.332467232311399e-05,0.3466957358264563
1752,0.0035193812235068843,0.001301717634750898,0.00019735886504626158,1.8610751020763909e-09,0.0009024268447952242,0.0,0.00019735954194501418,0.0,0.0035013994562656313,0.027756270955732593,7.82314598557784e-05,-0.00022651709396144117,0.2587045633287247,0.05045388491046412,0.029062121463945163,-6.666325333835498e-05,0.30576618887300144
1753,0.005278374486923144,0.0019519437709080978,0.0002960199866577063,2.7916126531445172e-09,0.0013536402671928366,0.0,0.0002959433891379723,0.0,0.002120427048020423,0.018000496543127742,0.00011725240163483137,-0.00033977564094216117,0.2587062927158829,9.4017375893286e-06,0.018642828563120776,-0.00010010543595858701,0.26230991356758215
1754,0.007036903210405087,0.0026017490856693106,0.0003946689104537298,3.7221502041827133e-09,0.0018048536895904485,0.0,0.00039446343361693506,0.0,-0.00022856107082953596,-0.0002388020432575736,0.00015630188617751466,-0.00045303418792288233,0.25870687421345223,3.886827541246174e-05,-0.0008497748467380194,-0.00013356916922021273,0.2366858868925086
1755,0.008794967662874555,0.003251134301000616,0.0004933056435103513,4.6526877552209085e-09,0.002256067111988061,0.0,0.0004929197848425804,0.0,0.001024753775734102,0.005314208348644484,0.00019531111233667036,-0.0005662927349036023,0.22500077033843416,5.982611668376539e-05,0.005941282195029285,-0.00016708641651186644,0.20654214299480614
1756,0.01055256811302234,0.0039001001368011946,0.0005919301928894098,5.5832253062591046e-09,0.002707280534385673,0.0,0.0005913125519622142,0.0,0.0018454122432391474,0.017246267101841146,0.00024632028085582375,-0.0006795512818843235,-0.05292715268302027,6.631783807181738e-05,0.017624556561597393,-0.000193413235317815,-0.04935862941811501
1757,0.012309704829300312,0.004548647310911079,0.0006905425656409166,6.5137628572973e-09,0.0031584939567832855,0.0,0.0006896418438109446,0.0,0.002514322849234585,-0.000630598976283147,0.0002852489902481038,-0.0007928098288650436,0.0916726583940601,4.9928245184698465e-05,0.0006776685904914963,-0.00022717644575660325,0.08781614387141244
1758,0.014066378079935256,0.00519677653912025,0.0007891427687984944,7.4443004083654266e-09,0.003609707379180897,0.0,0.0007879077689130624,0.0,0.001275974778565044,-0.0003144316471708579,0.00032413744125682037,-0.0009060683758457647,0.20030428597526911,5.955515124066432e-06,0.0004708163088296381,-0.0002608305338423251,0.21108023909983506
1759,0.01582258813291693,0.005844488535175941,0.000887730809384034,8.374837959403622e-09,0.004060920801578509,0.0,0.0008861104354831472,0.0,0.0008284629477158383,-0.0003451655189696987,0.0003629856338820775,-0.0010193269228264846,0.23898467770625895,0.08718981101896717,-0.00011432113116610195,-0.00029472768456944133,0.31737989963644897
1760,0.01757833525599968,0.006491784010791861,0.000986306694404514,9.305375510441817e-09,0.004512134223976122,0.0,0.0009842499514274672,0.0,0.0008365304672584359,-0.0006266014303351942,0.00040172476697674254,-0.001132585469807206,0.25207743071067756,0.13701447270524467,-0.00113462699981254,-0.0003287354772080187,0.37124717587954387
1761,0.019333619716709514,0.007138663675654899,0.0010848704308543547,1.0235913061480012e-08,0.004963347646373733,0.0,0.0010823264243449938,0.0,0.0017958725449506076,-0.0006427608351861507,0.00045187516149983707,-0.0012458440167879257,0.25647996056450606,0.12470668793759992,2.4611247040568288e-05,-0.00035583224088674365,0.36890990833053955
1762,0.02108844178233755,0.007785128237434641,0.0011834220257136182,1.1166450612518209e-08,0.005414561068771346,0.0,0.0011803399615288469,0.0,-7.693035689251058e-05,-0.00025841669812022425,0.0004840973263817485,-0.001359102563768647,-0.5985540827452811,0.08047363405185137,-0.0006368128879649587,-0.00039347231194072636,-0.5284069127627891
1763,0.022842801719948458,0.008431178401790505,0.0012819614859489806,1.2096988163586335e-08,0.005865774491168959,0.0,0.0012782906699673742,0.0,0.00019155304785503153,-0.0003525395474508794,0.0005162795598697191,-0.001472361110749367,-0.3656394314267637,0.01371795880196108,-0.0005363996613408066,-0.00043183023714126183,-0.3306154291622973
1764,0.024596699796367156,0.009076814872379912,0.0013804888185137752,1.302752571462453e-08,0.006316987913566571,0.0,0.0013761786563453915,0.0,0.004393468413619514,0.03176296303062963,0.0005484218619639138,-0.0015856196577300882,-0.0320481332793866,2.56043261566271e-05,0.033740137001882615,-0.0004697529843345964,0.00799389895528391
1765,0.026350136278192614,0.009722038350866012,0.0014790040303480395,1.3958063265662724e-08,0.0067682013359641816,0.0,0.0014740040270453544,0.0,0.0008663252653085675,-0.0005629227558366475,0.0005805242326641641,-0.0016988782047108082,0.1529147504311224,5.115713071494698e-05,-0.0006517040429481725,-0.0005068313782488282,0.1591162681741962
1766,0.028103111431791342,0.010366849536926728,0.0015775071283776407,1.4888600816700922e-08,0.007219414758361794,0.0,0.0015717668881487282,0.0,0.0015024659740645054,0.00436172633299961,0.0006363918688689028,-0.0018121367516915282,-0.14807345954130857,6.32456242461961e-05,0.005305949309044837,-0.0005315297291176806,-0.14387494670113798
1767,0.029855625523299078,0.011011249128260696,0.001675998119516164,1.5819138367739118e-08,0.007670628180759406,0.0,0.0016694673454368894,0.0,0.0012909758676800517,0.0017358887187366935,0.0006684143767814363,-0.0019253952986722496,-0.19096894430792102,5.195857779989168e-05,0.002539740254833736,-0.0005700782353317382,-0.18680218538246537
1768,0.031607678818620935,0.011655237820596746,0.0017744770106631143,1.6749675918807244e-08,0.008121841603157019,0.0,0.0017671055043925624,0.0,0.0035933891413897803,-0.0013834540008753004,0.0007003969533000683,-0.0020386538456529705,0.041766294358279034,3.871752703210235e-06,-0.00035519793318306996,-0.0006081102011548145,0.07591277434982481
1769,0.03335927158343179,0.012298816307701162,0.0018729438087053442,1.768021346984544e-08,0.008573055025554631,0.0,0.0018646814702009222,0.0,0.001473033685384908,-0.0009311840777247831,0.0007323395984248168,-0.00215191239263369,0.1847896039021244,0.12339469057658196,-0.0007613494753751087,-0.0006458189822151327,0.31963183328720024
1770,0.03511040408317779,0.01294198528138509,0.0019713985205157174,1.8610751020883634e-08,0.009024268447952243,0.0,0.001962195347750715,0.0,0.0015289582747970527,-0.0010002681117369397,0.0007642423121557178,-0.0022651709396144105,0.05123479018638055,0.18680789635911696,-0.0008179310059923493,-0.0006826743214751376,0.26786230086928486
1771,0.036861076583069925,0.013584745431512378,0.0020698411529549965,1.954128857192183e-08,0.009475481870349854,0.0,0.002059647241635448,0.0,0.0014254690088761084,0.007338647247675471,0.0009512445578588311,-0.002378429486595132,0.12418436717301518,0.17168868867500517,0.008202042862761437,-0.000634827057538375,0.32629344265807264
1772,0.03861128934809782,0.014227097446007853,0.0021682717128695835,2.0471826122960025e-08,0.009926695292747466,0.0,0.002157037256154645,0.0,0.0032095010128078173,0.021006796279794654,0.001113096491419039,-0.0024916880335758514,0.21057215181729494,0.12576878103937636,0.022730443464474028,-0.0005999152053250334,0.366250845097839
1773,0.040361042643016404,0.014869042010864126,0.002266690207093407,2.1402363674028154e-08,0.010377908715145078,0.0,0.002254365495314876,0.0,0.0023954807381598524,0.015047503853713048,0.0012748417303825716,-0.0026049465805565728,0.24240407418301735,0.05379635437781941,0.016382317117331846,-0.000559614534633807,0.33549528341865736
1774,0.04211033673235437,0.015510579810149559,0.0023650966424479678,2.2332901225066346e-08,0.010829122137542693,0.0,0.002351632062830967,0.0,0.0022856200868551276,-0.0008362568863215505,0.001436480274749426,-0.0027182051275372924,0.2532246874300685,1.1886223552657142e-05,-0.00043052846567319863,-0.000518734185409582,0.28851155225192515
1775,0.04385917188040627,0.016151711526015963,0.0024634910257405373,2.326343877610454e-08,0.011280335559940303,0.0,0.002448837062127169,0.0,0.002970624787871805,-0.00046402301625934975,0.0015980121245196953,-0.0028314636745180133,0.2568652750141511,4.247478729471284e-05,0.0013835318760413882,-0.00048332827224274174,0.282273788689096
1776,0.04560754835124632,0.016792437838705637,0.002561873363766048,2.4193976327142743e-08,0.011731548982337917,0.0,0.0025459805963382195,0.0,0.00149061934278373,0.0036584463454871945,0.0017858569201816884,-0.002944722221498734,0.25808845645984363,6.0587491414462854e-05,0.004601157793085151,-0.00041838234755901376,0.2839777391788521
1777,0.047355466408716504,0.01743275942655953,0.0026602436633071345,2.5124513878180935e-08,0.012182762404735528,0.0,0.002643062768310586,0.0,0.004133880945431971,-0.0006963159912039124,0.0019471753807585898,-0.0030579807684794555,0.25849933243964485,5.732827326902111e-05,0.0018293868607744512,-0.0003836799710001817,0.2822006334896551
1778,0.0491029263164281,0.018072676966023982,0.0027586019311327953,2.605505142924906e-08,0.012633975827133142,0.0,0.002740083680603484,0.0,0.005155146395497145,-0.001099379204480739,0.0021083871467389424,-0.003171239315460175,0.25863735498546764,1.9112604768575106e-05,0.001549193074303473,-0.0003441965973731807,0.29825412264698975
1779,0.05084992833776885,0.01871219113165856,0.002856948173998898,2.6985588980287256e-08,0.01308518924953075,0.0,0.002837043435490065,0.0,0.0035262913807829403,-0.000546650136615089,0.0022694922181225553,-0.0032844978624408955,0.25868372365807224,0.09827931252280948,0.001591743591251236,-0.0003030729366737598,0.39071900168799073
1780,0.05259647273589638,0.01935130259614322,0.0029552823986496025,2.7916126531325448e-08,0.013536402671928363,0.0,0.0029339421349585085,0.0,0.004151423344170383,-0.0010488458854289264,0.00252298998425191,-0.0033977564094216164,0.25869929998547464,0.18393399737783953,0.0003702837837125365,-0.000211965577804249,0.463499899955599
1781,0.054342559773746496,0.01999001203028601,0.003053604611815561,2.8846664082363646e-08,0.013987616094325975,0.0,0.0030307798807131803,0.0,0.004874424072372051,-0.000997187188920562,0.002613653756691996,-0.0035110149564023378,0.25870453415165556,0.1836216170537876,0.0016719129757395248,-0.00021378919070536118,0.46957238665017487
1782,0.05608818971402012,0.020628320103029663,0.0031519148202153457,2.9777201633401845e-08,0.014438829516723588,0.0,0.00312755677417564,0.0,0.003160726085268087,-0.0006958492808433363,0.0026766258371187096,-0.0036242735033830574,0.2587062873442759,0.13498400059890733,0.0008644164903447304,-0.00023607989375655145,0.4282089036804196
1783,0.05783336281919684,0.02126622748145937,0.0032502130305541075,3.070773918446997e-08,0.0148900429391212,0.0,0.003224272916485814,0.0,0.0028403201344317083,-0.0005981797688010405,0.0027395992578671665,-0.0037375320503637774,-1.336801946258486,0.06116853002544417,0.0010083337256044482,-0.0002605679109045154,-1.2324656155869753
1784,0.05957807935152858,0.021903734830810154,0.003348499249524537,3.163827673550817e-08,0.015341256361518812,0.0,0.00332092840850312,0.0,0.004740260120960119,0.010370872347890631,0.00279740120756929,-0.003850790597344499,-2.9014760347072577,1.111149137054394e-05,0.013553719246146722,-0.00028772081026889526,-2.833407877448522
1785,0.061322339573041146,0.02254084281447358,0.0034467734838073724,3.2568814286546355e-08,0.015792469783916425,0.0,0.003417523350807475,0.0,0.003422953253598563,-0.0007928152339857018,0.002863605920722058,-0.00396404914432522,-1.1001667787143463,4.252821710037582e-05,0.0008917214136686885,-0.00030678909287370625,-1.072115985582098
1786,0.06306614374553446,0.023177552094004975,0.0035450357400705138,3.3499351837584557e-08,0.016243683206314037,0.0,0.0035140578437004005,0.0,0.004140618348474921,-0.00053106088968836,0.0029716191500972944,-0.004077307691305939,-0.40499462794673496,5.90513845016522e-05,0.0025422841906453312,-0.0002987435107619388,-0.37502842335655157
1787,0.06480949213058287,0.023813863329130883,0.003643286024969072,3.4429889388622745e-08,0.016694896628711646,0.0,0.003610531987206144,0.0,0.004883318221947504,-0.0009949210106840326,0.0030334842283997496,-0.004190566238286659,-0.07955191244074264,4.732354215862822e-05,0.0018778034146695035,-0.0003224862918987145,-0.018806768963796402
1788,0.06655238498953678,0.024449777177755816,0.0037415243451463247,3.536042693969088e-08,0.017146110051109262,0.0,0.0037069458810727084,0.0,0.007461271417813838,-0.001974194175954842,0.0031294888504441363,-0.00430382478526738,0.1236816964490648,0.026712980282519977,0.0010957524523760745,-0.0003233114807004524,0.22081917643107773
1789,0.06829482258351602,0.0250852942959694,0.0038397507072328403,3.629096449072907e-08,0.017597323473506874,0.0,0.003803299624772931,0.0,0.005275947566501825,-0.0014386787187207653,0.0031915582511722424,-0.004417083332248101,0.21319037396755502,0.18718275274797927,0.0008792234581271843,-0.000344576076812177,0.44744870266794984
1790,0.07003680517342373,0.02572041533805343,0.003937965117846519,3.722150204176727e-08,0.018048536895904486,0.0,0.0038995933175055577,0.0,0.0056937568697568944,-0.0015272766803112636,0.0032594264873789945,-0.004530341879228823,0.24341030310303277,0.24159940519781967,0.0009711758563185744,-0.00036003807980480775,0.527205788577933
1791,0.07177833301993312,0.02635514095648887,0.0040361675835930925,3.815203959280547e-08,0.018499750318302095,0.0,0.0039958270581963,0.0,0.004285135739680122,-0.0009438800824089422,0.003310450498223201,-0.004643600426209543,0.2535684686586814,0.21336022390352818,0.0016855476077742306,-0.0003842177566898849,0.5192501122806802
1792,0.07351940638349577,0.026989471801962442,0.004134358111066625,3.908257714384366e-08,0.018950963740699708,0.0,0.0040920009454988365,0.0,0.004381510647500226,-0.0006581110482506303,0.003305086997845356,-0.004756858973190262,0.2569810173436991,0.17696791615148222,0.0026063141708701806,-0.00044493289543923566,0.4931938750971613
1793,0.0752600255243351,0.027623408523373874,0.004232536706848177,4.0013114694911785e-08,0.019402177163097323,0.0,0.004188115077795913,0.0,0.0035398528386494828,-0.0006681942253522155,0.003317536663123027,-0.004870117520170984,0.2581273414157755,0.11533527821604304,0.0017956967766258483,-0.0004983884048728154,0.4397659409573328
1794,0.07700019070245347,0.028256951767843142,0.004330703377507219,4.0943652245949986e-08,0.019853390585494932,0.0,0.004284169553200434,0.0,0.0050094473267458485,-0.0018356165553183857,0.003314969537150145,-0.004983376067151704,0.2585124066961803,0.04351904171651201,-0.0003071509274933312,-0.0005536570433936064,0.37557184568817786
1795,0.07873990217763374,0.028890102180716214,0.004428858129600298,4.1874189796988175e-08,0.020304604007892545,0.0,0.004380164469556345,0.0,0.0053095961951166205,-0.001446792305991826,0.0033205126239958522,-0.005096634614132424,0.25864175389957117,1.383641145935589e-05,0.0012312123154759567,-0.000608093754105891,0.34149436879033046
1796,0.08047916020942739,0.02952286040557282,0.004527000969672915,4.280472734802638e-08,0.020755817430290157,0.0,0.004476099924439798,0.0,0.002709013907742888,-0.0009571466604052824,0.0033310622703521574,-0.005209893161113145,0.07869857094260299,4.2835438482937946e-05,0.0003618595696792948,-0.0006655217750415713,0.16763484373289547
1797,0.08221796505716827,0.030155227084233016,0.004625131904257724,4.373526489906458e-08,0.02120703085268777,0.0,0.004571976015160155,0.0,0.00581290317391308,-0.0016658072017526405,0.0033618473117051993,-0.005323151708093866,-0.03516637463974623,6.427414800520842e-05,0.0012025153142826463,-0.0007055459530108082,0.05398586045127025
1798,0.08395631697996468,0.0307872028567634,0.004723250939875031,4.466580245013269e-08,0.021658244275085385,0.0,0.00466779283876093,0.0,0.006491188635375648,-0.0020757637613660245,0.0033906765644976275,-0.005436410255074587,0.08065159526696558,7.47463899151524e-05,0.000754556997973443,-0.0007463115222705397,0.16482456132750803
1799,0.08569421623670788,0.03141878836148442,0.004821358083034679,4.5596340001170893e-08,0.022109457697482994,0.0,0.00476355049202089,0.0,0.004921538431206222,-0.0018525283751795703,0.003432270716327542,-0.005549668802055307,0.19564861602045677,7.258248278580171e-05,-3.684175683010535e-05,-0.0007766189551720401,0.2667626281255779
1800,0.08743166308605867,0.0320499842349769,0.0049194533402328565,4.652687755220908e-08,0.022560671119880606,0.0,0.0048592490714550515,0.0,0.004776042927647975,-0.0022372887808512587,0.0034624404288444424,-0.0056653034566008995,0.23737742395332784,5.6994336983627475e-05,-0.0011818195211283132,-0.0008233147031776052,0.30612068960808037
1801,0.08916865778646127,0.03268079111208843,0.005017536717954453,4.7457415103247284e-08,0.02301188454227822,0.0,0.004954888673315651,0.0,0.005602538522698454,-0.0020560714438927967,0.003604454358214745,-0.005783165970961721,0.2515355520314017,3.141481752247611e-05,0.00017077591616906974,-0.0008031339494419585,0.3344492748137115
1802,0.0909052005961381,0.03331120962594021,0.005115608222673078,4.8387952654285486e-08,0.023463097964675834,0.0,0.005050469393593173,0.0,0.00426464626674677,-0.002204743266369507,0.0038018065032645156,-0.005901028485322546,0.2562978374304263,7.317975168472406e-06,-0.0011669847419309076,-0.0007472205378261056,0.35799338566529765
1803,0.09264129177308474,0.033941240407933705,0.005213667860849734,4.93184902053536e-08,0.02391431138707344,0.0,0.005145991328017369,0.0,0.0035001173474577475,-0.0017990684396075032,0.0039273682647926805,-0.00601889099968337,0.25789784418621925,0.017247856463747508,-0.0006507197980004901,-0.0007363815371976465,0.382799653745651
1804,0.09437693157508346,0.03457088408775672,0.0053117156389337755,5.02490277563918e-08,0.024365524809471056,0.0,0.005241454572058175,0.0,0.005485029256453334,-0.0017195481880463866,0.0041224958871166305,-0.006136753514044194,0.25843531007956627,0.0218086091949052,0.0014440934025109937,-0.0006829319397885895,0.3913957743120035
1805,0.09611212025969024,0.03520014129339025,0.005409751563362936,5.1179565307429995e-08,0.024816738231868665,0.0,0.0053368592209267415,0.0,0.004942044441058202,-0.0023548561159332615,0.004226056429899393,-0.006254616028405016,0.2586158544919248,0.004690167436861269,-0.0008870971030010085,-0.0006878152048039994,0.37791471408885313
1806,0.09784685808424295,0.03582901265111525,0.0055077756405633735,5.211010285846819e-08,0.025267951654266284,0.0,0.00543220536957648,0.0,0.0059773962967390685,-0.002314214227342344,0.004388686015711415,-0.006372478542765841,0.2586764936461787,1.039018899409372e-05,0.00037790415387967287,-0.0006549771127211634,0.3687356928935062
1807,0.09958114530585348,0.036457498785518294,0.005605787876949254,5.3040640409506386e-08,0.025719165076663893,0.0,0.0055274931127039005,0.0,0.0064856455096302616,-0.002643843599769737,0.004530919900043532,-0.0064903410571266655,0.2586968665203976,2.755451406332585e-05,-8.749799103901476e-05,-0.0006379468895971774,0.35578311647927274
1808,0.1013149821814217,0.03708560031949865,0.005703788278923238,5.397117796057451e-08,0.0261703784990615,0.0,0.005622722544749697,0.0,0.009396226553206984,-0.0036089124225629535,0.004649953697886352,-0.0066082035714874875,0.25870371007379245,4.609465662837969e-05,-0.0004900143591440818,-0.0006353227980857811,0.34290471654989674
1809,0.10304836896762325,0.03771331787427453,0.005801776852876525,5.49017155116127e-08,0.026621591921459114,0.0,0.005717893759899686,0.0,0.007233810690539614,-0.003118222420438894,0.0047821421707964626,-0.006726066085848311,-2.8000775781971323,6.280482834947649e-05,-0.000897919342383913,-0.000619394579885947,-2.761706600815802
1810,0.10478130592091138,0.03834065206938911,0.00589975360518797,5.5832253062650896e-08,0.027072805343856726,0.0,0.005813006852085726,0.0,0.0077893643082667646,-0.0032887770541430513,0.004980856152915373,-0.006843928600209136,-1.9248480673391035,7.429223656701705e-05,-0.0008647580287336196,-0.000558420044225621,-1.890981746836774
1811,0.106513793297524,0.03896760352271732,0.005997718542226421,5.67627906136891e-08,0.02752401876625434,0.0,0.005908061914986749,0.0,0.007010609337927581,-0.0028936284685815838,0.005076672351246939,-0.0069617911145699604,-0.5922491962322266,7.831282944315627e-05,-0.0002182409657834206,-0.0005654683286673571,-0.5412271353392079
1812,0.10824583135347678,0.03959417285047179,0.0060956716703479946,5.769332816472729e-08,0.02797523218865195,0.0,0.0060030590420296496,0.0,0.006239735216506816,-0.0025576045730518046,0.005149537115266126,-0.007079653628930784,-0.09821148990847461,7.379801086463448e-05,0.0002552101257276221,-0.0005879332510181977,0.0076421941229734705
1813,0.10997742034457197,0.04022036066720916,0.006193612995897036,5.862386571579542e-08,0.028426445611049563,0.0,0.00609799832639026,0.0,0.005932190846238362,-0.002756810717972813,0.005204267880217571,-0.007197516143291606,0.11657755980415392,6.0373772191810934e-05,-0.0005723533305998946,-0.0006209998727017348,0.22995164312710215
1814,0.11170856052638492,0.0408461675858364,0.006291542525208451,5.955440326683361e-08,0.028877659033447176,0.0,0.006192879860994292,0.0,0.0077201839525907826,-0.0038701729254854776,0.005267464703866043,-0.007315378657652431,0.21095667860032513,4.247478729471284e-05,-0.0021908598880532953,-0.0006479290698608422,0.3129557209512027
1815,0.11343925215427786,0.04147159421761707,0.00638946026460315,6.048494081787181e-08,0.02932887245584479,0.0,0.006287703738518289,0.0,0.008218895758902328,-0.0036123684220709463,0.005346851955117124,-0.007433241172013255,-2.780204831003132,2.6232126373167104e-05,-0.0008828388185373238,-0.0006659662876428234,-2.687231848918873
1816,0.1151694954833919,0.042096641172177186,0.006487366220392675,6.141547836891e-08,0.0297800858782424,0.0,0.006382470051390523,0.0,0.006590790922951247,-0.0035792512980961657,0.005480357482933265,-0.0075931530653768975,-3.601474642786028,1.6294182519852934e-05,-0.001955181390362299,-0.0006964633816124447,-3.4928590405702864
1817,0.11689929076865574,0.04272130905751188,0.006585260398876946,6.23460159199482e-08,0.030231299300640013,0.0,0.006477178891792005,0.0,0.008614121108853703,-0.003935141806561895,0.005556327705029775,-0.0077761983095514286,-1.263918815415428,1.479814796128952e-05,-0.0010957128933388324,-0.0007846253696914,-1.1533151307149174
1818,0.11862863826477207,0.0433455984799906,0.006683142806342911,6.327655347101635e-08,0.030682512723037625,0.0,0.006571830351657258,0.0,0.010105971046862706,-0.004575490486421008,0.005605687220194855,-0.007959243553725962,-0.3285997462412439,2.108950757810534e-05,-0.0015093845116749484,-0.0008889352911749987,-0.21787009992113773
1819,0.12035753822623146,0.04396951004436459,0.006781013449069182,6.420709102205453e-08,0.03113372614543524,0.0,0.0066664245226754695,0.0,0.00861275824520664,-0.004155500904244309,0.005741925518740531,-0.008142288797900493,-0.007756095497638169,3.2563558344230164e-05,-0.0017215716027121671,-0.0009513752195227553,0.1360805512440161
1820,0.1220859909073072,0.04459304435377136,0.006878872333320093,6.513762857309271e-08,0.03158493956783285,0.0,0.006760961496291156,0.0,0.00877499143234625,-0.004619018861978754,0.005827505621445292,-0.008325334042075024,0.16743233232824054,4.7390329415706944e-05,-0.0029554295404248046,-0.0010301730641044087,0.283086772435917
1821,0.12381399656205021,0.0452162020097419,0.006976719465351257,6.60681661241309e-08,0.032036152990230465,0.0,0.006855441363705267,0.0,0.009921167091359082,-0.0046163099089620956,0.0060311283100101185,-0.008508379286249557,0.08458149547693804,6.160265772205946e-05,-0.0017755535200360381,-0.0010419539612185696,0.21206029216822003
1822,0.12554155544430254,0.04583898361220622,0.007074554851406378,6.699870367516911e-08,0.032487366412628074,0.0,0.006949864215876017,0.0,0.007938020264196526,-0.004489041387225142,0.006234765244587823,-0.008691424530424088,0.09160463463702234,7.13803121583847e-05,-0.003092911354559638,-0.0010533751832414522,0.21774003486414775
1823,0.1272686678076844,0.04646138975949912,0.007172378497716828,6.792924122623723e-08,0.03293857983502569,0.0,0.007044230143519758,0.0,0.007281033911865896,-0.004275661199755202,0.006497491402989557,-0.00887446977459862,-0.22427545531953566,7.343735967640939e-05,-0.002654946007908688,-0.0010413082961403647,-0.12547466510260363
1824,0.1289953339056024,0.04708342104836639,0.007270190410504903,6.885977877727543e-08,0.03338979325742329,0.0,0.007138539237111935,0.0,0.009477766651624451,-0.0044029164217209045,0.006726542819984313,-0.00905987629794455,-0.02423828528753776,6.348605837167949e-05,-0.0008991651875395013,-0.0010383162694505806,0.12083156331537608
1825,0.1307215539912417,0.0477050780739708,0.007367990595980638,6.979031632831362e-08,0.03384100667982091,0.0,0.007232791586887981,0.0,0.009023560383655472,-0.004960754589287912,0.006952939040066584,-0.00926122603181987,0.15428039506732089,3.785310910486512e-05,-0.002853537323289054,-0.0010587601414122367,0.2871007674152368
1826,0.1324473283175797,0.048326361429897706,0.007465779060343679,7.072085387935182e-08,0.034292220102218524,0.0,0.007326987282844163,0.0,0.009553423232425608,-0.004759620356306441,0.007148240821105882,-0.009462575765695192,0.22345020613459038,9.268163075171153e-06,-0.0017654861986339636,-0.0011070526328643823,0.3738761185743831
1827,0.13417265713737403,0.048947271708161155,0.007563555809781945,7.165139143039001e-08,0.03474343352461613,0.0,0.00742112641473852,0.0,0.01058381299494739,-0.005295500274353532,0.0074328305016016045,-0.00966392549957051,0.2468558396902833,0.02718155076859782,-0.0020299301518128996,-0.001081358054651771,0.42243713395807586
1828,0.13589754070316462,0.04956780949920948,0.007661320850473033,7.258192898145815e-08,0.03519464694701375,0.0,0.007515209072091705,0.0,0.013389715780432094,-0.0064625394062189645,0.0075974998254153756,-0.00986527523344583,0.25472580968808306,0.042019616161062916,-0.0029198586471577198,-0.0011406132951706494,0.4366920804778117
1829,0.1376219792672801,0.05018797539193116,0.007759074188583799,7.351246653249634e-08,0.03564586036941136,0.0,0.007609235344187876,0.0,0.011397635559941995,-0.006049176698744711,0.007757984865926877,-0.010066624967321152,0.25736977167345737,0.023932795398458096,-0.003287902891977874,-0.001193660411323644,0.43151826720940756
1830,0.1393459730818316,0.050807769973660606,0.007856815830269934,7.444300408353454e-08,0.03609707379180897,0.0,0.007703205320075567,0.0,0.011966852436783955,-0.0072467753797242525,0.008229469819401695,-0.010267974701196472,0.2582579223376877,6.663460049100909e-06,-0.004683998878657017,-0.0010474022414682308,0.41185444417236905
1831,0.14106952239872114,0.05142719383018422,0.00795454578167599,7.537354163457273e-08,0.03654828721420659,0.0,0.0077971190885686185,0.0,0.010640432665704583,-0.006389687634441128,0.00835335392309135,-0.01046932443507179,-1.8673601750650133,2.9397842358698632e-05,-0.0036671697718989285,-0.0011282448709468698,-1.75531502064727
1832,0.14279262746962817,0.05204624754574552,0.008052264048936799,7.630407918561094e-08,0.03699950063660419,0.0,0.007890976738246933,0.0,0.010536519276663027,-0.0062510268777489775,0.008491279302976107,-0.010687618136431973,-1.2466518810268958,5.090333913804784e-05,-0.003237070674114266,-0.0012148585371859223,-1.1487789498134566
1833,0.1445152885460234,0.05266493170305078,0.008149970638175215,7.723461673667905e-08,0.037450714059001806,0.0,0.007984778357457364,0.0,0.010236480977688756,-0.0065397905522204995,0.008656542046266681,-0.010932739421546938,-0.3486021243277029,6.423407565096119e-05,-0.0041958466350330995,-0.0013294479078700982,-0.24273416288016125
1834,0.14623750587916245,0.053283246883275966,0.008247665555504427,7.816515428771724e-08,0.037901927481399415,0.0,0.008078524034314728,0.0,0.01202123213159204,-0.007655328216853555,0.008929882974451154,-0.011177860706661902,-0.015647728565852875,6.205681107019479e-05,-0.0055230413386181485,-0.0013672239321453777,0.14234416020725946
1835,0.14795927972008713,0.053901193666070324,0.008345348807025714,7.909569183875544e-08,0.03835314090379703,0.0,0.008172213856702384,0.0,0.01245705288478289,-0.007382330495621988,0.009191800702921197,-0.011422981991776871,-1.3836074309463366,3.34985799433323e-05,-0.004198908324910353,-0.0014164416630711267,-1.2713271974529436
1836,0.14968061031962604,0.05451877262956393,0.00844302039883077,8.002622938979363e-08,0.03880435432619465,0.0,0.008265847912273349,0.0,0.01171086426922806,-0.00806349051939053,0.009647025058014971,-0.011668103276891835,-0.8879899171888667,0.03983295389269964,-0.005946760515691288,-0.001316437992815104,-0.7159061217568433
1837,0.15140149792839444,0.05513598435037177,0.008540680337000351,8.095676694083184e-08,0.039255567748592256,0.0,0.008359426288450945,0.0,0.013864132851004539,-0.008364345259394501,0.009834156940422927,-0.011913224562006802,-0.2192758242588689,0.12779925314571375,-0.0048402093740699285,-0.0014030773576336254,0.035100872263789655
1838,0.1531219427967961,0.05575282940360068,0.00863832862760478,8.188730449189997e-08,0.039706781170989865,0.0,0.008452949072429826,0.0,0.015295775392046762,-0.009121302371126466,0.010047995401434435,-0.012158345847121766,0.047058499971428,0.15147768170884748,-0.00526706417596643,-0.0014617850962043183,0.35950989395582095
1839,0.1548419451750167,0.05636930836285306,0.00873596527670351,8.281784204293815e-08,0.04015799459338748,0.0,0.008546416351176549,0.0,0.013937136470174707,-0.00901104403120472,0.010256253496455089,-0.012403467132236732,0.18752954259723983,0.12408192728949614,-0.006054189707420934,-0.0015344345249197011,0.4577070509643378
1840,0.15656150531303764,0.05698542180023461,0.008833590290345627,8.374837959397635e-08,0.04060920801578509,0.0,0.008639828211430759,0.0,0.012879468365259496,-0.009352665334558764,0.010563104457718494,-0.012648588417351697,0.23479407862413393,0.07916163669083341,-0.007476494801145878,-0.0015517139806065108,0.4650452869085352
1841,0.15828062346062266,0.05760117028635772,0.008931203674569866,8.467891714501456e-08,0.041060421438182705,0.0,0.008733184739705687,0.0,0.015422101094720465,-0.009976696265225899,0.01080413410990701,-0.012905006389290392,0.25067433242494785,0.013499292575124753,-0.0066162858808900375,-0.0016239655304630483,0.4388777977216851
1842,0.15999929986732622,0.05821655439034829,0.009028805435404205,8.560945469605275e-08,0.041511634860580314,0.0,0.00882648602228919,0.0,0.01284508551197881,-0.00994637458756071,0.010834362417760108,-0.013173472759802605,0.25600884545079394,2.406821924381644e-05,-0.008354120895036185,-0.001861472478022674,0.4145923952387659
1843,0.16171753478248704,0.05883157467985072,0.009126395578866343,8.653999224712089e-08,0.04196284828297793,0.0,0.008919732145244505,0.0,0.011219631363020293,-0.00964953479867656,0.011125140480013175,-0.01344193913031482,0.2578007776738501,5.003510479602442e-05,-0.008238599301980289,-0.001896806500286304,0.40444003768536485
1844,0.16343532845523506,0.05944623172103285,0.009223974110964194,8.747052979815907e-08,0.04241406170537554,0.0,0.009012923194411016,0.0,0.013338443373204322,-0.01025322713372071,0.011457458586173544,-0.013710405500827033,0.25840269844335095,6.59037570779293e-05,-0.007262874671274341,-0.0019129487709392886,0.40133892609296645
1845,0.16515268113449297,0.06006052607859234,0.009321541037694085,8.840106734919725e-08,0.042865275127773154,0.0,0.009106059255405185,0.0,0.013307445923684049,-0.011554430688309998,0.011904504109511741,-0.013978871871339242,0.25860490125331864,6.697235319118888e-05,-0.009959670684434927,-0.0018497927113993468,0.3978597447010636
1846,0.1668695930689644,0.060674458315760876,0.009419096365042621,8.933160490023546e-08,0.04331648855017077,0.0,0.009199140413621227,0.0,0.014056483439062276,-0.011381632661185716,0.012244876911240368,-0.014247338241851457,0.005648100244939662,5.637989421850323e-05,-0.008658733606433912,-0.0018560678113066858,0.1905838963648888
1847,0.16858606450714755,0.06128802899431063,0.009516640098987183,9.026214245127365e-08,0.04376770197256837,0.0,0.009292166754232065,0.0,0.015883902223329974,-0.012663255401643923,0.01277881479389618,-0.01451580461236367,0.08386816760961782,4.581415014864905e-05,-0.009657928664209801,-0.0017432093512468583,0.2578020404933779
1848,0.17030209569732752,0.061901238674558365,0.009614172245492736,9.119268000234179e-08,0.04421891539496599,0.0,0.009385138362189962,0.0,0.017633474412775855,-0.013945272393703363,0.012867566123787305,-0.014784270982875882,0.19589281074632073,3.522169117596339e-05,-0.011222128131343734,-0.0019199475724891836,0.3585361765537926
1849,0.1720176868875843,0.06251408791537187,0.009711692810515997,9.212321755337998e-08,0.044670128817363604,0.0,0.009478055322227499,0.0,0.016353425640878164,-0.014039622400560586,0.013141775667479295,-0.015080759605402151,0.2374214326500558,2.4629232203277725e-05,-0.011843214317948079,-0.002023700079437695,0.4055110329274991
1850,0.17373283832577993,0.06312657727417434,0.009809201800002266,9.305375510441816e-08,0.04512134223976121,0.0,0.009570917718858225,0.0,0.016834560944299,-0.014878997597407807,0.013621700850798193,-0.015428184138816737,0.2516282799804538,1.40768455848393e-05,-0.01289110122440181,-0.0020276456478092097,0.42814469405633815
1851,0.17657324408597494,0.0640574771672338,0.010269535321963454,9.621402119531095e-08,0.04632078211037912,0.0003289202606922276,0.009712055836362513,0.0,0.01544525070654013,-0.014231651387102058,0.013807842787014551,-0.015775608672231326,0.256035773565904,1.875195358034999e-05,-0.01208542548987053,-0.001976045590021527,0.4351131939329063
1852,0.17932685484756283,0.0646032548095104,0.010573209294556019,9.97819851297851e-08,0.04752022198099702,0.0006578405213844552,0.00979480375542574,0.0,0.014828594826874073,-0.014057045295001555,0.01412897840565318,-0.016123033205645912,0.2481554646135967,1.9446541053968724e-05,-0.011888666163145904,-0.0018757019159346413,0.4323410926381766
1853,0.18177952557671634,0.06550864947495043,0.010962708076755461,1.0336520922669208e-07,0.04871966185161493,0.000986760782076683,0.009932074905236118,0.0,0.015327472682077738,-0.014693419122216778,0.014485158356492564,-0.016470457739060494,0.022475915221192785,2.811552702278713e-05,-0.012807870958210876,-0.001717551076420617,0.23170076017702876
1854,0.18384600919311506,0.06647695152817833,0.011363817769960089,1.0695810990285644e-07,0.04991910172223284,0.0013156810427689103,0.010078883740414914,0.0,0.01758281825796758,-0.01724910407361689,0.015291628754381946,-0.016817882272475087,-0.011954847466525607,3.997694387996855e-05,-0.01585307429988979,-0.001234624452333056,0.18992441835372192
1855,0.18548385320057076,0.06764282408541981,0.01179599565497056,1.1056652115445275e-07,0.051118541592850744,0.001644601303461138,0.010255647170302282,0.0,0.017549002819324713,-0.016779437292870205,0.015520277277188882,-0.017165306805889676,0.1562530144299602,4.728346980438099e-05,-0.014497308271853427,-0.0011268044146048022,0.3386211486120322
1856,0.1873994122789433,0.06870829205547535,0.01223199492328143,1.141923637567353e-07,0.05231798146346865,0.001973521564153366,0.010417187787801473,0.0,0.015897492497236158,-0.017337674885322712,0.0159185670217713,-0.017512731339304262,0.1689321740668769,4.932715987098994e-05,-0.01663316732710864,-0.0009209396893609178,0.35052994059979287
1857,0.19031957794587268,0.06991259781378585,0.012624714532366027,1.1783756154235536e-07,0.053517421334086566,0.002302441824845593,0.010599778256330687,0.0,0.01907432194240195,-0.01827358492017797,0.016068949598043513,-0.01786015587271885,-0.03794998562626868,4.4211255978759674e-05,-0.01581693134557251,-0.0008679003172892064,0.16535042868696231
1858,0.19345225007598732,0.0712954003755921,0.012954654920400129,1.215040320716312e-07,0.054716861204704474,0.0026313620855378207,0.010809431465992163,0.0,0.0199093957227708,-0.018911569710225538,0.01622874684968151,-0.01820758040613344,0.11849155025415291,2.9771850998339495e-05,-0.016485691578360395,-0.0007787624284707699,0.3254967179633031
1859,0.1968183139727821,0.07277622854856909,0.013510997716705313,1.2519369994197258e-07,0.05591630107532237,0.002960282346230049,0.011033946800282718,0.0,0.01872670471285818,-0.019634705826491336,0.016689501524728187,-0.01855500493954802,0.21158755324320827,1.7563140404348708e-05,-0.018539189857829475,-0.0005054511749299069,0.42053840426715
1860,0.20056696119678633,0.07416414641710753,0.014153077780068708,1.2890848363763403e-07,0.057115740945940276,0.003289202606922276,0.011244375565691942,0.0,0.0177691439332684,-0.020750854379905804,0.01723714612089065,-0.01890242947296261,0.24365004672331173,8.506788344473695e-06,-0.021047292675761782,-0.0001789736640973276,0.4610616604130879
1861,0.20431344253979847,0.07567399180534175,0.014884553477286925,1.3265030774455765e-07,0.05831518081655819,0.0036181228676145033,0.011473290336664313,0.0,0.019304856962760922,-0.021187496317278103,0.017622787421768423,-0.0192498540063772,0.14331680519062379,1.0323401737014998e-05,-0.020179434817473616,4.071017154712917e-05,0.37724103185009467
1862,0.2074819686538374,0.07757454172706639,0.015584170492557482,1.479493137593251e-07,0.05951462068717609,0.003947043128306732,0.011761441662252665,0.0,0.01784183736820552,-0.021350785550970277,0.017872385911076774,-0.019597278539791783,-0.51942374343698,2.0822358549790445e-05,-0.021499275191139523,0.0002229200170112656,-0.33419643356869483
1863,0.21073431743525922,0.07983783418419638,0.016201197689044343,1.517509787292691e-07,0.060714060557794,0.004275963388998959,0.012104590092220938,0.0,0.01637539979405499,-0.021570657113636885,0.018469815238735934,-0.019944703073206373,-0.21611416807693168,2.6980143652448815e-05,-0.022346892134472336,0.0007026038504094824,-0.007306270184930477
1864,0.21398509469971988,0.0823130197775819,0.01679431774338185,1.5558544414769618e-07,0.0619135004284119,0.004604883649691186,0.012479864638634335,0.0,0.018457765390334172,-0.02255909746662868,0.01906995389212352,-0.020292127606620962,0.05069652303992753,3.301771169236549e-05,-0.022188208265235123,0.0011496488916884927,0.2979057385777669
1865,0.21725555538125263,0.08467606480631037,0.017430083695735895,1.594546437596331e-07,0.06311294029902981,0.004933803910383414,0.012838137025836449,0.0,0.019495058217143188,-0.024531902394425372,0.0195747172530916,-0.02063955214003555,0.19593722599109434,3.787982400769662e-05,-0.02512163688955148,0.0015549739209298912,0.41986112916613516
1866,0.22041794904352813,0.0871613162031721,0.018096558678225336,1.6336047315817228e-07,0.06431238016964771,0.005262724171075641,0.013214937696126746,0.0,0.019298261803025053,-0.024472861863436637,0.01989279788194885,-0.020986976673450133,0.23888118014015444,4.0350952519609416e-05,-0.02489203833418848,0.0018471375641148408,0.46347485046993725
1867,0.22372779428790465,0.08975867080740642,0.01875084951355453,1.78833107414748e-07,0.06551182004026562,0.005591644431767869,0.013608734861714468,0.0,0.0210409531875054,-0.026553463258417887,0.0207804069832477,-0.02133440120686472,0.25287516169060376,4.410439636743371e-05,-0.02714432011443245,0.002482533017626951,0.4762339268666756
1868,0.22652552876871324,0.09207919332878717,0.01945567376608872,1.8281799610270915e-07,0.06671125991088352,0.005920564692460098,0.013960560211288404,0.0,0.023320814026888563,-0.02834275248779141,0.021143171364226783,-0.02168182574027931,0.25745492598546205,3.572927432976169e-05,-0.028854796751488686,0.002806503217836193,0.488344036114897
1869,0.22868428316079947,0.09412902665578558,0.02012930992121017,1.8684529903025983e-07,0.06791069978150142,0.006249484953152324,0.014271345097103868,0.0,0.02099694339805425,-0.028370867821009723,0.021707788025502377,-0.022197754157673028,0.25895675437274235,2.044834991014959e-05,-0.030356419294904433,0.0030382805993991457,0.5068266566409616
1870,0.2310549128832652,0.09576544941986335,0.020760239943076134,1.9091693926364857e-07,0.06911013965211933,0.006578405213844552,0.014519450860231665,0.0,0.022273545608840237,-0.02965267615260312,0.022274831680146847,-0.02282010752773163,0.2594505498433482,1.9259536734148296e-05,-0.03186575718294422,0.0031238431087676623,0.5103623565622418
1871,0.23361584534807675,0.09686869685056793,0.021484752409450494,2.0656304608215923e-07,0.07030957952273725,0.00690732547453678,0.014686719399708382,0.0,0.020730204100725354,-0.03002245696853062,0.02279094494837756,-0.023442460897790222,0.25961161982695713,1.0042895257284353e-05,-0.03269321918040998,0.0031081461134686936,0.5238521072617564
1872,0.23683415985138317,0.09774506382055231,0.022178055647311224,2.107291148537456e-07,0.07150901939335515,0.007236245735229007,0.014819589523884702,0.0,0.01925780934843747,-0.03082342843711679,0.02377660028340555,-0.024064814267848813,0.2519009538660456,1.490500757261548e-05,-0.034793502690098004,0.0034076594337726644,0.515072093330052
1873,0.2406027751291812,0.09840459895296753,0.02285961389377326,2.14945274856887e-07,0.07270845926397307,0.007565165995921235,0.014919584751847504,0.0,0.020694530200872592,-0.03360468013227938,0.024397855588357546,-0.02468716763790741,-0.028081827692284733,2.317326999896154e-05,-0.038643616001809544,0.0034280109532369165,0.25446509838970605
1874,0.24447534018200856,0.09957165921766652,0.023516973552696434,2.307416706422684e-07,0.07390789913459098,0.007894086256613465,0.015096528255656834,0.0,0.02127606957214556,-0.03446583344412004,0.024173414054375602,-0.025309521007966,0.14156622925745865,3.034622140921652e-05,-0.03981925606527993,0.0028383229910612473,0.4077120811617374
1875,0.24896040553321308,0.10073534948588309,0.024185629022570373,2.3506378230069788e-07,0.07510733900520888,0.00822300651730569,0.015272960818426135,0.0,0.020142348835766398,-0.03430107381189096,0.024646933972813447,-0.0259318743780246,0.15961681212570808,4.370367282496137e-05,-0.040022538098404364,0.0028425570399669225,0.41933791887878724
1876,0.2534213377876297,0.10171483422706305,0.02478049231859649,2.509699758689631e-07,0.07630677887582678,0.008551926777997917,0.015421465113597953,0.0,0.01914014344136137,-0.03572261562315467,0.02478324821702512,-0.026554227748083196,0.17480022998206438,4.98213855733725e-05,-0.043295204219156655,0.002564079146551531,0.42968726800692997
1877,0.25794287001195687,0.10278541414386265,0.025293518883993265,2.5540573144279977e-07,0.0775062187464447,0.008880847038690146,0.015583780777421261,0.0,0.020695045534221773,-0.036789011383812506,0.02519228885518672,-0.027169493642874635,0.22939236525588,5.3735118838185745e-05,-0.04379690719725603,0.0025045945247817443,0.4787843692644441
1878,0.26265171128598064,0.10402418268888493,0.02584101002698844,2.714293997883696e-07,0.0787056586170626,0.009209767299382372,0.0157715963113702,0.0,0.021459964366015858,-0.03762545504341555,0.025345101615727592,-0.027718629293231302,0.24968720401593075,5.8583873702101124e-05,-0.044714007286458406,0.0023428354703882394,0.4982734859987054
1879,0.26708244523372465,0.10553213255114988,0.02636080399174833,2.759864762679129e-07,0.0799050984876805,0.009538687560074602,0.01600022369272208,0.0,0.020742564320307015,-0.03999637691280926,0.026263015328970456,-0.028267764943587965,0.25292105526010156,5.7568707394504513e-05,-0.04924953511394811,0.0027672140109037966,0.5017808520078355
1880,0.27195388341390986,0.10722713262704142,0.0268839382171954,2.921353269083887e-07,0.0811045383582984,0.009867607820766828,0.016257210638004366,0.0,0.018223869472905847,-0.04227920190422807,0.02747446627814632,-0.02881690059394463,0.19325157023553438,4.565386073166011e-05,-0.054840021796813354,0.0032856646180191586,0.459331273121099
1881,0.2772018231158551,0.10883191784715712,0.02731781162711194,2.9682141654965533e-07,0.0823039782289163,0.010196528081459056,0.016500519684073157,0.0,0.020117167749359153,-0.04343581058843219,0.02811423699536159,-0.029366036244301296,0.19180661116533712,2.907726352472076e-05,-0.055048450878558926,0.0034798729436462295,0.4790428212149682
1882,0.2827620205065715,0.1104188198665279,0.027763112774486988,3.131031112186722e-07,0.08350341809953422,0.010525448342151283,0.016741117373843695,0.0,0.018298817930497053,-0.04469061003783812,0.029056578760473337,-0.029915171894657956,0.255493948809043,3.261698814989314e-05,-0.05827448612060706,0.003951876340676841,0.5348393847325431
1883,0.287516792190584,0.1120643684816443,0.028181139001602955,3.2945409723074185e-07,0.08470285797015212,0.010854368602843513,0.016990606750231972,0.0,0.016843199246731118,-0.0450788431403766,0.030043688026914143,-0.03046430754501462,-0.38168269819880046,3.5154903918884664e-05,-0.05960489342221157,0.0043891252443042745,-0.13733665848800813
1884,0.2923735037365891,0.11384166051420076,0.028594915674927248,3.458763281794008e-07,0.08590229784077004,0.011183288863535737,0.017260070366675175,0.0,0.019119874247349386,-0.046649267574462236,0.030462235416828066,-0.031013443195371287,-1.464300850144903,1.5292373663672075e-05,-0.06081609962264159,0.004446645647284556,-1.2436020604233566
1885,0.2979843172811297,0.11584768109384325,0.028992605861465195,3.50843597220893e-07,0.08710173771138793,0.011512209124227967,0.017564212595497532,0.0,0.01862644016105244,-0.04790500471546616,0.030727827624746247,-0.03156257884572795,-0.5032342639485756,2.7688088577483296e-05,-0.06296738599428446,0.004454225606253106,-0.2558160177715362
1886,0.3039689350998424,0.11780629200172908,0.029351459796552282,3.674140261787355e-07,0.08830117758200584,0.011841129384920195,0.0178611668206762,0.0,0.019791291020970464,-0.048185292259266974,0.031140698679195136,-0.03217918363495282,-0.08326470002824157,4.175348491826262e-05,-0.0623663097180161,0.004454830887659111,0.227221218974968
1887,0.3101792092220385,0.11995568304720797,0.029787191711893746,3.8406153031664924e-07,0.08950061745262375,0.012170049645612422,0.01818704612112649,0.0,0.020335854693812196,-0.05019788447738334,0.03193700961962121,-0.032844505162471886,-0.02109407862318998,5.042247088708103e-05,-0.06536911348521415,0.004691318105464239,0.3052730992677725
1888,0.3171183057655042,0.12203110471057614,0.030126086686228654,4.007877884965737e-07,0.09070005732324167,0.012498969906304648,0.018501710575144957,0.0,0.02096589813994599,-0.05456720313828319,0.033723052840989004,-0.033509826689990946,0.1810362939408011,5.381526354668021e-05,-0.07194849532655677,0.005667484542831675,0.48166888645104794
1889,0.3240711059054371,0.12426627925996948,0.030565068242516043,4.175950900736018e-07,0.09189949719385956,0.012827890166996876,0.01884059591668052,0.0,0.020486358422367006,-0.05404482389146179,0.033634762724731836,-0.03417514821751001,0.2492361819494688,5.503079162551299e-05,-0.07149802563327744,0.005232194374336671,0.5489536162696372
1890,0.3309121350541952,0.12649514181763677,0.030891812274312033,4.3448496129875096e-07,0.09309893706447746,0.013156810427689104,0.019178524267419804,0.0,0.020739949757129325,-0.057186050142578215,0.035352996250631916,-0.03484046974502907,0.02169947553223629,5.2065437411217656e-05,-0.07652000009853106,0.006191198195783633,0.36299340359576915
1891,0.3380181924853011,0.12875819994061613,0.031187403958665802,4.514700486102912e-07,0.09429837693509538,0.01348573068838133,0.019521637168883738,0.0,0.019404602777241535,-0.057158758497227354,0.036324894247533185,-0.035505791272548146,-0.09418995941668688,3.0306149054969282e-05,-0.07712554351147163,0.0065308250595816405,0.24870719483881554
1892,0.34497038808712543,0.1314186799440678,0.03156334018131793,4.6861719154857824e-07,0.09549781680571327,0.01381465094907356,0.019925005073579572,0.0,0.019016746703962677,-0.05721110275985816,0.03685283267110384,-0.0361711128000672,0.09036651776115891,1.2393806706455447e-05,-0.07774813603014556,0.006628339917135299,0.47350873309314884
1893,0.35105938809191783,0.133984628620035,0.032004988535189925,4.858893047360509e-07,0.09669725667633117,0.014143571209765787,0.020314040638454753,0.0,0.019372773910895952,-0.05850891731555469,0.03688071706864029,-0.03683643432758627,0.2562287417794988,0.003940454659136719,-0.07925116326560044,0.006329406703526584,0.6367909217285918
1894,0.35722621196884513,0.1361772351937457,0.03253579312287831,5.033030486384035e-07,0.09789669654694909,0.014472491470458013,0.020646472048693718,0.0,0.020266320142284126,-0.06182661378757186,0.03732170181530946,-0.03750175585510534,0.25698340673650233,0.0435815177813224,-0.08424769533124407,0.006265526533759504,0.66105034412666
1895,0.36284549274167305,0.138053465989837,0.033093950224250795,5.32390142146806e-07,0.09909613641756701,0.01480141173115024,0.020930936237097044,0.0,0.020803760161687692,-0.06302388060498826,0.0387590468644602,-0.03814505120590573,0.25703678183858697,0.0060646408626896155,-0.08583322258201526,0.007029025079696735,0.6469148250230088
1896,0.36841858251041065,0.13910563302416962,0.03352217041864896,5.500971682664652e-07,0.10029557628818489,0.01513033199184247,0.021090460237081318,0.0,0.0173134256760831,-0.06355745901917298,0.039313971851627695,-0.03877785697210406,0.25687196543293234,1.9339681442642767e-05,-0.08945790480968165,0.006953289375934704,0.6249321094678836
1897,0.37388300275849895,0.14012810861014788,0.03396572425565789,5.679558458926155e-07,0.10149501615880283,0.015459252252534698,0.021245482576728144,0.0,0.01971775700963768,-0.06642567966028781,0.04021811172160282,-0.03941066273830239,0.25663354912901043,3.341843523483783e-05,-0.09315378192391024,0.007211653528900242,0.6130356733434031
1898,0.37990430623249033,0.14199455670376745,0.034407531381954445,5.974975823526365e-07,0.10269445602942073,0.01578817251322693,0.02152846356353133,0.0,0.01922457711919756,-0.06829210194299079,0.04142894386128652,-0.04004346850450072,0.25636385662895367,4.001701623421579e-05,-0.09694393461583377,0.007775041822549341,0.6099373213766326
1899,0.3867092903870354,0.14421165979992137,0.03497552934731381,6.156691236972141e-07,0.10389389590003863,0.016117092773919154,0.021864609006921238,0.0,0.017167126509843263,-0.07251390275479663,0.04343878577399241,-0.040676274270699066,0.2560749061705567,4.7871197666673756e-05,-0.10738337316917818,0.008848871063037628,0.6005470095290021
1900,0.3941090239422884,0.14642896911470288,0.03554699027951943,6.455193934038523e-07,0.10509333577065653,0.01644601303461138,0.022200785716088613,0.0,0.015227463928605682,-0.07387262208171479,0.04460634056167372,-0.041392575034887434,0.25576984192757385,5.2412731148027e-05,-0.11215880654998732,0.009298658901673671,0.5998769075170522
1901,0.40060944198625237,0.14862621598470144,0.03616835946059508,6.649021818801463e-07,0.10629277564127444,0.016774933295303603,0.022533920663504466,0.0,0.015482365230780408,-0.07497131684938807,0.04570430444024476,-0.04234900482430327,0.2554876621267098,6.016005296915901e-05,-0.11452632391779441,0.00944827712782688,0.5994667125940252
1902,0.4068132597366914,0.15127900971418998,0.037131008545034566,9.996193617227547e-07,0.10749221551189234,0.017103853555995835,0.022936123216000925,0.0,0.013774607262269558,-0.07628155723092882,0.046561144475371255,-0.043305434613719086,-0.023620384617208078,5.831672467378622e-05,-0.11824657393412621,0.009418201884498559,0.3638606490932085
1903,0.4132386581045549,0.15400650789727935,0.0382734812220994,1.3852272656654121e-06,0.10869165538251023,0.017432773816688063,0.023349652062580148,0.0,0.011402870051190412,-0.07802903218892938,0.049076337760643844,-0.0442618644031349,-0.5541566065530783,4.263507671170178e-05,-0.12530449490706996,0.01048684719395647,-0.26520402966041173
1904,0.4190586491804254,0.15758653188633315,0.03934033051512851,1.7928200257889167e-06,0.10989109525312818,0.01776169407738029,0.023892436362162164,0.0,0.011254272928653998,-0.0818393326997569,0.049213279240949835,-0.04521829419255072,-0.21357943861136217,1.4130275390502276e-05,-0.13146579817643492,0.010105933677871898,0.16616805783943614
1905,0.4255963325172788,0.16115368117743412,0.040394605623752904,2.2917646107124872e-06,0.11109053512374606,0.018090614338072516,0.02443326866814525,0.0,0.010508293187977354,-0.08482730826684154,0.05096724671574896,-0.04617472398196655,0.1016699527890417,2.669963717271818e-05,-0.13828696362808637,0.01078030142415069,0.5126426726764338
1906,0.43291146873291353,0.16492283865608,0.0414550326057604,2.960523909809299e-06,0.11228997499436397,0.018419534598764744,0.025004728386939432,0.0,0.008963513483068652,-0.0869588460816331,0.052905170257844567,-0.04711619379202164,0.23277966160326413,6.142519443886859e-06,-0.14485861672350714,0.01159454527292581,0.6483376166112401
1907,0.44151642633117916,0.16895441274437267,0.042594178997969585,3.86706217915449e-06,0.11348941486498187,0.018748454859456976,0.025615974323954863,0.0,0.007343319663527142,-0.09253652518389463,0.05628682264493575,-0.04784104495356225,0.030014314195019518,1.725591902178657e-05,-0.15891426775835274,0.013738982899327262,0.46799883686886073
1908,0.44978099191432935,0.1722188955450033,0.04388344080314901,5.035259544453502e-06,0.1146888547355998,0.019077375120149204,0.026110917937700352,0.0,0.008891160423695588,-0.09308058238632805,0.05483921415763198,-0.04856589611510284,0.17121162333088608,1.0310044285599254e-05,-0.15565768144726586,0.01237529978616061,0.6051511518769518
1909,0.4579942795248709,0.1757272954191376,0.04518619140643436,5.805077275559013e-06,0.11588829460621768,0.01940629538084143,0.02664284296785606,0.0,0.00742571253058993,-0.09452590937569112,0.056482956799234436,-0.04929074727664343,0.253224830793899,2.4736091814603685e-05,-0.16079415028159813,0.013260337992827984,0.6656136962774708
1910,0.46666943579925363,0.1792739430522445,0.04658306737804169,7.5120188806791215e-06,0.1170877344768356,0.019735215641533656,0.02718056692090391,0.0,0.0063347160334994105,-0.09865598705903511,0.05819153073213189,-0.04998373568366045,0.25291883890514893,3.5381980592952316e-05,-0.17021109233918572,0.014277322048106677,0.6577630187180685
1911,0.47555861375073044,0.1823418934737794,0.048143980357121564,2.0848666303525074e-05,0.1182871743474535,0.020064135902225888,0.027645713334949387,0.0,0.006591586642972324,-0.09744545895035728,0.059011642693140964,-0.05054400650158752,0.2526076919741747,5.076976462389038e-05,-0.1681327872484523,0.014720666174653115,0.6581264764739088
1912,0.4859102815552446,0.1850508501247547,0.049287571650184527,2.6799497325693406e-05,0.11948661421807141,0.020393056162918113,0.028056431012510614,0.0,0.005231803095950384,-0.09818903519143163,0.060663615727535085,-0.051104277319514585,-0.28489163142760277,5.6647043246818116e-05,-0.17148056662922728,0.015769598082609013,0.08687679365791247
1913,0.49692005600082206,0.1867688276437308,0.0506043940844034,3.306945300410868e-05,0.1206860540886893,0.020721976423610337,0.028316901676167128,0.0,0.0053689902499648445,-0.10200504464007816,0.06297111069555807,-0.051664548137441646,-0.2159673380136837,5.535137045949087e-05,-0.1788936339869113,0.0170233666963619,0.1794396075749101
1914,0.5069326400956244,0.18830886547652118,0.05196276919823403,5.125641812948159e-05,0.12188549395930723,0.021050896684302565,0.028550394065870878,0.0,0.008071644758976185,-0.10209319802924569,0.05929333470856303,-0.052224818955368714,0.016362339222733464,4.36235281164669e-05,-0.17164915056984859,0.014194258149994822,0.5044612085918557
1915,0.5171138372194324,0.19016128611687558,0.053231431473468385,7.861050307703268e-05,0.12308493382992511,0.021379816944994797,0.028831248284412515,0.0,0.009107266003159736,-0.10097229198374724,0.05955239345867581,-0.052785089773295775,0.21882528580055444,9.588741909149028e-06,-0.16749870248419957,0.014108259220165422,0.7217915030104163
1916,0.5278902572790611,0.19470581359702302,0.05423979793555045,0.00012217685983348606,0.12428437370054302,0.021708737205687025,0.029520265501276195,0.0,0.004785448064114114,-0.10428683574001071,0.062321567336699295,-0.053345360591222836,0.25047009278234894,0.04161352173979545,-0.17989726970267572,0.01610453979603989,0.7834750507312375
1917,0.5382025247307102,0.1980168881230996,0.05539544759774575,0.00017352576509488591,0.12548381357116095,0.02203765746637925,0.030022273105972525,0.0,0.006058676977341459,-0.10744577036492806,0.06406985580585459,-0.05390563140914991,0.2506303928636172,0.08390981761642224,-0.18645078661910908,0.01721936730428441,0.8154023890521859
1918,0.5467153088977498,0.20225181278995988,0.05611790776461878,0.00021305008115505338,0.12668325344177886,0.022366577727071475,0.030664349982024938,0.0,0.006032639309449847,-0.10915128895499228,0.06363147080118585,-0.054465902227076965,0.2502857135246238,0.09146942145847814,-0.18749711234703056,0.01688375865755236,0.8298345371720394
1919,0.5537395297274148,0.2070777767164958,0.05629086041495125,0.00024973500913779654,0.12788269331239674,0.022695497987763703,0.03139603710414537,0.0,0.008586739846053997,-0.10431281705075984,0.05734360108665888,-0.05504537598332916,0.24993340380106743,0.026119457666821378,-0.17024965910480863,0.012670733814948274,0.8202280190286328
1920,0.5621121453493119,0.2118444239214184,0.05658513817609155,0.00027316503549982115,0.12908213318301465,0.023024418248455934,0.032118730938708824,0.0,0.007353495601186217,-0.10997751683620988,0.062170993752854974,-0.055671795400378275,0.24957601085500913,1.5359160920750805e-05,-0.18317385208024597,0.01586969643495436,0.7906058220563423
1921,0.568897633659884,0.2163931006892335,0.05700180946253641,0.0002921135796440686,0.13125848592371248,0.023201143505561662,0.032808377248619736,0.0,0.013219330970716472,-0.10152169554392648,0.057426877639414516,-0.05629821481742739,0.24921344873375187,3.1775468710701226e-05,-0.15912570450091848,0.012595579738843423,0.8086310481590174
1922,0.5754944215108088,0.22077723651512737,0.05749845522121012,0.0003242048056221638,0.13343483866441028,0.023377868762667394,0.033473076731306485,0.0,0.011275797006512933,-0.10252389256940454,0.0590927773813459,-0.05692463423447651,0.07551403584006063,4.676252919916693e-05,-0.16365302901206136,0.013550348113802239,0.6584741855874706
1923,0.5817002601249016,0.2245907479265869,0.058626512336134785,0.0003754845750535932,0.13561119140510808,0.023554594019773122,0.0340512611587701,0.0,0.019236419606013282,-0.11208093418969937,0.06637159894444954,-0.057551053651525616,0.15586295827404845,5.016867931018187e-05,-0.1755050198889974,0.01814067034791342,0.7204460474224305
1924,0.5885667172380835,0.22731592045467924,0.059153808452182044,0.00042775497681595356,0.13778754414580593,0.023731319276878854,0.03446443740184094,0.0,0.016406132408522227,-0.10971343470769467,0.0662011409306852,-0.05817747306857473,0.24809489241437596,4.3556740859388175e-05,-0.1732836568506652,0.0176490970996478,0.8157455634679602
1925,0.5918820222497663,0.229022117776957,0.059339853039031575,0.0004908660521046842,0.13996389688650374,0.02390804453398459,0.03472312201438903,9.370742241076926e-05,0.01744558971370575,-0.11225053412664229,0.06700494081260765,-0.05880389248562384,0.2477117234270176,2.5457394191053904e-05,-0.17554467145573688,0.01782588528946265,0.8368060807936717
1926,0.5943499657089292,0.22992644646626453,0.05950204616230743,0.0005688501261500889,0.14214024962720156,0.024084769791090324,0.034860231546537,0.00019122094136376027,0.011479856458763208,-0.11513368810936837,0.06626931811573229,-0.059430311902672964,0.24732347053124074,1.2136198714770114e-06,-0.1852225565572677,0.017015797335066845,0.8563077716675275
1927,0.5984675580126366,0.23128940314932436,0.05969265839820232,0.0006259652550552471,0.1443166023678994,0.024261495048196052,0.03506687582904383,0.00032998419253637944,0.00916912801943419,-0.11957553842975444,0.06784863323280722,-0.06005673131972208,0.24693002321480706,0.04461237285069366,-0.19636615265689422,0.017722076987515663,0.8760233863481912
1928,0.6011540288922318,0.23434467869123743,0.06004874467059357,0.0007036318334100808,0.14649295510859722,0.024438220305301784,0.03553010054488873,0.0004643053406959247,0.004297464230928857,-0.12110898991713694,0.06605565365551595,-0.0606831507367712,0.1985451891886692,0.013499292575124753,-0.20220740900733367,0.01622186274520876,0.8178613581157954
1929,0.6041212351894621,0.23811216391392848,0.060269691569850486,0.00081375664314908,0.148669307849295,0.024614945562407516,0.036101306725080946,0.00064450544358333,-0.001445184704772817,-0.12657461842767245,0.06771175571736185,-0.06130957015382031,-0.02232568772279491,1.0399730030723284e-06,-0.21809663486651834,0.017371133034700212,0.6093470497091173
1930,0.6062630226750815,0.2418426063121216,0.06044918537556575,0.0009364072473046365,0.15084566058999285,0.024791670819513244,0.03666689666817221,0.0007505216112224765,0.00027017516590475765,-0.12574695044434933,0.06320838430157542,-0.06193599013238483,0.24571889141490622,8.529686832519008e-07,-0.2122923150494066,0.014191444500514235,0.8505756215399957
1931,0.6099504336361404,0.24485579757789488,0.061156736351515036,0.0010809517591800375,0.153250126783125,0.025341900520714774,0.037123740788686514,0.0008600067173980933,0.002302148154414071,-0.11563802791248932,0.059565270407491086,-0.06256241021894081,0.2453049043606799,1.9887336950688306e-05,-0.1897907763083087,0.011724029916847708,0.8617495622530656
1932,0.6150219946507202,0.24762735196116184,0.06153126598364316,0.001225781171745484,0.15565459297625717,0.02589213022191631,0.03754394920328784,0.0009309995922535776,0.009563105813453092,-0.11185012522161583,0.05635100764113773,-0.06318883030549678,0.013382689537473819,3.405959290279359e-05,-0.17476033791863754,0.0094623298407053,0.6828177374057257
1933,0.6208517196055044,0.2504592418856363,0.06209809916961428,0.0013763105672030716,0.15805905916938934,0.026442359923117845,0.037973305373483646,0.0011532359483965463,0.004749393244646381,-0.11407972928786707,0.057807504224151554,-0.06381525039205274,0.19685418244352829,3.99903013313843e-05,-0.1835896664705766,0.01052001275366655,0.8267708106201204
1934,0.6281598805122977,0.2536865109712351,0.06246247246777263,0.0015468326336535046,0.1604635253625215,0.02699258962431938,0.038462606840609405,0.0013541804390984553,0.003064320361965288,-0.12097957816481399,0.060394364326892845,-0.06444167047860871,0.2440320460908509,3.339172033200634e-05,-0.19906922705255847,0.01243483531960752,0.8656389945998219
1935,0.6366409267256055,0.25695341849129744,0.06291687958311484,0.0017569904921338306,0.16286799155565368,0.027542819325520912,0.03895791807748882,0.00162770070842272,-0.002265008000434944,-0.12430720398773923,0.06205851615265118,-0.06506809056516469,0.2435974963658326,1.0603908216745638e-05,-0.21123159282191156,0.01368529397446467,0.8904954402972324
1936,0.6519638876537025,0.25986675060970144,0.06352143359497964,0.002030567459338272,0.16527245774878582,0.028093049026722442,0.039399622082314685,0.0019613246825017526,-0.002618901338120632,-0.1317812163427906,0.06513787226263756,-0.06569451065172066,0.24315778548984493,0.09065723261594322,-0.2251895222639501,0.015910011736199915,0.9547199712686522
1937,0.6665944906461201,0.2626122115809447,0.0642924613213012,0.0023273994791993507,0.167676923941918,0.028643278727923976,0.03981587435181411,0.0023995140303128223,-0.009362603729818328,-0.13472328575562958,0.06729259044255911,-0.06632093073827663,0.24271293862305876,0.09724845745343824,-0.2385361526276591,0.01753188312135687,0.9637957175893636
1938,0.6767778251719468,0.26524099050108524,0.06520041562666007,0.0026243386198464575,0.17008139013505016,0.02919350842912551,0.04021443590595093,0.0025247972014336185,-0.007367669690744737,-0.12942709217796142,0.06443041583109702,-0.06694735082483262,0.2422629371773563,0.07635021377436636,-0.22428932122349335,0.015663573860021797,0.98038011030913
1939,0.6874826355293249,0.26906401004686875,0.06593735623413725,0.0029375145934640275,0.17248585632818234,0.029743738130327046,0.04079406190644456,0.0028680654911699298,-0.009554689238813686,-0.13641068345682103,0.06664775003594878,-0.0675737709113886,0.24180780189943418,0.07053993974700107,-0.23983230433414135,0.01741837842375128,0.9757768124170885
1940,0.6971586993914346,0.2710096106325951,0.06681636904139353,0.003298456046088356,0.17489032252131448,0.030293967831528577,0.041089043575399505,0.0032601939653307283,-0.017953079919275694,-0.14007481499089966,0.06967758531043292,-0.06808471972200551,0.24134751864425152,0.03164858940253995,-0.25761092724692825,0.019689984434961824,0.9508825859602705
1941,0.7057907582713555,0.2728968540575742,0.06774428093149394,0.003725360319954539,0.1782924717261925,0.031528537890033154,0.041375177440340104,0.0035935616697014157,-0.01833334718867473,-0.14261566253570385,0.07187587528429187,-0.06841284149820485,0.24088211082578423,0.0001918907705139588,-0.26366684425811837,0.02188090520314038,0.9432790903150484
1942,0.7125712088956169,0.2758882916110102,0.06877727172662529,0.004262067628932262,0.1816946209310705,0.032763107948537734,0.04182872337806279,0.0036387365033774847,-0.0176856744262755,-0.14605308479258505,0.07348937019847444,-0.06874096327440422,0.2404115180799986,1.573316956039166e-05,-0.27040765171659564,0.023736169135485805,0.9312023646673527
1943,0.7165136864865751,0.2785729401277865,0.07119945617689473,0.004906705497986326,0.18509677013594847,0.03399767800704231,0.042235755584902106,0.004079262625106621,-0.0172991989489312,-0.14654838996845637,0.07470874059012493,-0.06906908505060355,0.2399358072173716,3.170868145362249e-05,-0.2715504147864539,0.025586281440061847,0.9247337442695295
1944,0.71660152248922,0.2807436089992119,0.0720284706644737,0.005671427448184155,0.18849891934082647,0.03523224806554688,0.04256486091676682,0.004963557698603457,-0.015118230637735174,-0.14731185978376518,0.074355852274687,-0.06939720682680288,0.23945494708206416,2.7260650132179466e-05,-0.2671333255793412,0.026680424880115124,0.939134550916035
1945,0.7156804605601949,0.28257318048798463,0.07288860484665279,0.006369725668130094,0.1919010685457045,0.03646681812405146,0.04284225086781326,0.0050299962692470085,-0.010780889117048007,-0.1383935838231741,0.0665516438665011,-0.06972532860300222,0.23896898344612016,0.0070954959320608715,-0.24328085180783068,0.022242781538521713,1.0013129757063555
1946,0.7154123815620144,0.28517552510819116,0.0736436196476565,0.00728763751622265,0.19530321775058243,0.037701388182556035,0.04323680459322645,0.00531798641371365,-0.010138076565077992,-0.13686377560554866,0.0678788139863299,-0.07005345037920158,0.23847781193884318,0.04123866535093317,-0.24047487725100397,0.024025634425179205,1.0294420762871554
1947,0.7169453972339549,0.2887574095139319,0.07395822699625226,0.008248182129968135,0.19870536695546048,0.038935958241060616,0.043779870959345296,0.005866869293284128,-0.02429008251018586,-0.1436358768484332,0.06718509655441991,-0.0703815721554009,0.23798153668143332,0.1323287678444662,-0.26602948688173833,0.024660269718431903,1.0609687150108167
1948,0.7172720657828117,0.2923355613740996,0.07412667586329957,0.009295125150755977,0.20210751616033845,0.04017052829956519,0.044322371416648805,0.006536632250995844,-0.02857033074558316,-0.1495992071272868,0.0675357121744196,-0.07070969393160025,0.23748012642161467,0.1635043241848455,-0.2806939536075662,0.026070905573356944,1.0699950344568845
1949,0.7191016227729252,0.29514679988064046,0.07428635566168985,0.010382187854660573,0.20550966536521645,0.041405098358069777,0.04474859652809954,0.006411489957482896,-0.014239927231413483,-0.14832499819135556,0.07081153496202382,-0.07103781570779957,0.23697354745034355,0.13342209897864785,-0.26246782051271267,0.029077767922480985,1.0813448073286378
1950,0.7224714863948495,0.2972062175390814,0.07481983133323025,0.011493744105141349,0.20891181457009445,0.04263966841657435,0.04506083453954903,0.0076891446297640284,-0.017571126065165588,-0.15861791743239154,0.0719939671810813,-0.07136593748399894,0.23646185518027643,0.06604166308065376,-0.28386299850943286,0.031234186395084546,1.0302113624259144
1951,0.7259188596581172,0.30016382569311456,0.07527440948425498,0.01266112340388635,0.2159369568827017,0.04381909016789699,0.045509251442685285,0.008429214775542737,-0.028258686946009737,-0.15757665347038186,0.07333923912384831,-0.07261135889172114,0.23594499186299245,9.855890937463925e-06,-0.2923538060642231,0.03232558132683801,0.987576332244925
1952,0.7320288373268492,0.30341528470657153,0.0758915522639184,0.01379975034785666,0.22296209919530896,0.04499851191921965,0.04600222045871283,0.008910174027273635,-0.032391915973196884,-0.1637867815088449,0.0737964050783092,-0.0739201302633051,0.23542299408975062,1.157900217009501e-05,-0.30595841925809475,0.03258565006386151,0.98442770361129
1953,0.7393149756900732,0.30874549614050467,0.07703859382869777,0.015083703443176643,0.22998724150791625,0.04617793367054229,0.046810358920532494,0.00941386660695837,-0.034384397667425425,-0.16984149813773639,0.07376113803511991,-0.07522890163488907,0.23489587368630482,2.2759189005073443e-05,-0.31650508089268625,0.03265126988051606,0.9774151298344897
1954,0.7461411919992452,0.3152383744530525,0.07782412528190263,0.01655233856502005,0.2370123838205235,0.04735735542186494,0.04779477478420354,0.009886237531548495,-0.03471160762040488,-0.17361198608782302,0.07498382301828951,-0.07653767300647307,0.23436357357961976,2.2625614490915994e-05,-0.3234303021894301,0.033764699870953735,0.9887704225304558
1955,0.7520744030243829,0.3223637627646167,0.07891291668312148,0.018221412615825463,0.2440375261331308,0.04853677717318758,0.04887508846806923,0.010930990897380824,-0.04293301857590285,-0.18063785745615865,0.0781130292000941,-0.07784644437805704,0.23382614277663794,0.001753792390773442,-0.34533525292564343,0.03655210908706187,1.0118966406388399
1956,0.7572745425646048,0.330735482643749,0.08017066025812583,0.020128142096902096,0.251062668445738,0.049716198924510235,0.050144364351355324,0.011822361008623165,-0.04642973749398384,-0.1905954016675427,0.0816554323647218,-0.079155215749641,0.23328359564777432,0.12217640731277957,-0.36859853058199926,0.039658669401982836,1.0728620700772222
1957,0.7626869591655177,0.3391931936055106,0.08135880911012452,0.022288494151171574,0.2580878107583453,0.050895620675832885,0.05142667774771338,0.012259868339437627,-0.04873842914442138,-0.1999078172737591,0.08324749956650287,-0.08046398712122498,0.2327358649574092,0.23419599151778966,-0.3857454551976868,0.04106957105744726,1.1411125462675393
1958,0.7692537503081813,0.3458371010212884,0.0823104843879674,0.024587834353150578,0.2651129530709526,0.052075042427155535,0.05243399184510125,0.012973046562883055,-0.04811230425832157,-0.1971382706295652,0.08753489863410527,-0.08177275849280898,0.23218302082757156,0.2490340569102547,-0.38234638468928583,0.04460953465599136,1.172773263652751
1959,0.7779515846269837,0.35146853257559085,0.08309710991769996,0.02699005671301972,0.2721380953835599,0.05325446417847818,0.053287799708174814,0.013672019246047499,-0.05169271573935741,-0.2023723193398434,0.0910379302965543,-0.08308152986439296,0.23162502976379076,0.18562085112771978,-0.39453594684735743,0.04750518220034561,1.1425875981904274
1960,0.7936035015619821,0.35531609482366205,0.08418997367771149,0.0297111443217047,0.27916323769616713,0.054433885929800835,0.053871146743363116,0.014598253856865516,-0.05823542446573356,-0.20849625308583813,0.09465628343491166,-0.0837711559677941,0.2310619121006675,0.14216874805210095,-0.4142062937081756,0.05102087105635755,1.1245665549634607
1961,0.8064089403440181,0.35832672094553947,0.08537220222454495,0.032874872145978076,0.2866270597249943,0.056016893020045776,0.054327601950329034,0.01591553644184188,-0.0673442040161775,-0.21740499034599584,0.09283758416917852,-0.084120160995892,0.21657868589903773,0.04586189414690123,-0.43543033342641935,0.051615796931902304,1.0609602245523266
1962,0.8205733448768056,0.3657013250042355,0.08662141489237453,0.036505135539413855,0.2940908817538215,0.05759990011029074,0.05544570040747148,0.01743415493553632,-0.06731158310552939,-0.22048562152179818,0.09450014002012577,-0.08446916602398989,-0.013020083268334244,9.001014046856257e-06,-0.4408967483840864,0.055263809511877156,0.8594890413983204
1963,0.8320052967468742,0.375880803326179,0.08800109125119762,0.040729271802233694,0.3015547037826486,0.05918290720053569,0.056989059063162144,0.018592523210132984,-0.0748206961982303,-0.23560236104337395,0.0972336288404018,-0.08481817105208778,-0.6782799388664866,1.891224299733893e-05,-0.4724414655478156,0.059399272729437444,0.002039398378013143
1964,0.8449131235529479,0.385071098073109,0.0892933732941564,0.04560888930438206,0.30901852581147576,0.060765914290780654,0.05838244293780011,0.01981486171586869,-0.08124757954157757,-0.23051211662949103,0.09781837820288172,-0.08516717608018567,-0.4930067868112931,2.3507206284355158e-05,-0.47487518795603884,0.062201459893731874,0.253454452996203
1965,0.8539205706638129,0.39260551976450797,0.09060051249232041,0.0511283296148336,0.316482347840303,0.0623489213810256,0.05952477209900844,0.021134806716379895,-0.08788208187302236,-0.23883721904785135,0.09949189431793433,-0.08551618110828357,-0.2530561492637917,2.0942575612532147e-05,-0.4944547223805458,0.06575698959645172,0.56799241608776
1966,0.8741544178902152,0.3987202948522088,0.09208577796262463,0.05727548777595137,0.3239461698691301,0.06393192847127055,0.06045186195182152,0.02309084874543457,-0.09438864399071095,-0.2460252473806925,0.10046989582383851,-0.08586518613638149,0.1446444743100014,0.0023473150064720455,-0.5128485926516727,0.06904403886794543,1.0639474302155767
1967,0.8853808665874875,0.405268006896794,0.0935665790917911,0.06415182437319134,0.33140999189795717,0.06551493556151551,0.06144459141588421,0.02635002847028645,-0.09918514637546036,-0.2573452741350308,0.09927034086139429,-0.08621419116447938,-0.10846975862349842,0.06585423488622263,-0.5323930862120523,0.07151034109472401,0.847667864065937
1968,0.9025390497068063,0.4146730970608914,0.09503510266334803,0.07187567688645871,0.3388738139267844,0.06709794265176047,0.06287054143544664,0.02962036326157568,-0.10981937044256368,-0.26268249152399564,0.10151023093573816,-0.08656319619257728,-0.02097794475719545,0.09937264365699111,-0.5520837024143644,0.07678497892142465,1.0005146853448816
1969,0.9187517649410422,0.4241752095901703,0.09651172974726686,0.08049789092939993,0.34633763595561157,0.06868094974200542,0.06431120147278827,0.03111929360668931,-0.11433328393465757,-0.2668695264269343,0.10473649098701804,-0.08691220122067518,0.0729889873211144,0.10533910784638233,-0.5659657732538919,0.08191374445400096,1.1182613015829879
1970,0.947749447753105,0.43576815059516827,0.09798699465040889,0.0899908861823157,0.3538014579844387,0.07026395683225037,0.0660688618635379,0.032278259243828905,-0.12735741836351996,-0.28189086054769974,0.10722592169992014,-0.08726120624877308,0.0678171373415339,0.10921262386462584,-0.6036912802675266,0.08617815833317236,1.1313230240601044
1971,0.9591800109845726,0.44633989374988264,0.09949793621602954,0.10025344267244071,0.3601008987093565,0.07159252968708779,0.06767169363816777,0.03433018174619101,-0.12490699825527471,-0.2866427642312801,0.11040037694567255,-0.08760916167579996,-0.062076783619691045,0.05179712030388728,-0.6073839310246889,0.091441494600827,0.9946777028128838
1972,0.9959297922702819,0.45585605188626727,0.10103320774596732,0.11143844767488381,0.3664003394342743,0.0729211025419252,0.06911448319616019,0.03587167790253204,-0.1299074995593194,-0.304084395086013,0.11324084587002758,-0.08792557039734474,0.04074747921341006,0.04823598460969565,-0.6395024631069924,0.09605388762653798,1.1342889811312395
1973,1.0440143525058032,0.4629119224351616,0.10261413918951416,0.12391402624628518,0.3726997801591921,0.07424967539676262,0.07018425696458545,0.0373101626105463,-0.1369618258541835,-0.3005805461691439,0.11692130814503163,-0.08824197911888952,0.20379709285535424,4.005327217367684e-06,-0.6469262785486822,0.1007749036040773,1.3000816646735691
1974,1.0596135682656058,0.4697779472755199,0.10425219837878726,0.13770778555442964,0.37899922088410987,0.07557824825160005,0.0712252473309298,0.03560198349340236,-0.1297073043774,-0.3012141487434037,0.11752165725527548,-0.08855838784043434,0.03902030512956677,1.6093820748616768e-05,-0.6404526635639493,0.10151778935641173,1.1990568325207027
1975,1.0605959248622776,0.4777993255941391,0.10594258518335871,0.15174271114335963,0.38529866160902765,0.07690682110643744,0.07244140628005034,0.03669635099355349,-0.12289609291119086,-0.2988751740071587,0.12062376454133043,-0.08887479656197912,-0.16182044777325313,1.5826671720301876e-05,-0.6282886239112814,0.10569942132132208,0.9941627156109386
1976,1.0737355722143611,0.48667366753655494,0.10768117256520884,0.16551987923832237,0.39159810233394543,0.07823539396127487,0.07378688706179745,0.03629953889575852,-0.1290237864560799,-0.31341121931516397,0.12457094283945354,-0.08919120528352392,0.05493144635478402,1.9807192242193835e-05,-0.6578456592023469,0.10992817586003828,1.2573503551764595
1977,1.1072447166761203,0.4960944933853654,0.10946492314751674,0.17927331310570555,0.39789754305886327,0.07956396681611227,0.07521522284263733,0.038428349977280014,-0.12407380397285679,-0.3163897365309468,0.12965097817269647,-0.08950761400506868,0.1607265115706932,0.013967863061202596,-0.6595709111855209,0.11668290918463846,1.4317060573521152
1978,1.1377832636888259,0.5057678393009922,0.11132103978561883,0.192940434128194,0.40419698378378094,0.08089253967094968,0.07668184438022535,0.039461163193489884,-0.1151206466933868,-0.32334476983461086,0.13460904048093433,-0.08982402272661347,0.19195566763656513,0.10630748685094324,-0.6605751240406945,0.12257869586933097,1.5643931252730425
1979,1.1670385578624543,0.5153981769577554,0.11325381814478194,0.2055806961666547,0.4104964245086988,0.08222111252578711,0.07814194523310984,0.04081438566938624,-0.11722689918020389,-0.32756360483717323,0.13826982902602686,-0.09014043144815827,0.17265511362623095,0.18399647344264988,-0.6710882558629273,0.12781172925230783,1.6389077074188
1980,1.2072273524825907,0.5247087146660765,0.1156176325586807,0.21826465544240725,0.41679586523361656,0.0835496853806245,0.07955355970949181,0.04064503648967802,-0.12033840437844741,-0.32830683172223313,0.13655406235380452,-0.09045684016970307,0.11617381203290454,0.168689837564107,-0.6724664251113321,0.12789665590167834,1.6445104923509624
1981,1.229277926555501,0.5334176238761803,0.11860117020044536,0.23062214258067315,0.42268670713714096,0.08165709574779008,0.08087395845547307,0.03951407478279397,-0.11289142590820003,-0.32406866029133663,0.13689064160221917,-0.09077324889124787,0.07612616958419954,0.1737816368461529,-0.6546974789203435,0.12676131071260052,1.6777030542118305
1982,1.2431975493889407,0.5412540839106413,0.12278112819691876,0.24280335300165784,0.4285775490406653,0.07976450611495566,0.08206208107253173,0.03962440526664618,-0.1045246219766853,-0.33814590334753075,0.1382515476717217,-0.09109927488427522,-0.21325496193192983,0.08700238282453603,-0.6649748586314513,0.1267274698014349,1.3122025121548686
1983,1.2738971176571348,0.5480057671640666,0.12480332034179667,0.2550144960206893,0.4344683909441897,0.07787191648212123,0.08308573557231028,0.03993164288552639,-0.09817723030964634,-0.3193462987881484,0.14051210586842355,-0.09146535959488288,-0.5589492437026684,0.08334753303312883,-0.6294954822935955,0.12741021680936906,0.9543670335759301
1984,1.302098527618528,0.5537427582336673,0.12723217654775043,0.2673183344726579,0.44035923284771417,0.07597932684928681,0.0839555478107038,0.042179266902303204,-0.09551319860369187,-0.3277691884815773,0.14446390742842852,-0.09183144430549056,-0.2117427337749893,8.01256264209114e-06,-0.6381809774104161,0.13045195960579645,1.3832201678733766
1985,1.328740166633752,0.5599068082864399,0.12917870685658164,0.2812333081319854,0.4462500747512385,0.07408673721645238,0.08489010847306601,0.04322372959126999,-0.09301028223369825,-0.33101588999522535,0.14638660571748924,-0.09219752901609825,-0.014140623421401058,2.2759189005073443e-05,-0.6425688445003682,0.1312301571304401,1.6681697091911516
1986,1.3541926239966888,0.565879572989541,0.13239456065698074,0.2963810856491165,0.45214091665476286,0.07219414758361796,0.0857956674625737,0.04561816701702038,-0.08623689988629808,-0.33318013540265157,0.15060753947945113,-0.09256361372670589,-0.015324053754934536,2.0942575612532147e-05,-0.6393535010302386,0.1349512571610577,1.7224123431172582
1987,1.3856679460794825,0.5706522884431645,0.13306511478521907,0.31218082584883616,0.4580317585582873,0.07030155795078352,0.08651928133290535,0.047513016262071064,-0.08823222455333984,-0.34355135985486385,0.15472299769409387,-0.09292969843731358,0.07186020178351929,1.1632431975757991e-05,-0.6577960880596506,0.1379139107976149,1.844652432166129
1988,1.430915343690284,0.5769001743045794,0.13554975508949835,0.32912117505713295,0.46392260046181166,0.06840896831794908,0.08746655273709857,0.04953824692755991,-0.07785443591330532,-0.34505176166488416,0.15951438573027085,-0.09329578314792125,0.13936373676061903,0.06294909787253998,-0.6523955326627162,0.14160553830558614,2.020460903671468
1989,1.4602568446883268,0.5833024977837582,0.13927066415988265,0.34418491390615036,0.46981344236533606,0.06651637868511467,0.08843723915595186,0.051385643736398354,-0.07854642613920397,-0.3423677627269571,0.16165353883710995,-0.09366186785852892,0.18570168033226106,0.18680789635911696,-0.647500823590414,0.14318603776880243,2.18941383858569
1990,1.4811617633204972,0.5868909113800814,0.14254408009298894,0.35712456907907847,0.47570428426886047,0.06462378905228025,0.08898129544340866,0.0518651246100557,-0.07170858090711428,-0.34849178387828017,0.16651591287277734,-0.0940279525691366,0.18030222282420105,0.16391041860611294,-0.6529419952894271,0.14605990244288755,2.2094326188902915
1991,1.504301866282227,0.5932416774576768,0.1450037455963284,0.3675147292138643,0.4818608407433524,0.06441071604725915,0.08994416500176261,0.049909952465260796,-0.0733376598828149,-0.37044413190706327,0.16563183641754223,-0.09425796501456697,-0.42538987690695507,0.16047423504154207,-0.6875934060531121,0.14434058609451536,1.504593486111031
1992,1.5166327394621595,0.5968095389352372,0.14684433623163343,0.37641025846667536,0.48801739721784415,0.06419764304223805,0.09048510528568936,0.05030883646729964,-0.06596332588844481,-0.33541786152282144,0.1623926082403441,-0.0944231754039799,-1.3334664444239546,0.11889641391023464,-0.6240181289037945,0.14198837079210197,0.4656973766413509
1993,1.5292970935858234,0.5977323295096384,0.14796405790548536,0.38171232121294746,0.49417395369233597,0.06398457003721696,0.0906250139111954,0.05075003673233774,-0.060383227796270374,-0.3414135728486063,0.16165024986100923,-0.09458838579339286,-0.589336771048807,0.021058896417180645,-0.6247169911936542,0.14129963236213325,1.3402159990328149
1994,1.5556096740359011,0.6003068808584344,0.14987229834387197,0.3860420180809063,0.5003305101668278,0.06377149703219587,0.0910153537678184,0.05281576646942926,-0.05586759804793908,-0.35627737104704843,0.162396005963301,-0.09475359618280581,-0.06023094937911514,1.6320897422684433e-05,-0.6446575329182103,0.14302519471940733,2.0088060525767344
1995,1.5875786264092517,0.6026554786396515,0.15197472998453462,0.3899588859409312,0.5064870666413197,0.06355842402717476,0.09137143573977603,0.05397462485579846,-0.039095882424186545,-0.34173687007384307,0.1655779990353916,-0.09491880657221875,0.116133238385983,2.1129579932352575e-05,-0.6040458720427992,0.14624974783926165,2.259684782616837
1996,1.6180087918489243,0.6035271791445119,0.15499106985055733,0.39344409682911424,0.5126436231158116,0.06334535102215368,0.09150359835919496,0.056396539952254646,-0.038120345556196644,-0.3338902301210866,0.1646175360615637,-0.0950840169616317,0.19465493160410044,3.157510693946505e-05,-0.5909478639635165,0.14694900317700865,2.3658046744767995
1997,1.6372362240150975,0.6051570490382493,0.15794013039696436,0.39608531262544033,0.5188001795903034,0.06313227801713257,0.09175071061078516,0.05856593417817967,-0.04738349561218737,-0.36515195036086623,0.16422240558983645,-0.09524922735104466,0.2203636432023491,1.7523068050101464e-05,-0.6526551972847584,0.14774297905623965,2.3665427516215938
1998,1.6827782193903342,0.6099539881601662,0.1606248518632157,0.39875555486153014,0.5249567360647953,0.06291920501211148,0.09247799714556489,0.059912665132935264,-0.03198704755737581,-0.35989983494568223,0.15750196872365543,-0.09541443774045759,0.22243637835420943,0.05292168947047411,-0.6315631429179114,0.14384896894360044,2.4894287396531363
1999,1.718787672390972,0.6134453890908469,0.1640875804946887,0.4012654577328678,0.5311132925392872,0.06270613200709038,0.09300734488583529,0.06211240920905431,-0.032819657396520326,-0.32900397046204893,0.15552585949538192,-0.09557964812987055,0.22679432652594514,0.12202021715075362,-0.5748115319908943,0.1436371945712045,2.64185621919577
2000,1.7392734961899285,0.6140557972615741,0.16755249867415267,0.4036943115271973,0.537269849013779,0.06249305900206929,0.09309989174373913,0.06466532192053753,-0.041415618416340616,-0.3182419625107771,0.15397402723675746,-0.09574485851928348,0.2276027761924167,0.17228221129070379,-0.5631740708574241,0.1437279717305969,2.7139209277241534
2001,1.765996629477893,0.6132988950842143,0.17016084092384917,0.40594354367225616,0.5426020457276683,0.06330595937416658,0.09298513423947478,0.06321309601376347,-0.03577500649675529,-0.3183384053373498,0.15635277118353944,-0.09591006890869644,0.22102813504290156,0.15113406335239038,-0.5598632205786741,0.14508389300586702,2.7318460346537234
2002,1.8000677281093833,0.6136904695987822,0.17240913837836522,0.40798085195190764,0.5479342424415575,0.06411885974626387,0.0930445026960197,0.06415911528664409,-0.03756282338738383,-0.34105994886817154,0.15882657050452276,-0.09607527929810941,0.2295067493502396,0.16172375633774966,-0.5948304652809699,0.1480406596223829,2.743631024618039
2003,1.8428908685214485,0.6155444693723154,0.17485372309948222,0.40982601017249354,0.5532664391554468,0.06493176011836116,0.0933255963343806,0.06387360182379348,-0.04614438204278251,-0.3478934751477094,0.16326803423452063,-0.09624048968752236,0.20906567623672,0.03883333685573357,-0.6180757946063945,0.15165991054307124,2.6850874401244247
2004,1.873580587160728,0.6152886498850049,0.1771293690159023,0.4118377008422545,0.558598635869336,0.06574466049045843,0.09328681033695047,0.06807201170369198,-0.03550003446012032,-0.350663189125389,0.17082249475879321,-0.0964057000769353,0.22270749146470373,6.329523763707287e-06,-0.6153344510318176,0.16078620989516043,2.71555401764065
2005,1.907302863085655,0.6143073643279214,0.1796032312169749,0.4139489262190239,0.5639308325832253,0.06655756086255572,0.09313803301159732,0.07097020026644299,-0.03680206118325078,-0.3584320379934012,0.17521593912908504,-0.09657091046634825,0.18805475971152072,2.8983761364810543e-05,-0.6306051554881348,0.1666644401791818,2.6872120037394436
2006,1.9426861958221053,0.614364101844051,0.18252013398300485,0.4160145810162144,0.5692630292971145,0.06737046123465301,0.09314663525366233,0.07209752944321815,-0.051133674965692724,-0.36550555967804127,0.17794307623031277,-0.09673612085576119,0.16917592936401482,3.412638015987231e-05,-0.6569454956588909,0.1699842233479324,2.682702903332173
2007,1.9714587931368557,0.6174857611013879,0.1850878565100002,0.41843528247824996,0.5745952260110038,0.06818336160675029,0.0936199247172827,0.07394947920130755,-0.026869600895892676,-0.36231757531759257,0.1819122593001369,-0.09690133124517415,0.15216816009426032,4.3984179304692e-05,-0.6273608804814601,0.1750370894247251,2.7260260917673897
2008,2.0061937200911237,0.6204787961281014,0.18819126605499134,0.4209723810754765,0.5791073602349799,0.07154239486237696,0.09407371285545338,0.07362218658609031,-0.022449185419362618,-0.35161602903291894,0.18543065756208976,-0.09706654163458708,0.17283960787103797,4.6108014079795435e-05,-0.6058463406782413,0.18011741824533045,2.813309765696661
2009,2.03078233527665,0.6226617830222977,0.19060467322842717,0.42312253239792197,0.5836194944589559,0.07490142811800361,0.09440468578077062,0.06970293789870342,-0.0034390954796399203,-0.3409481214659195,0.18687639759746602,-0.09723175202400004,0.13896772621366324,4.616144388545841e-05,-0.5692531907339912,0.18127058692334921,2.8621025522077885
2010,2.0679990427852046,0.6250402271643534,0.19361441003383553,0.42560957591935,0.588131628682932,0.07826046137363028,0.09476529290007707,0.07330060883168872,0.025533007481013167,-0.3470858878545778,0.19038870509416253,-0.09739696241341299,0.1797239137163521,2.719386287510074e-05,-0.5548364334638043,0.1889581686690662,2.981564982184533
2011,2.0985339480153877,0.6274905617630244,0.19706842712736306,0.42790398844745026,0.5942230098852997,0.08277259559760641,0.09513679967012884,0.07559235868741508,0.009172542542886276,-0.340954083778457,0.1904721354937413,-0.09756217280282593,0.13142541025676052,0.005221213987749494,-0.560300106567061,0.19375314367205193,3.0163906687084383
2012,2.1310408057758723,0.6298153906883885,0.20003636368249614,0.42986278242769305,0.6003143910876675,0.08728472982158252,0.0954892779338947,0.07669250958217745,0.013638907217051367,-0.3491843268687592,0.19102640767984966,-0.09772738319223888,0.17590960410037218,0.033991441832929174,-0.5665102035975822,0.19845199540702957,3.1046903572376174
2013,2.17496187811001,0.6321651905137496,0.20318958765961617,0.4322342597256394,0.6064057722900352,0.09179686404555865,0.09584554215342679,0.07823241721007523,0.020667878923243437,-0.3320751579513307,0.18986645132338037,-0.09789259358165182,0.20467477750826937,0.05054759900767968,-0.5308143319125694,0.20192780171167182,3.2327034998256114
2014,2.2058386327292268,0.6362757355538761,0.20698683520425315,0.4343781778139266,0.612497153492403,0.09630899826953478,0.09646876124841813,0.08090653170768954,0.02896420356842397,-0.33512857133700885,0.18809234257929616,-0.09805780397106478,0.18174408576638973,0.07035251155256991,-0.5250637431717068,0.2056957099195768,3.2758972272165554
2015,2.242312108970148,0.64122187436517,0.21011065024436634,0.4364350754371002,0.6078847496190053,0.09510576247647447,0.09721866865086355,0.08532057381337735,0.04465118312347419,-0.32179775951066375,0.1852929719749176,-0.09822301436047773,0.1457888242950166,0.010469203431821356,-0.48712049058089113,0.20570514852085903,3.2971495283700865
2016,2.2969274828939796,0.6448468590201177,0.2128403349811718,0.43871443006412536,0.6032723457456074,0.09390252668341416,0.09776826964877512,0.08937796890305516,0.048206951807264725,-0.3159598413171237,0.18309219934496873,-0.09838822474989067,0.16771007392889797,2.7018792671714025e-05,-0.4711631443961237,0.20575431293974356,3.3502109037520307
2017,2.3305866682005525,0.648072569879203,0.2159161290907158,0.4413262372450786,0.5986599418722096,0.09269929089035385,0.09825733486583964,0.0949005244608923,0.05259812518262426,-0.30999067049608525,0.18227647853847126,-0.09855343513930365,0.19698654545725583,3.547764190253233e-05,-0.45909383346779004,0.20767961969011095,3.415314072343911
2018,2.367832661332537,0.6519581995682406,0.21977797758373938,0.4436401661879015,0.6065311093518124,0.09595805449655882,0.09884645348505779,0.0960300505372847,0.04897461233252536,-0.31085617310549374,0.181012098594785,-0.09871864552871658,0.18361761080464623,3.8903334147955945e-05,-0.4628027294447596,0.21007738642588678,3.449539753260866
2019,2.4070685481536014,0.6556400159779159,0.22277447946935136,0.44558225691662234,0.6144022768314152,0.09921681810276382,0.09940467101299211,0.09625578508845244,0.047492229146791624,-0.30867101309251516,0.17938030192305582,-0.09888385591812954,0.18361761080464623,3.950723733497075e-05,-0.46087265920055964,0.2116509474703133,3.5016287208033416
