year,BC,CO,NH3,NOx,OC,SO2,VOC
1750,2.0973357959952614,348.4204761983691,6.683996379851161,12.730074318336936,15.447053562021848,2.3120825278122834,60.59937601925623
1751,2.0724909609015887,343.81914849401505,6.615536800019585,12.587159744612762,15.188102135174937,2.281497506652764,59.66775859850972
1752,2.063876797322073,341.7014647916428,6.573965449049197,12.589121082755842,15.033860887006195,2.2708994597505576,59.21371266695323
1753,2.0715154224747367,343.5675508825248,6.635011253831314,12.53466512756187,15.181930272451318,2.284976450414814,59.61014756190352
1754,2.0989144709891896,349.7073694261293,6.767851731965443,12.631675734845363,15.558157925747878,2.3369335244748752,60.85582665771377
1755,2.0987376824770445,348.03606167374033,6.695741826931117,12.760824359689924,15.357567157950037,2.3171377432777915,60.412898530150024
1756,2.068450829556107,343.2116966734737,6.673551220858913,12.410994659558833,15.195122312729486,2.2951849700753253,59.53701743010508
1757,2.14745892801366,355.8300821283872,6.797605059204515,13.12797807962167,15.704164562094135,2.3840571341740917,61.8559643826926
1758,2.1201464906689265,351.72758372305503,6.744482457145345,12.974165830190593,15.51395682577438,2.354322361189135,61.02896709814766
1759,2.116802341483501,351.39524214866975,6.794073266440961,12.747360822595425,15.573358442389575,2.349375617857299,61.04170097429146
1760,2.127339009887272,354.3054237995842,6.875255993672982,12.707504971192364,15.818408857326173,2.3725933503652326,61.65024517860373
1761,2.1372487505230775,354.59099568492013,6.827198230355391,12.961598940541977,15.69120306914785,2.3846050868442377,61.58497429767126
1762,2.101239699251919,349.132352536426,6.817802808005991,12.494599009479106,15.525222247300224,2.3409277778644966,60.62985545921055
1763,2.106521177610319,349.94161771451496,6.812265684690969,12.627761107364893,15.526049183524812,2.3566895564158727,60.731851424439256
1764,2.0710404755873357,341.9265208726048,6.642057050561572,12.57144028144258,14.957985435085789,2.3003553768995704,59.04516134505663
1765,2.1230911000756363,352.81426334662035,6.854722426418675,12.732879738615228,15.679210310411342,2.371851392171998,61.23828106362796
1766,2.109893697229894,349.25678156136235,6.777658393830403,12.754886145324923,15.358040261615686,2.3620071365698334,60.469902613295275
1767,2.11189425080795,349.49185388974,6.785774250240478,12.740507839974661,15.399773697719457,2.357754517516916,60.50416380971265
1768,2.1825654188481156,362.52905799303653,6.963040185026967,13.261203898650512,16.062939158320276,2.464618059494238,62.9809813837738
1769,2.1370669495643426,354.9004098303162,6.896317188834904,12.852648242965657,15.73430350225729,2.424294311074732,61.56757835679073
1770,2.138797775948831,355.2351570878788,6.893463471787004,12.893712452870796,15.741923550747819,2.4358491589193756,61.585220880872214
1771,2.1002824046856823,347.7308518719335,6.80633203883836,12.618021725383064,15.321105118536666,2.3174314497002646,60.04801040401902
1772,2.0864500746820065,344.48191880941465,6.77998074669221,12.518759385991963,15.113310767451004,2.2928664916232484,59.35300975084975
1773,2.092127965762919,345.6448354033062,6.840890604703195,12.462114425534212,15.203791026797724,2.2983726625991734,59.54891238406515
1774,2.1542729324162804,357.9711926264435,7.083725156429546,12.778600311104885,15.87472016679038,2.3898672260593585,61.94998813371647
1775,2.148368618042741,354.9143616627307,7.005305457703824,12.863961810873716,15.588262448245166,2.358171216021311,61.18174745565565
1776,2.111451513929521,348.7596430058228,6.996759341565182,12.402073639295036,15.36911859937592,2.3270786360472746,60.026653421049176
1777,2.1695529953102852,357.4060227104182,7.0909003532522235,12.929213494800493,15.672498867692118,2.3815837993487614,61.5432853083639
1778,2.197309443198502,362.61564630373056,7.169170015586749,13.202120010844633,15.898497340055906,2.420369516042905,62.43756879624138
1779,2.1589236476848734,355.78597544103457,7.152974898243961,12.691566121386664,15.626498709798256,2.3640169584907142,61.159183343663734
1780,2.1885751219216703,361.470493870527,7.3032681653456955,12.70961343132908,16.01742118078818,2.405085019791767,62.28125152696008
1781,2.188668071437671,359.93889452937015,7.238623890451345,12.87242295292198,15.805884707316322,2.410536001230926,61.85974863140065
1782,2.1597494019597656,355.8948522377039,7.2514789884095014,12.455613619546645,15.711753023246043,2.3772717682078204,61.15556379113546
1783,2.1499519545452843,354.13466387481765,7.227098730051712,12.438818324545368,15.606192201807222,2.3730579156042073,60.774956032469476
1784,2.139768406529955,350.416851067518,7.111036749089863,12.59190821029209,15.227072739740365,2.3377413321593608,59.88890337980601
1785,2.1650651190896126,356.65177173238135,7.267047170030292,12.546828303740515,15.731641583158147,2.3885429167579764,61.17452363320133
1786,2.1578059369900346,354.0425418867835,7.21898082613351,12.56213750843352,15.46594943440246,2.3828778113450855,60.598618893202755
1787,2.184301409696329,358.62948510409706,7.282084270211355,12.755199633500204,15.709123300471369,2.417442365728315,61.44069434485331
1788,2.2543454291207574,371.1910126104044,7.456863405894067,13.259046534870983,16.34214593687281,2.5065724969984307,63.81506772559502
1789,2.206786241327362,363.27494451379806,7.388461865982357,12.840456609056874,15.999199747772611,2.4561321431585945,62.32643041847247
1790,2.2155582693221345,364.7127119489985,7.404217566344312,12.92617893030169,16.055534574888195,2.4636260245894404,62.543530626041544
1791,2.1716036722986387,356.4807185269194,7.279557471135755,12.633588968994264,15.61510518363172,2.4229200944612708,60.918888124766724
1792,2.160726990536282,354.07543438038385,7.220433815133436,12.646852800691514,15.445419102967891,2.4142086931657802,60.40792265557587
1793,2.1523510178121636,353.19520953840504,7.238065349787717,12.469368195143504,15.476731209687493,2.4074323410304896,60.28930363203556
1794,2.2129157213169606,365.544094741519,7.450147474576444,12.81046759764713,16.164003972538637,2.5003349171076645,62.744719208353665
1795,2.201764983091807,362.0134887338031,7.343448570526013,12.86670091535343,15.88187622098821,2.467559718525446,61.95135467343038
1796,2.152194099260136,354.29559291060724,7.297805723302865,12.309974238959793,15.627073276410279,2.4259694778561856,60.57519276492438
1797,2.2124653708676694,363.35988169597545,7.350908592828162,12.938531568751184,15.937291360250672,2.4970790682992208,62.18469514564169
1798,2.2330057326947172,367.45674525499436,7.384289031802587,13.183979477068101,16.125257405978946,2.5415575210113843,62.91329086246868
1799,2.2061899314500195,363.2862664839815,7.386398712366297,12.747804263525392,16.035860429231995,2.5170681884369626,62.214279382261644
1800,2.214775757689496,365.6358145387587,7.451246858694102,12.697082926503235,16.240301737530512,2.554548711719711,62.722747607785585
1801,2.2182686363267434,364.7089828888205,7.409850235198502,12.876051376460689,16.062203562341562,2.5460916671585085,62.39017705389701
1802,2.2018347669582474,362.74708421824636,7.4697708086398364,12.525465540297358,16.074804742535672,2.568184847503279,62.05418128018042
1803,2.178722137214642,358.4261290579865,7.4255909427643285,12.390389671162302,15.829508713905954,2.5343320802814366,61.13894675132741
1804,2.1964734070449827,359.3219790481421,7.389830438098791,12.709872193546396,15.675220402168064,2.5442744184307937,61.10358149837607
1805,2.2137966404362817,364.0754653375549,7.535913372554329,12.619000285607145,16.092543946894033,2.588606429008667,62.0634682913565
1806,2.2214717888764266,364.1057864193225,7.542289299602019,12.729799459981521,15.949883474919625,2.5960646756063306,61.97221999508355
1807,2.2383490609736434,366.98107019803024,7.602951796113356,12.823119665436083,16.1149106268684,2.628889855736018,62.457664485953785
1808,2.3105750050125864,379.7956764087009,7.790042669358852,13.365507082956633,16.730139755309217,2.707200627144509,64.83995007223267
1809,2.2660866046923456,372.60859438230415,7.755476216463032,12.937525493067794,16.438772206559943,2.662238233004019,63.47252232623971
1810,2.2785348202557603,374.49143662305886,7.797750607075557,13.007657096348716,16.524576169613987,2.6782444214627064,63.74064455783203
1811,2.251425256695914,369.03230314013103,7.714904245617305,12.867161879818111,16.187951645197913,2.657202564443458,62.60209106546309
1812,2.2268677943053166,364.3396410007602,7.650406105619224,12.726714900347929,15.928141556115758,2.6390577438877934,61.63512180531824
1813,2.2308080309431086,365.67002836752397,7.715511619923697,12.622046924041816,16.063975283889295,2.650108985638104,61.91871650174542
1814,2.2903631088889655,377.73785129681073,7.935153641523883,12.959748691722588,16.718973010651254,2.7467922149543123,64.27945565355972
1815,2.2861149124827813,375.32981865032224,7.855943569676911,13.06155496033476,16.486498349590782,2.732902333277144,63.66390865536646
1816,2.2601001860881547,371.38427919691696,7.862527291122092,12.689164354778926,16.39340863846661,2.7417796073256335,62.942435793953926
1817,2.2951569451371814,376.1867738325551,7.892338797078757,13.064805899935132,16.51496240279718,2.781962620927488,63.74121202612676
1818,2.3344269949324024,383.6543098015584,7.975575745016519,13.485386584644006,16.84726574763991,2.8454326394631613,65.07196517691003
1819,2.303190399484701,378.07331112125587,7.968874493354477,13.006683108047552,16.662932808110604,2.7987653670337522,64.06680407169917
1820,2.3201839078368947,382.1606897020821,8.079303420464248,12.990107360061906,16.961361308408293,2.8374962425368464,64.89058592222642
1821,2.332634515463261,382.6350037370354,8.05601082843225,13.223662605584426,16.85787540686974,2.849224647471413,64.80811149507647
1822,2.30164766339309,378.4015097080214,8.104030743640479,12.702554871661217,16.7940118229559,2.835619097142782,64.05495269630373
1823,2.28144221866233,374.094960430803,8.047891620594562,12.619903678116161,16.530150021879315,2.833790544130429,63.09544014989929
1824,2.310041366477016,376.7429852152904,8.04492108901891,12.985232800583368,16.468766600879626,2.863053099343952,63.40628984028236
1825,2.321682598343664,380.00320404790045,8.161744929848165,12.859214416651403,16.8060731135253,2.908437184748127,64.03417594704801
1826,2.320008819709883,378.5079906072041,8.165570580153316,12.834692034808066,16.61823257683131,2.8972318949245324,63.671099456788674
1827,2.3455313466652212,382.15771846508676,8.224206674504062,13.00210355745284,16.797618453843764,2.961795095395773,64.25213746420675
1828,2.4200390825084694,395.65756365418235,8.436254336339948,13.506255635702212,17.47835471265622,3.06485932871846,66.77425975456114
1829,2.378746480038532,388.8617881448914,8.398392499945446,13.127793324683129,17.19248918082213,3.0287567581652275,65.44968716938416
1830,2.401586337840201,391.69249940703605,8.446256850645613,13.251020189887354,17.310859132316583,3.2282072921621765,65.82444053966867
1831,2.3598157732569716,383.78616811364253,8.354662966374818,12.952026195061467,16.874419686392706,3.145641193480497,64.22744420085344
1832,2.3525175828496847,381.9540898062521,8.331296210715411,12.951061962891,16.73650517894453,3.152580236166351,63.76891861258607
1833,2.3559590692584305,383.056521890017,8.405456288494968,12.81524778636858,16.862179094536376,3.1801583219544463,63.97367492963707
1834,2.411727534967901,393.7486028260721,8.611622179767846,13.089893075648309,17.452409048199886,3.270389034644524,66.01644850230058
1835,2.4046935082224663,390.1422821037893,8.531402772903107,13.120042836484888,17.168303639305737,3.267593236414237,65.15214331886159
1836,2.40340872587246,389.52522841499797,8.594477192071665,12.8540767756638,17.232877402868642,3.395062361298967,65.00596747152682
1837,2.439848889797686,394.31481133939906,8.624169459412485,13.256321116657874,17.35206272844378,3.4260734545503646,65.7536436252163
1838,2.4772125539572394,400.85878764571333,8.715257773508165,13.59047585105012,17.639947058090154,3.5110626002769196,66.88604080882342
1839,2.4526050699326127,396.4654297623837,8.727938520704376,13.174250597005736,17.503586419917543,3.5186829569741733,66.05678956645339
1840,2.44369793036899,395.40020002469333,8.795219903139348,12.8709045778075,17.57239614100112,3.57186557880369,65.87344480943153
1841,2.4907587456715037,401.9015865089893,8.829349393916967,13.413508826686819,17.74348132529498,3.655607778052127,66.90000634234542
1842,2.4493356810933307,396.50561150177305,8.837243884670121,12.908018589784767,17.588282496254894,3.6852189756899056,65.87900980809194
1843,2.411414771935098,389.2406897452399,8.757702528394834,12.614799666036035,17.216177297734966,3.6949766045700505,64.38663561611362
1844,2.443976502081044,392.1724308614423,8.746729344432623,13.006753868537094,17.17776024728656,3.8253254012600517,64.72755152748651
1845,2.471441241797697,397.26012689055807,8.871672070276224,12.97917874197789,17.596225412670982,4.003108926020869,65.65199317778809
1846,2.47228462512905,395.3390533918153,8.862300712488876,12.957172138380582,17.39741793136639,4.000661543837442,65.21503260989246
1847,2.522974540693948,402.4107825074711,8.95772572311936,13.260691337379585,17.76059184455324,4.189917821008699,66.4204335501494
1848,2.579079566409992,412.98576884794704,9.124981188061739,13.64555485605857,18.301401342697652,4.337930415294943,68.3813210897831
1849,2.554765531433704,408.38985619125594,9.091049546387488,13.426121447348317,18.076825609972925,4.4095863620589615,67.41605388645395
1850,2.574588411725721,410.94989578586626,9.147797575076318,13.464053666615062,18.230732623461094,4.54644161961597,67.77868847135159
1851,2.530231003276649,401.74009622611067,9.01877751136989,13.178324430171967,17.73079957397712,4.521834449342268,65.94079597795316
1852,2.51126451268331,396.9677839818179,8.961180923868016,13.00862126775527,17.483595997984605,4.567575857520261,64.94707692324744
1853,2.5315051441320393,399.77393520952455,9.025845802703985,13.042594110315624,17.66284293589356,4.667387432678618,65.43219578288277
1854,2.612461967252496,412.6706645062143,9.237460227687322,13.42860002045209,18.34220661806875,5.063561278985663,67.78359570944728
1855,2.595311330350757,407.3413618906738,9.132766471055778,13.379170544419281,17.991928688515856,5.076072469767976,66.63184108581981
1856,2.576833571546614,404.0785795590037,9.168957423652268,12.951769003613807,17.956097958249305,5.2184501897760915,66.02395291097865
1857,2.641649945155055,413.9606984115775,9.23365362344843,13.667948871003517,18.295996115935154,5.33287579653362,67.7083177854079
1858,2.667070784138022,418.3569136424093,9.285151959049038,13.939604796564462,18.486037782320516,5.429058922936912,68.4507175888838
1859,2.656861770872278,415.6698505693902,9.322201047981498,13.545752035436719,18.459601023805234,5.6130188257667735,67.93881773412417
1860,2.6587903555994044,415.4469992892428,9.370504323691565,13.352376294330387,18.532118969408376,5.876831409661085,67.83527305512646
1861,2.681827910000885,416.6242907708163,9.351475986227083,13.683959981994564,18.449373002989066,6.014066599696214,67.87766082458107
1862,2.6616127967865797,413.5377840062726,9.405294933706415,13.300834791228455,18.42954467930159,6.035713208793114,67.35142941845983
1863,2.6343127734072356,406.757076270771,9.334058872709045,13.069234277834543,18.073033342008095,6.257395262424079,65.90630708875489
1864,2.674595923428659,409.9257538780123,9.344393933824868,13.45065443335415,18.076752983015243,6.546712252715065,66.29337715946654
1865,2.729216041230449,419.12103094925305,9.52273555942989,13.686274448174192,18.651415022024576,6.835769868358926,68.00379427828278
1866,2.719454043364002,415.7343315719777,9.504436349051675,13.610912626895274,18.37949602844428,6.961518226422471,67.27922144861196
1867,2.7823834262157723,423.60790368047685,9.63673879199993,13.9353362742166,18.78989856440207,7.387258339430912,68.63878725408063
1868,2.848518749520669,434.23303161944284,9.811975000983626,14.374643266960799,19.32474276958113,7.62544413154504,70.6159483372777
1869,2.8097793691931345,425.6269292226971,9.74287142941478,13.990981332947635,18.91377012715341,7.909310350121491,68.88858958267144
1870,2.855420648417973,432.3501701836542,9.861043230609237,14.25201843536628,19.28236904066126,8.132189424443483,70.07579160810823
1871,2.825992051313662,424.3441085531564,9.781454539063654,14.091777337168757,18.791173522967362,8.516396915114896,68.39120072346498
1872,2.805946600574087,416.94758042661044,9.732951263137817,13.807570156163031,18.402323701947736,9.110240880027476,66.79598659179842
1873,2.880587021543076,428.5408054639971,9.957966677579831,14.25843485159812,18.979470304855653,9.646466026876547,68.94787302461971
1874,2.9080070978095023,435.2558036051077,10.136130757048894,14.499106444668923,19.357046072191647,9.545660102380364,70.32752033787558
1875,2.8751652358190203,426.30443824215365,10.038609845017348,14.282146346469844,18.79945148286729,9.943464653810521,68.453132937377
1876,2.8853681516942444,428.8382745725706,10.197685137393421,14.17833963369291,19.04676779773655,10.183241337876325,69.04431323163524
1877,2.9258429753652697,433.4153820157117,10.253356766962405,14.640214704748558,19.135598197475765,10.507493189597941,69.74357165920172
1878,2.951083406147387,437.38852231197734,10.346230573363243,14.944231403997868,19.276510194444622,10.641076811594138,70.44513450608466
1879,2.9822549348024507,440.36958497092417,10.519393822490484,14.773361958711993,19.543675982347544,11.301499240692188,71.03845983869915
1880,2.9805054015709302,436.74048545675066,10.539097850853743,14.593407593076734,19.39082159581457,12.398709421725234,70.13852685973838
1881,3.0255306506684176,440.42742728514696,10.59300738213955,15.06333402843838,19.39126679697295,12.847191374737564,70.65553037385374
1882,3.013761135565719,435.61977361178634,10.651063393242195,14.66864785764872,19.229042813122888,13.443822875533938,69.67994252254265
1883,2.9929490667894068,427.8435385350656,10.598671177907134,14.462343013271951,18.786560871909362,14.11818263340967,67.97393796969035
1884,3.0560595519292333,436.2540727290445,10.751082499006753,15.00394250393482,19.089995863628534,14.416632296487041,69.49482402380775
1885,3.066596609931064,437.92956145510294,10.880179815940313,14.962583390870458,19.287837706950473,14.532051063482172,69.84272264970585
1886,3.0796395764276534,437.6284269588774,10.94222245852144,15.10562131760394,19.14787001611772,14.658156009480509,69.74981165344585
1887,3.126823313829158,443.00647016337405,11.081473905341984,15.389972825774844,19.408833072729905,15.241359271765411,70.65997459841306
1888,3.2169857560239574,452.6470014002984,11.287947588542515,15.796161397053563,19.875602753394297,16.68795728799124,72.23096932161012
1889,3.1935592553828585,448.76485849018184,11.311764974661063,15.78144430433442,19.634790587954875,16.58358279681366,71.52808685211
1890,3.2582875311215003,454.3028190959475,11.448062872356726,16.06171230944618,19.869311591114524,17.86978143600141,72.30198809695922
1891,3.23227125659795,445.0480192118534,11.376113662293532,15.867635456705283,19.29904629972467,18.626930746748556,70.35696645329591
1892,3.222392139713905,440.7236272577152,11.40565953438923,15.703237730080911,19.055028536390957,18.94204602551094,69.46037780848526
1893,3.242132477675473,444.5231283159786,11.57595375160084,15.77041636172035,19.290341568983397,18.862970926163428,70.26373619915628
1894,3.3203457091689326,457.71985241478,11.848931157140738,16.360781923261595,19.94423477804004,19.488693287407187,72.73836559893113
1895,3.344593210967037,455.0223414849727,11.849254235388937,16.47199728282938,19.646117000468543,20.493816945702665,71.9536956187098
1896,3.2972876510823523,445.2872468290467,11.887357634242255,15.886516896529127,19.296425487652307,21.146401453097525,70.23762176776157
1897,3.395971413530405,457.4523827383159,12.046821821165995,16.867124023931066,19.700113198896346,22.18858687959656,72.34977357371446
1898,3.428328225825066,457.68733869833704,12.105666515797834,17.111788381401563,19.622298329903398,23.428420077437817,72.21475322321163
1899,3.495630116820752,463.2199519826346,12.343571096742718,17.098260916584564,19.994340414911626,25.522429934015904,73.15217025161135
1900,3.5041618788536057,460.67699245023476,12.40380433595756,17.116908075444833,19.879375293826577,26.82791002450581,72.59499721764647
1901,3.53100416577416,459.3650943461224,12.415508553100569,17.50439084671836,19.62043872766068,28.0545515578485,72.26210228407113
1902,3.5300776518902186,456.92207815107986,12.513230370896286,17.420985777464644,19.483069900946646,28.942313622459018,71.82568653696919
1903,3.5556347357307936,452.6755448132473,12.524306369758516,17.45328309368084,19.16569372002884,31.383878684837562,70.7055239907075
1904,3.6252548983628614,465.3408504775683,12.805458540976792,18.18837831066092,19.781963759267086,32.098038637723334,73.34500470931772
1905,3.695179555689618,470.7426008843414,12.916217801422833,18.737894758271008,19.877755407287285,34.21043678848527,74.05616923391574
1906,3.733929443587077,470.1242100454273,13.01075014408899,18.98704230302523,19.75718830958556,36.22718804624851,73.79008164289975
1907,3.8794167106638118,484.6961373589569,13.257145995666628,20.01519078012314,20.29694682510126,40.02265929069942,76.1737482602709
1908,3.861093188829242,486.55467761091273,13.436744470171988,20.291072522870365,20.476991175961757,38.30980449810559,77.18785283942194
1909,3.885897990356603,484.8504878968456,13.482919599351222,20.465901694228183,20.2499940791589,40.12727260464881,76.6388301031339
1910,3.9730084113172692,495.82532569884256,13.736938942773001,21.086327113970526,20.748610480992248,42.08443928530371,78.55729461029877
1911,3.9439874631316876,487.0749438244367,13.6824102085701,21.09466685733988,20.168203898267564,42.353133681597164,76.8104341609533
1912,3.953614297240438,483.60088165094464,13.71449860717397,21.178588930006896,19.87850769763621,43.78436287162479,75.76947186081314
1913,4.04513950578893,493.8462441461803,13.920285719464342,21.94320237167922,20.216016014708217,45.65237309471431,77.36952221867277
1914,3.9940301534425036,499.8139790726094,14.234855971120883,22.02072253655976,20.771639350877763,41.50249883725066,79.5751470334164
1915,3.958400018443118,490.7497521094665,14.222834028777434,21.964364911544138,20.25394465195026,41.070927404837825,78.03674788791234
1916,4.012935639500672,490.34079939196045,14.331491089546525,22.340382396529915,20.128953294239736,44.77379866201734,77.76567114703852
1917,4.122284379125526,501.5815442738825,14.486823504236476,23.58249693139232,20.415295997696983,46.811796003357586,79.72399808077613
1918,4.128058434091043,505.22143523194785,14.690149240758288,23.937526287864657,20.607802540165764,46.47377783832264,80.74101059040629
1919,3.941413864658741,497.90482963660656,14.898745989367054,23.394303690830128,20.523167300664447,39.659306483590775,80.98573799409941
1920,4.077395179815874,506.7839945781279,15.017516390176912,24.74681644515728,20.609553768431542,43.9948760801818,81.97616348097654
1921,3.9060219521026682,493.5094124215535,14.982377122907462,24.355801812727808,20.06867783834378,37.302618342710744,80.36312770494636
1922,3.9061178273757498,490.84131991414614,15.040454320510408,24.83907512643742,19.717534428569923,38.77555404820934,79.6865528419238
1923,4.2406833472400445,524.694667261125,15.44324072426026,26.80501899622078,20.765984817810235,43.10338941438222,84.75756281024103
1924,4.135987900357631,509.4082458222011,15.386891825141872,26.386227529244383,20.15491617913985,42.50171474731454,81.91531499182123
1925,4.171164077271538,513.1026516531101,15.79134100207504,27.168375143740253,20.172088659367127,42.76132993700031,82.66606572966818
1926,4.132932822292457,510.51573034797053,16.0748742800375,27.53665410725809,20.025367493983012,44.28163197464958,82.41395693046296
1927,4.214753558381256,523.8178564559438,16.348374331831003,29.122799872181446,20.273035610268543,46.91152994254729,84.69938943119422
1928,4.161124822478001,523.3731816007647,16.53558003902077,29.538398851783388,20.282226378128367,47.185934970599824,85.10920701251118
1929,4.222174166196518,534.1308807485041,16.786344339486064,30.7942839882209,20.632034673292473,50.49798643604135,87.13168193839513
1930,4.174057389805702,540.4889637312062,17.017600338182753,30.52460258895678,21.210758716448563,46.916614297807016,89.44768914556344
1931,3.9318335504215116,510.0509910299899,16.85275288977656,28.522829514624263,20.010613253484593,41.3242119455969,84.53990863252267
1932,3.905380971961428,514.913843998914,16.977702000592807,28.37808119425387,20.36378452149268,36.69858387434907,86.08982407964794
1933,3.8956045468786513,513.0982774913671,17.017549546492184,28.394898382059502,20.242490254100375,38.64898301372772,85.7756401032533
1934,4.057146772347366,532.8944931804331,17.20269862651486,30.155491784420704,20.949247916065403,42.644242961646626,89.34383978349642
1935,4.0823820159050825,534.2169136204003,17.196935893416377,30.917859379925734,20.813034369634813,45.87624467492114,89.60560222227872
1936,4.245946604045599,554.3945662153889,17.539085647468905,32.93098981939377,21.449423717110335,49.36048383139476,93.1669447311066
1937,4.251259104582122,554.5186455331766,17.634656887005754,33.919409132627685,21.138179967604124,52.914323174495536,92.98992099821885
1938,4.108515649338214,538.0829122136076,17.630215026951255,32.64630658352344,20.526555932347243,49.036365224936084,90.60021393780002
1939,4.248477114508624,557.349606462585,17.912160238414746,34.42084431826851,21.266086196334232,52.414170193843624,94.39797755611696
1940,4.273084639269136,553.3721176302164,17.87719117418637,35.751241621127335,20.819556390303354,57.88609893090645,93.1240087132175
1941,4.338728484010915,557.0891968966268,17.99323972436004,36.47695834839321,20.77108832762164,60.0282400819972,93.47952990523046
1942,4.432942776513804,565.2186637300546,18.178209744942013,36.79848342247368,21.34728890620157,61.27732493801147,94.8066000921423
1943,4.455348268897483,566.5814799647112,18.20978629751324,37.90694704854552,21.140728579058404,62.159838895064176,95.25704301363726
1944,4.457072699529517,574.4844042539269,18.451916583716983,38.88185996152289,21.286547517240663,60.6228519957249,97.30571310922952
1945,4.2345575731815,565.2107947456989,18.52927986755957,37.85565089466819,20.875165325793844,52.503071935337104,97.10911268786101
1946,4.190058918870459,557.3307160025149,18.6878077048633,38.03357345409392,20.50486420386172,51.68915351540645,96.99452653814537
1947,4.181482111777102,563.4850932695759,18.939900169433365,40.38738240683214,20.37472258297553,57.43301328987816,98.14486866082098
1948,4.258944295179214,584.6610585132853,19.361734956057926,42.94680520891352,20.824333875060177,60.15029009824301,101.71483766455384
1949,4.332603803943889,589.6890710881314,19.905433904656242,41.3762870107811,21.43591482381826,54.628551189342225,103.23039337563696
1950,4.511384353953648,618.945564727466,20.577319915320757,45.14834545993817,22.452189701860988,58.632479789345936,107.54799926303673
1951,4.341132837391894,592.0097074726939,20.712211329635043,45.539728886940495,20.69738517013988,61.81374644108582,102.35725843347484
1952,4.383508532034224,605.7931174710908,21.427612530208787,46.81840449930659,21.233770478746884,63.23087609149551,105.63482751301393
1953,4.4527995934639195,622.9691255550783,22.15272312298116,48.613748458701764,21.81628267622448,64.34294915746719,109.35259549295965
1954,4.506116271855724,628.3619726849572,22.62537048977801,49.83081440203413,21.842150234976295,65.67239025275958,111.18961232270874
1955,4.582879928502672,639.9338204647231,22.950400990264768,53.11008208164267,21.75914575610348,71.45621394167001,114.1403555876461
1956,4.783565725220319,671.9295721462487,23.59647824554904,56.141936387243966,22.787574793634718,76.2393850006018,120.75388713202364
1957,4.937506240032708,694.0184269335621,24.34373613085237,58.45717728957479,23.766904756275295,79.07081126170209,126.17757459882714
1958,4.875076845245275,658.1766041504268,24.52433287755781,57.748237703722154,22.117485069196597,80.9223093920153,119.24347865219386
1959,4.927209643148314,660.083532254483,25.062564513414085,58.919934425960506,21.88930426060891,84.33255348157198,120.63426717053855
1960,5.001928708733248,664.2636261926391,25.444379794166593,61.6287357076234,21.802206814876214,89.5366611078863,122.95520503326144
1961,5.0389586391835905,702.0115605908176,26.35662737432778,63.772545133149336,23.16061057876109,90.59381786135677,132.87518290378785
1962,5.069327808958175,683.3023998371175,27.05711871226882,65.84359444210651,22.363667279830068,93.00737407572551,128.82006744600423
1963,5.2775374575176635,748.5028835683532,28.630566664571823,69.8775563733584,24.438013341456738,96.21804256052833,144.19957989340307
1964,5.1352705834892705,698.0908671287413,28.123575884979733,71.75656380021874,22.218700009703195,100.73288235743183,133.7999108778635
1965,5.1819632766511265,718.7758913395392,29.420139154273993,74.22429543703277,22.498390970522127,103.62804044880814,140.21681384207363
1966,5.199149138979648,719.9193396828964,31.059308800567795,76.41953651515828,22.239908670393724,106.62351194159618,142.13587738818887
1967,5.292148370409215,755.1985436823561,32.77017414821669,80.88358965273125,23.340906665918013,107.46538187045041,149.84050811357847
1968,5.261103254676247,747.9736584122571,34.08816247137596,84.60942322741691,22.53703825518987,112.44841836953228,149.36124292823277
1969,5.296677476657431,753.2894030723335,35.18635386777877,86.8662444738583,21.7761616069898,116.81010707433147,152.61687787385173
1970,5.407659837366522,785.2160169355711,37.24049042437446,90.99291273096367,22.389001380636685,123.5333120761946,160.25347831446732
1971,5.50868101437647,796.7475583613622,38.107099167391546,93.54033270608272,22.72078124518085,123.73577539774524,163.97078854267818
1972,5.7863879337961075,867.3057196820774,39.391926310342875,98.46952427028597,25.05489882136152,127.30235706027732,178.93476687505307
1973,5.70385006785945,821.855514424704,39.63532543168642,101.36097161297779,22.94791516347201,133.2733505442039,169.986327925915
1974,5.770144030112334,819.2145332317359,40.31172288448202,100.59889075026095,23.045706135253756,131.43291425411383,168.65928120227125
1975,5.7757693897909705,811.0991829035212,41.01625406755419,99.2267189327437,22.558009274207052,129.30625969339678,164.70755830087933
1976,6.009322725776804,847.6477601346928,41.94763117522541,103.85300415120716,23.80638356458465,135.08721265371275,172.9109829958819
1977,6.142188425201428,859.4696780619406,42.63172236332146,106.30601317336807,23.799416211549854,136.32456538333474,175.53025428044626
1978,6.373441208931254,883.954114164471,43.59882283478695,109.52486077375765,24.42743893803141,136.58177823029254,179.14436560800658
1979,6.4467989946587485,883.6916528029748,44.41882715501029,111.57989038341762,24.555138617884268,138.8554340142074,181.16385637201162
1980,6.375904748086263,876.8259310221338,45.12589771693002,110.57053393220163,24.510850888997368,137.9283916353443,179.71224643196916
1981,6.31872042219455,863.0822199578237,45.49283419473153,108.22314289878548,24.084653256430485,133.8232136027244,175.13219604396014
1982,6.651885295905932,956.8144094572101,46.73273945807701,108.50831691989349,27.42115966730261,131.38495361198113,193.80285564062777
1983,6.350487666307635,850.756861890042,46.40664668187809,105.4012338312156,23.57638850447954,129.24196491041033,170.6950458987523
1984,6.537588540603184,874.8220395222219,47.40259787453744,108.16551834306536,24.432600624359814,130.50865065648418,175.0399316037081
1985,6.634344077128557,893.3432588844272,48.03525128456466,109.74806423676304,24.901460393960413,130.73199752690974,176.09424474409525
1986,6.7690719411420055,900.3053866476265,48.78087725595716,111.3641069434849,25.012513442853255,130.61183797030776,178.4982443947357
1987,6.960360857157371,936.7080802503267,49.79612061933972,115.05304855967145,26.39047108698351,133.133168363268,186.15873426736556
1988,7.144399819242214,933.0952964393783,50.21032244891887,119.11588350217946,26.273859144073942,133.96292660788873,185.302060599504
1989,7.075786275624892,912.3706541544516,50.558400204588864,120.08600191379206,25.470756599789233,133.6102319430212,182.0318785756801
1990,7.27389727220537,923.5924507224983,51.0339566503111,120.42559171342734,26.4429007745243,134.31615820616418,186.0292103836369
1991,7.741949783327637,1114.3877354772821,52.7906104511641,124.89635248702268,33.41752236952947,132.48353344649937,228.1028440626318
1992,7.076376382531073,898.7128837114728,50.84035262048227,121.39439849650623,25.608349838311483,127.18565601568949,181.95022701830948
1993,7.207271204083593,927.0186645599466,51.269250428643375,123.8841034156541,26.911286046856652,125.38286611273321,188.2263676988681
1994,7.574420933220769,1041.6924887237003,52.75249284740177,125.27198867413699,31.986199742294993,122.57751874388521,215.45083586764147
1995,7.476326737877721,935.6315864359487,51.861113148100614,125.21159726154421,28.534198868170414,120.07276143763312,190.8116489681292
1996,7.320082053108368,900.5453010253547,51.68063555399543,125.30378661041996,27.469320055704888,117.29830706287225,185.3907008749232
1997,7.887696111419931,1179.5464337848339,54.19230884022487,130.1044507615149,37.03589840832993,117.76670006726455,250.20176765458837
1998,7.983960108529808,1056.0755523652278,54.58109225945307,130.82674142068817,36.351532680405136,115.17606746328126,217.61970333894854
1999,7.248660053856995,911.25200073837,52.53547509278845,126.0953280356334,28.91581725723199,108.96764829687052,190.70463526605462
2000,6.925009152207503,859.1542056187551,52.290153212996074,127.38210095793363,26.25670252629346,108.52104740733938,181.1432104988789
2001,7.016825191728571,856.2511564796044,52.432131284426006,127.91802436247275,26.032688794396073,109.30119380700418,182.20960609217073
2002,7.419209299971887,948.1834176464439,54.79489653506537,129.40414398747788,31.8322872309139,108.76746994536826,204.83223312289365
2003,7.496786859772984,923.7408948386261,55.348816375468395,131.29179598729348,32.10806984627215,113.46173256580684,200.02741689049165
2004,7.708730138337621,926.4765831480115,55.721551865399576,137.09926255480937,29.854189583252474,119.19142913534665,201.45260653573376
2005,7.900440902812907,934.931189679424,56.39319102171675,140.06278444453721,29.996606200159935,124.39730103050759,203.5224637102865
2006,7.853012914677383,968.5365400555089,57.82707197166535,142.33058440232836,31.312667838605822,125.64091876732252,214.23344768448158
2007,8.086475678627146,925.6223842001423,58.49143765454579,146.61710127266875,30.023341627796942,124.27833607932212,202.41819489687575
2008,7.8975729524106155,879.8288241157683,58.720684201820426,144.00489569632902,28.298953457111576,120.6249969859678,195.24341493317854
2009,7.841963770362551,882.8242043236323,58.80948909741168,137.8676389703064,28.27099102626661,111.76477982283406,198.4825623597609
2010,8.31130110181854,920.7765567143396,60.09128634440821,140.1945027113379,30.977724539823335,107.86486205888691,205.26688396991366
2011,7.99232516071112,877.8729932530315,60.13729249986904,144.01810087709546,28.596103838667734,109.21403801599645,200.39732963597035
2012,8.192437742435423,929.2138994586821,61.460558513614856,144.39769124138445,31.625621430042173,106.71700782282755,213.64628883437967
2013,7.910726855032468,877.4457194225055,61.2126044920472,141.81276341835428,28.708050399249707,101.5417518011071,204.49761345788698
2014,8.071502198104952,930.9197034920523,62.30777217083251,139.9706156278974,31.485993549022506,97.03202669313453,219.8803806917793
2015,7.992567377317794,894.144646682598,62.462922407120544,138.71898944243722,30.046633811698193,91.07615229077821,213.00656951531386
2016,7.918346013718974,874.7003200247964,63.05490380542134,137.128483463559,30.086766576267184,87.21573815968132,211.77843952021172
2017,7.886937893911779,867.8792430692649,63.73949488381449,137.15966841420035,30.057079305084713,84.26979066164107,211.7171650757769
2018,7.841661301680259,861.5562272911344,64.2983511225373,136.39733312272998,29.920370008039995,84.53248079195524,210.331432040187
2019,7.78502751567123,855.0300489318107,64.86366729558122,135.34680953708153,29.75181843281435,83.70785769853674,209.07710011552248
