year,CanESM5,E3SM,GFDL-ESM4,GFDL-CM4,GISS-E2-1-G,HadGEM3-GC31-LL,IPSL-CM6A-LR,MIROC6,MRI-ESM2-0,NorESM2-LM,UKESM1-0-LL
1750,0.08216774186307114,0.12437394197668233,0.07055006155990465,0.033422864500365634,0.20162474242858297,0.07517092715318867,0.03554455812949261,0.09688350500310107,0.06345141679434804,0.05294841032694086,0.05475515893712697
1751,0.08773939347322596,0.12962561789564103,0.0763930974802116,0.03563966981017763,0.22173781321784436,0.08047885174024276,0.037899116540939595,0.10502289595805567,0.06740737639630515,0.05589005811523842,0.056277072660886614
1752,0.09107480471543883,0.13281021983800692,0.08048453965986198,0.03704148413113725,0.23438786111467133,0.08376329225442944,0.03925293891755385,0.10995637539419192,0.06972087388795642,0.057571070768510466,0.05701218702808396
1753,0.08771382873132591,0.12908091896679963,0.07623227856176482,0.035643563911109136,0.22208960673940026,0.08052063025031785,0.03792304933543823,0.10514679008998395,0.06740431568211852,0.05584684204011389,0.05623821363395099
1754,0.0792724114586859,0.1202166146226124,0.0664317316785622,0.03216551474310194,0.1918762055166071,0.07237709703026217,0.03446679773209438,0.09304569079361925,0.061467136483487575,0.05141454127480241,0.0539003919247596
1755,0.08387141785261885,0.12517440177278705,0.07311904376586145,0.03428045797541423,0.20935391078991095,0.07712920413110722,0.036242137141090085,0.09973672889160046,0.06462060687216387,0.05368130122945445,0.05496932637658832
1756,0.08710089792417787,0.12759596661515976,0.07504807794743525,0.03535642254013961,0.22043869760614399,0.07994781493011567,0.037748905460480084,0.10452444320328252,0.06700985301022327,0.05550614055388802,0.05599644669676017
1757,0.07634786369299174,0.11785473182966821,0.0666571763733626,0.031479053085112986,0.18405655228812784,0.07026657358530014,0.032939669419725995,0.08900778823710681,0.059142011842526834,0.04948085064978135,0.0524196747997497
1758,0.08035485831159836,0.12162194375644214,0.07005629855410278,0.03294319377253684,0.197726848232987,0.07388408801707011,0.034711269321983734,0.09481108980464048,0.06205848194322948,0.051709553083889116,0.05363637468668195
1759,0.078918959288747,0.1194454946254201,0.06746490688897192,0.032304364536808766,0.19227001992571463,0.07249789857573165,0.034226045611637765,0.09279673426964373,0.061134501164162934,0.05101848098856966,0.05358426501672855
1760,0.07348385923622304,0.11377004879926658,0.06041974422213305,0.029949164306377306,0.17219858195045673,0.06708913649334576,0.03203879618512338,0.0848664057800752,0.05733814732240906,0.04823972299779776,0.05227705332204922
1761,0.07627982067383318,0.11687459078181611,0.0656116084139988,0.03134101602670204,0.18397391444918398,0.07011266000872284,0.033030877364574586,0.08913662662811439,0.059164077048097,0.04948064789062149,0.052413567817779144
1762,0.0796112526267948,0.11912370728658717,0.06700213992215569,0.03245379721131427,0.1947346201263752,0.07305343838124463,0.034660265389602596,0.09401552049190337,0.06171919646843209,0.05144605941305165,0.053884083888652914
1763,0.07953891488315755,0.11916392558543377,0.06750692829134358,0.03246194254135983,0.1950747360035143,0.07302120805933483,0.03457747933303172,0.09400253401207934,0.06161000109048532,0.05133566369088494,0.05355570698186926
1764,0.09201895292938007,0.13155028126656332,0.08247817828948445,0.03768415260640481,0.24123533700257982,0.08523867696601173,0.0396701353210928,0.1122258760754388,0.07033349012005473,0.057745017991802865,0.056660676327337775
1765,0.07628802180741769,0.11601896390224838,0.06420847104862534,0.03120354310731578,0.1835414141367838,0.06999027510351459,0.033187814922005475,0.08925246724669166,0.05928520350562928,0.0495888166462469,0.052705812872114274
1766,0.08308172041831083,0.12237487013783867,0.07308310583391311,0.03414619836916361,0.20979861066046393,0.07680599375209,0.035939395133949066,0.09948544708342023,0.06399952802227624,0.05296505421273096,0.053993687695938736
1767,0.08223916690470919,0.1216226609439349,0.07198473680079255,0.0337947870803125,0.20643774855624103,0.07598007425006895,0.03559770328016535,0.09818564100519571,0.0634212445941591,0.05255350047409186,0.053902185580942126
1768,0.06795325968275018,0.1079486979030223,0.057594306841497016,0.028114108115711193,0.15640965922114605,0.0624098580593751,0.02944898242197002,0.07743348982312649,0.05311002194786563,0.04482123073128695,0.04954029295626351
1769,0.07466857893377239,0.11375604433260542,0.06335554514471373,0.030623216148361533,0.17976871404403,0.06858837207004977,0.03246084992820154,0.08737830023494475,0.05803399316238669,0.04853046155199976,0.051509830754253534
1770,0.07446509168247324,0.11363088153885403,0.06329424418311254,0.03053095754590479,0.179224870376257,0.06836711726232364,0.03235801942537993,0.08711489022873652,0.05786607674595632,0.048402809868170395,0.05130204570129046
1771,0.08381052113128397,0.12215167052325683,0.07294518160958405,0.034462503270367074,0.21217471545659244,0.0776384016860138,0.036363981094308884,0.10061379891722583,0.06462767332789157,0.05340261196171568,0.054728636259671164
1772,0.08820352112843657,0.1257318691320556,0.07796155778313327,0.036345488328503955,0.22892261638547962,0.08208020313215696,0.03821349868811067,0.10722141942390608,0.06773595618518566,0.05562704011731936,0.055921283949969584
1773,0.08606931154428867,0.12288779869161531,0.07522943526125228,0.03551271897371037,0.22150721692859138,0.08014978217854121,0.03739214757862913,0.10428438227020856,0.06627936146826235,0.05449604787757343,0.05550124820052338
1774,0.07123838891218087,0.10732323758598827,0.059083659874318746,0.029598627221478567,0.16946549406068417,0.0661503317672692,0.031198655449444328,0.08302786200269965,0.05573625253497116,0.04653890352378956,0.051343700864319095
1775,0.0776011586257089,0.11365905283415971,0.06780934863100826,0.0325006586894751,0.19353648692135755,0.07273110648226734,0.03374271620565635,0.0924177940851644,0.06017737993021835,0.049722200727390434,0.052937779383986625
1776,0.08186368176193694,0.11644997881384928,0.07059971779742816,0.0340173073581287,0.20865358518323263,0.07663004769972787,0.035746746023187795,0.09889675641085316,0.0633493113906098,0.05208606494373444,0.05429915765211189
1777,0.07549410786841543,0.11036135634495223,0.0665188631695598,0.03191600805144848,0.18818107680963517,0.07122082332521672,0.032831282921025114,0.08984469680651364,0.05862759300368731,0.04836957916393423,0.052116159963052563
1778,0.07054970755866774,0.10526594519296725,0.06178443016856179,0.030015580643641307,0.1715054203839208,0.06665423510308811,0.030693694904885438,0.08279680584217859,0.05503725854696538,0.045621622808629456,0.05053014156970406
1779,0.07612121138598289,0.10930531363527524,0.06616588579132808,0.03219829436111571,0.1909849724974791,0.07202288122432766,0.03325907586604966,0.09111045592175802,0.05919399220539892,0.048697918975908513,0.052636761059992945
1780,0.06752209842559986,0.10002378867514801,0.05603471148425973,0.02868226308832656,0.16046669156606722,0.06381348161499045,0.029711417572020164,0.07869837624182191,0.05310290567170885,0.04412692902002842,0.05047394048885004
1781,0.07199641310200892,0.10457190418168173,0.06287360940086513,0.030723319236687637,0.17829258388108155,0.06841241852058154,0.031448073330943696,0.08551226426984641,0.056152711533140845,0.046276223626180536,0.051003613215405405
1782,0.07375298123184437,0.10526212529045742,0.06262098232677821,0.03121553255310008,0.18347186286283768,0.06986872717827992,0.032416270235372795,0.08812265541509616,0.05759166735246885,0.04740363630571383,0.05202809685386343
1783,0.07589994764688543,0.10717667788387114,0.06495382189857665,0.03206472206055903,0.19146470169822838,0.07190807488415359,0.033333004668550194,0.09136481908926203,0.05911770454591293,0.048524912363459585,0.052460364776262154
1784,0.08432134001563399,0.11572275390718523,0.07635028268190663,0.035815868483271805,0.22335465505049634,0.08047281320708795,0.03668367152345974,0.10374874372775265,0.06496052553997081,0.05274237868830016,0.05442795006350574
1785,0.07321666283601201,0.10447160708134817,0.06234251394619916,0.03104774889583413,0.18219544937153412,0.0694480314257272,0.0321768625647649,0.08748756441587038,0.057183765259252575,0.04705172131821837,0.05171489802570126
1786,0.07872057087753044,0.10929927657262099,0.06987128507797756,0.033510002375775304,0.20409120331882907,0.07511329816852089,0.03440529930325087,0.09594713644819836,0.06099968223593105,0.04972940661395181,0.05264843960885478
1787,0.07352435296166025,0.10439000097408987,0.06468204606094634,0.031460900985244365,0.18577562833985883,0.0701951886242148,0.03216368640001023,0.08836656749043868,0.05725053346781524,0.04691848170483405,0.05111227226779976
1788,0.06010051901771082,0.09143604326646528,0.051194957245714864,0.02615157116430821,0.13909977406403257,0.057518470712150285,0.026326668171427765,0.06875054822834524,0.047483790181617934,0.039571480382590146,0.04715488310383812
1789,0.06709716553839538,0.09750863531396883,0.057213252658960115,0.02880802455472291,0.16315758154778445,0.06401385476680514,0.029495158083516163,0.07912172189074204,0.052669418985626076,0.043479894440520875,0.049330899739768584
1790,0.06593259990359134,0.09639015955958044,0.056266176148258636,0.02839175919100227,0.15927459123946813,0.06298115581113131,0.028970489840207468,0.07742938864161322,0.0518095328271336,0.042816456719026376,0.048983083451751994
1791,0.07514970829852538,0.10525098533314163,0.06605860520019592,0.03203421062136097,0.1922917145909566,0.07167798233476465,0.032916800618092885,0.09104820824791743,0.05842376866568044,0.047754432617041966,0.05124316209951442
1792,0.07879860746421727,0.10900822764619121,0.0705381520556217,0.0335366565420351,0.20578111348072592,0.07519083364301911,0.0344070432169718,0.09641912815240045,0.060976610662834815,0.04964072968939572,0.05198855822466691
1793,0.07803075335097093,0.10795924562316958,0.06858232237876508,0.03308469499101163,0.2022614863641214,0.07427391161967478,0.03418690603399361,0.09525571382737763,0.060514804217437185,0.0493489961556717,0.05203730164068071
1794,0.06311146799944833,0.0929743212469607,0.052106210070535855,0.02699018642024939,0.1494558255909075,0.05993198044831668,0.027881106813166953,0.07356795329586138,0.049813250346806046,0.041351498774138656,0.04781562942864784
1795,0.06942516947600037,0.09983873478782632,0.06045757102294612,0.029764855993763217,0.1723939309971435,0.06624296400979306,0.03042690346329068,0.08272852355664842,0.05426092722907393,0.04462550799803022,0.04941739629255876
1796,0.07449435208052892,0.10391989568244477,0.06340911854079068,0.031451852110565906,0.18913483407221865,0.07062908204684973,0.03282619025986717,0.09019227867286021,0.05807640960165958,0.04757430500500242,0.05113137371981017
1797,0.06810823863129663,0.09865531644343417,0.0597076284217295,0.02924667166829356,0.16855098013837963,0.06498163618691818,0.029804265486753186,0.0809527716187094,0.05323495993301419,0.04382584023736298,0.048573396479856444
1798,0.06402953003963441,0.09502748865936182,0.05578035420658059,0.027550948640148558,0.15452255224374845,0.06096780845381329,0.02800019176734603,0.07502392427979221,0.05021971494807181,0.04158160936089002,0.04700231058766713
1799,0.06566074090108666,0.09585129026261614,0.055678249619966425,0.027985662003651376,0.15933596763636615,0.06225993976077726,0.028888392742264915,0.07746249193619197,0.05154500986467113,0.04263138053166165,0.047798286128213095
1800,0.06101090886474185,0.09097571590551487,0.04972235030227473,0.025895384199042783,0.1426935731783007,0.05751977164935927,0.026983026723339392,0.0707527575097401,0.04822408273527696,0.04019360204321801,0.04633509261578782
1801,0.06488430090586217,0.0947025455957446,0.05575166165896548,0.027782822630639522,0.15808166834583634,0.0617075760861276,0.028499353350592792,0.07663785233254224,0.05090380510270314,0.04205002873565588,0.04710448948296851
1802,0.06370775388356771,0.091983740152411,0.052814220983535644,0.02697471098807871,0.15473090165815773,0.06019467917720772,0.02820361443954636,0.07551407187988977,0.05012970151361766,0.041450623471472284,0.046187898696118196
1803,0.06899634430862754,0.09663293823703412,0.05829194855458535,0.029223345492544607,0.17342770404499022,0.06547777645619766,0.03051032774395008,0.08327472702690909,0.05400351762053711,0.04430092334277187,0.04808426571501685
1804,0.07231097897710893,0.0998634936785951,0.06488726709075439,0.030997186311702563,0.18819429564894438,0.06928780809686247,0.03167844023883769,0.08852048701028638,0.05615951356153984,0.04568853847524348,0.048197642322682394
1805,0.06310734426595989,0.09008297647287347,0.052778192818146316,0.02699259285025554,0.15433363689528995,0.060134939505423465,0.027959080881518546,0.0750508560776118,0.049692515336255724,0.04094219443012802,0.04605698143757064
1806,0.06591834117392815,0.09192996807982723,0.05762659059520708,0.028475440779881407,0.16697327237320803,0.06341452962658986,0.02905980246843788,0.07969488483357477,0.051604436193065685,0.04214537397126913,0.046333575811043005
1807,0.062144547468972064,0.08786812605339168,0.05369822024516935,0.026930333208934745,0.15440374372275556,0.05980236817452142,0.027445279975950473,0.07438483684572741,0.04884661826930492,0.04004160333472193,0.044953689819957954
1808,0.04937198201031575,0.07517037676922156,0.04091798934380414,0.02196298031279455,0.11051008632423144,0.04794395226972896,0.021833683157309214,0.05562640730312676,0.03947790452378301,0.03294090392049996,0.04147593857190166
1809,0.055088038229459776,0.07958851504579628,0.04535165195579505,0.02412581696807582,0.13007219742831394,0.053272058623705924,0.02452340520245936,0.06427277380744206,0.04381172280643563,0.03618953145424609,0.043351704578779675
1810,0.05312947941338168,0.07724139298658084,0.04354213139960131,0.023380504536580762,0.12405047367926961,0.0515077248142069,0.02366817940469295,0.06159739606719322,0.04235518499407389,0.035036365257466714,0.04259412576478891
1811,0.059997700748308874,0.08363309663504306,0.05150760145393239,0.02622723438085349,0.14927515067135327,0.05818321525365065,0.02661225095198967,0.07198104663633126,0.0473050391548718,0.03866553457012767,0.04408681588166002
1812,0.06529538952353531,0.08850066995028397,0.0572803127335112,0.028354350421841763,0.16859132467825766,0.06323999941440163,0.02889998327608763,0.07995501713964664,0.05112479261534499,0.04148731136452013,0.04527320958628238
1813,0.06220255898271922,0.08478896963383623,0.052954678169968836,0.02700805902992921,0.15741919949514735,0.060204208533882225,0.027685891444410804,0.07552242342245494,0.04897082755062617,0.03988119699490876,0.0446076281359889
1814,0.04802783748296963,0.07003492809644506,0.03720120243331297,0.02116414284234943,0.10839791578256505,0.046584309104445984,0.021620192278955563,0.05495253458121251,0.03865100527560509,0.03211531487981786,0.040430469855610544
1815,0.05302835076041981,0.07531009193644791,0.04441534270004559,0.023448124905855437,0.12724231998925578,0.0517060373225851,0.023630387762840727,0.06243268434290436,0.04217259260875875,0.03465296461834347,0.04141775066548945
1816,0.0543036202785419,0.075543246081323,0.04421396614006384,0.023656074995838015,0.1318350985849422,0.052528527538040846,0.024364027920716576,0.06469034136137713,0.04318730853159933,0.03543522352107152,0.04139827351855043
1817,0.05176375751152855,0.07324299228304175,0.04374202796012161,0.022908305178322437,0.12505982694650095,0.05050240779740325,0.023062445713220234,0.06119321105005893,0.041142284997689994,0.033759690106847484,0.04002692038162839
1818,0.04474878231411282,0.0665141927812245,0.036915457592548606,0.020069442254527906,0.10139844391831765,0.043799894987659696,0.01992561985781994,0.05093932217986652,0.035903004982035115,0.029804832806422876,0.03763395678470144
1819,0.04839200329518409,0.06902291701480995,0.039294290014162236,0.021479088786763138,0.11346805347475633,0.04727279095257582,0.021703311626437828,0.05642462335120759,0.03874306223160111,0.03193160334581817,0.03919587322348306
1820,0.04184615157026056,0.0618357003424369,0.030952139412152153,0.018619510878540753,0.09042296852470172,0.04078742527213148,0.018977017081996117,0.04689881816233332,0.03401259772525703,0.02841103005842345,0.03741302761579086
1821,0.044005726780944686,0.0639188117421705,0.03541727806830259,0.019814448953746556,0.10008067224886405,0.043324077703299504,0.019747994468018372,0.05037754042722864,0.03543796041728272,0.02931690975252587,0.03746232396189711
1822,0.044691317670833904,0.06289457793225088,0.033568285668515316,0.019799146212721674,0.10190166311713991,0.04367964422254206,0.020349727058119015,0.051732847738477666,0.03615564893709163,0.02987474034156839,0.0379292916311184
1823,0.04982283527445709,0.06742401884555341,0.03973313578882317,0.021925860262538663,0.12133853863534425,0.04867052192398667,0.02256572085910349,0.05972128366267093,0.03985304193380602,0.03255066425138089,0.038718665029995436
1824,0.05114527202862363,0.0685891322730941,0.04436710772181171,0.022951926660134032,0.12922298415312197,0.050674603105748936,0.022880698230371983,0.0620991901436336,0.04057768948982386,0.03284228857762682,0.038309548635927754
1825,0.043599252182206366,0.06040938204228922,0.03420408322807655,0.019515671811578872,0.10214406217810129,0.042970746015025194,0.0197869675001906,0.05110911273956731,0.035158021570419196,0.028862863070724328,0.036166037059357656
1826,0.047314126522230195,0.06293107668077538,0.039482056723302184,0.02135893301320318,0.11735761706307576,0.04711909492280558,0.021362917657533724,0.05708006907918417,0.0378279658109651,0.030649205202801087,0.036991251678598125
1827,0.04317536953118768,0.05855375714214918,0.03590411228635702,0.01966279552255541,0.10470308311967981,0.043154838369154284,0.019488856724921254,0.05137837042783546,0.03465995927505741,0.028189496657474115,0.03494359132371993
1828,0.028940691040658738,0.044000827648033404,0.020989130678993065,0.013858999310998682,0.05670255009700033,0.02961985041324345,0.013165031983901494,0.030488348303180982,0.02401901297479067,0.02012930349394931,0.03060975981473689
1829,0.0344608357858932,0.04839482945693072,0.02560449912944776,0.01602038104986885,0.0755034538050738,0.03483374703002673,0.015792005136549676,0.03893422353711077,0.02826917618694143,0.02330715430014444,0.03236988722645874
1830,0.030062144577387376,0.043150563085369874,0.022987106283422647,0.013803828505868152,0.06617210717283686,0.029991657334230832,0.013706974828437645,0.034056773437895954,0.024575796241227167,0.020337694601647548,0.02725736060338237
1831,0.03923460443590552,0.051594012282365,0.03273140736289643,0.017778072814923662,0.0977579222271483,0.039155406715977815,0.01781709599748971,0.04765702815138426,0.03148505202484288,0.025456603871192827,0.03051391142563508
1832,0.041924877268727026,0.05383345542188884,0.03620738343393783,0.018964402810342167,0.10823034164126272,0.04188770043812896,0.018974230001981063,0.05190705774552409,0.03342677697193977,0.02682947557515735,0.030943376332273988
1833,0.03887122112897276,0.04980595071567737,0.03190204878274625,0.01757787296230515,0.09795280043389917,0.038842073998344565,0.017764678452775705,0.047697626752399094,0.031238770303267348,0.02516278403427413,0.029976060353297383
1834,0.026277154331169828,0.036350183249550146,0.01776500494193281,0.012298482692657606,0.05534230875344971,0.02670905945202403,0.012263592438493776,0.02934671466984943,0.021868661665401565,0.018073152067171104,0.02613337810069783
1835,0.03206838708404197,0.042122024339266144,0.026155603649695658,0.01496802842959341,0.07744351812311051,0.032675668247403054,0.014662210967630287,0.038265734177099206,0.026021676412910935,0.021038410690866427,0.02710976036677031
1836,0.029185801128169826,0.03779557105199882,0.02280308314117322,0.013346149349463054,0.07066606177729279,0.029327805028703892,0.013479483472033194,0.0351868463178162,0.023744532583781546,0.01922720170347332,0.02408514025948408
1837,0.02693648487368354,0.03575200803031088,0.02257433460250024,0.01275456828141646,0.06478607752060139,0.027669678354197758,0.012274142581806185,0.031972016535561525,0.021884235508624457,0.017684281131120787,0.023078449366084157
1838,0.020622006003859827,0.02910703424896785,0.016605134583271765,0.01011553175956827,0.04500560001738902,0.021594203294739114,0.009385441210124839,0.02300689849838342,0.017006255129528854,0.013928326919059344,0.020340851541893804
1839,0.02276119824874757,0.02992561642845518,0.01781905679206773,0.010846097210861704,0.0529855432945429,0.02350897504740012,0.010511387495458917,0.026684246399886265,0.018700430397678974,0.015152664239729816,0.020663954002837607
1840,0.020333326319337878,0.0261277283368821,0.013804871153810898,0.009485113860754376,0.04569009138369183,0.02073578926360209,0.009615219950731224,0.023752060054404323,0.016923485906641993,0.013792181863156575,0.01910319835724699
1841,0.01672373210351882,0.02283402179921626,0.012871429711303652,0.00824258229438203,0.03649825704092871,0.01762526426941463,0.007713478792473194,0.018790841815628123,0.013891327727606376,0.011333125273269802,0.01678608854623133
1842,0.018726604980851273,0.02329105222482767,0.012812102892469287,0.008594053862041345,0.04375707439749919,0.018918742872255544,0.008897663708751391,0.02248635902397571,0.015532626368456657,0.012589333655116369,0.016573632469091257
1843,0.025729241081990338,0.029491517329145366,0.02055419078741568,0.011418850966904495,0.0693610237144025,0.025560030837831385,0.01206795979590395,0.033478377907153745,0.02075555723702633,0.016433658219453015,0.017740699174106127
1844,0.02572510985693586,0.0293820028158632,0.024549543742058578,0.011625796005868654,0.07476192860251099,0.02584132166059437,0.011731909228711632,0.034522024743271235,0.02030517644915846,0.01581228097057452,0.015188737707023083
1845,0.015718464429170013,0.01871074696461491,0.012960777007186352,0.006845286545570301,0.042442216130542956,0.015310358907145083,0.007347959268563486,0.020545894955647057,0.012650716305514152,0.01007537557527141,0.01014828874527287
1846,0.0197133511571511,0.021810218147744274,0.018922887165565103,0.008880155254696181,0.058465789941846966,0.019786576559919285,0.009048002837675064,0.026927057497934524,0.015568942820193074,0.012051399126466224,0.01106410531285623
1847,0.011444050111637221,0.013408309839057747,0.011721536596080634,0.0052634019799231635,0.03361445733254237,0.011576535986694376,0.005172663321817234,0.01541788964589998,0.009014971946010912,0.007001863475481875,0.00651607702524957
1848,0.0002442025192992308,0.001717020667335794,-0.0004949604254465465,0.00046825798502399404,-0.003528658681971132,0.0007108475669798796,8.377983256820242e-05,-0.0011137030447411342,0.0004053360250788206,0.00048024320337159635,0.002821022454617624
1849,0.003877865373377882,0.004464973058041519,0.003621681992050594,0.001818754837847067,0.010842640131848175,0.003983290417063086,0.0017925812226162715,0.0051117825288273,0.003119106524138503,0.0024344911836819295,0.0025940937157006537
1850,0.0,0.0,0.0,0.0,0.0,0.0,0.0,0.0,0.0,0.0,0.0
1851,0.00978093836788265,0.009473246934917037,0.011503691701388164,0.004193041865225078,0.034694336918065755,0.00953897229891919,0.0044138239338923696,0.015048898396090877,0.007408666913710765,0.005484586023474718,0.0022348684959970122
1852,0.014050446034992657,0.013250792101173222,0.017106478446534686,0.005890022282360605,0.05171714732454433,0.01351657584547607,0.006297346758105584,0.022132418786951352,0.010503142459522238,0.007707517200283027,0.0020589530582994413
1853,0.009643567447666418,0.008296203195722994,0.012778030225166343,0.0038659065358224707,0.03870927892677196,0.00904022727491726,0.004294827286057471,0.016190644411957632,0.007030286419352412,0.005019533218688473,-0.0005249124301804741
1854,-0.0071125150978852,-0.009808385261095218,-0.002854682073275115,-0.004007255121949296,-0.009778282029398962,-0.008257078494813693,-0.003511151313239329,-0.006419532658170414,-0.0064422864068132135,-0.0053803148160502245,-0.01123414424390461
1855,-0.0002741095519080332,-0.0028139985325209434,0.006681142613480574,-0.0009060800530092536,0.015615821150186414,-0.0013844795313809114,-0.0005494760884026432,0.0042234955907079165,-0.0013659028126098206,-0.0016907187931895489,-0.010112848763366272
1856,-0.0013451700185896569,-0.005459886810311449,0.004646024932490457,-0.0019572310970524835,0.014891456385650342,-0.003239502849985792,-0.0008593614590968583,0.00396460644148313,-0.002265540493528439,-0.0024334957091454498,-0.012795213585302502
1857,-0.008031655854706273,-0.011548434408962237,0.00015439040732311915,-0.00455859791995807,-0.005269253727501176,-0.009356430180970262,-0.004225852259016025,-0.005884890929840976,-0.007729744031923458,-0.006686192597960846,-0.015758607449012616
1858,-0.012185594656382984,-0.015906960871236754,-0.0038175305433067784,-0.006421894141403001,-0.017896630086295162,-0.013489400040784211,-0.006188898001069702,-0.011772901476874945,-0.011063905286838429,-0.009249399009340933,-0.01785378770967574
1859,-0.013561489866226434,-0.018833622835953127,-0.005400759237183981,-0.007574906184362899,-0.01864352018251348,-0.01559057697159313,-0.006709672859149653,-0.01229341134008056,-0.012296436130366323,-0.010295577985574204,-0.02111502413285016
1860,-0.017692673575007457,-0.024435878803308057,-0.009278961560124224,-0.010182618969058277,-0.026809586993220787,-0.02078763132124998,-0.008567646249480754,-0.016392191386014318,-0.015851759133715514,-0.013113616216221794,-0.02679767368714509
1861,-0.017182175441357302,-0.024310932688515995,-0.00514782210297978,-0.009933286379659869,-0.019359423107696786,-0.020227506006674688,-0.008613262244353312,-0.014322523522673984,-0.015913707094760726,-0.01343719658203276,-0.02955733702500615
1862,-0.01750324610786559,-0.02618488112495678,-0.007495103572525386,-0.010327338017429808,-0.020414832558962738,-0.020815984309954082,-0.008494009190755878,-0.014318851669301375,-0.015987844943981377,-0.01350621718061834,-0.02972832208237876
1863,-0.013216339155654412,-0.023140562125462488,-0.0003378404550578957,-0.00885234429995478,0.0007518992562994902,-0.01717381008812371,-0.006618952444478006,-0.005860463545062279,-0.013073031755713331,-0.011577694084252216,-0.03245048818763324
1864,-0.015281177152267643,-0.025917658759469376,0.0021702202050552077,-0.009878771305040699,0.002306346265010406,-0.019342342872409855,-0.007936463397935831,-0.00688971664102226,-0.015349962172418893,-0.013672509534141241,-0.03769930592666269
1865,-0.02856025167648846,-0.04042140760922131,-0.012349016661123754,-0.01626986071775807,-0.03866933502672221,-0.03308679913583197,-0.014061674051363675,-0.02549867906589346,-0.025980352802012382,-0.021773013156599477,-0.044660634382205286
1866,-0.02483649268683842,-0.03821587510565097,-0.005935849007427904,-0.014745043862746696,-0.020231523404495397,-0.02951451102142784,-0.01241327510613314,-0.018185756339588185,-0.02338124270928252,-0.020121319911887987,-0.04641085821993518
1867,-0.034932398416748674,-0.04953649179460775,-0.01457835147542738,-0.019832656633033678,-0.046652133264278285,-0.04025750647848576,-0.017281348774828783,-0.031149132964400764,-0.03189187187849672,-0.026784508953764875,-0.05449747514476365
1868,-0.046497100040597414,-0.062278218761966424,-0.02639231142514835,-0.02514418307132056,-0.08177963920088491,-0.05172201305542354,-0.022811703395746688,-0.047686759965214424,-0.041343863084059386,-0.03408295049006168,-0.05998851028325636
1869,-0.04165729027543261,-0.05910809028516776,-0.019053136020987217,-0.02377226230418354,-0.057686988201569686,-0.04808099702661057,-0.020503826969487323,-0.037569922606641395,-0.037921489439208686,-0.031765085673675864,-0.06379694148709608
1870,-0.05009836036051896,-0.06854720606382492,-0.027325635611465733,-0.02776909794038008,-0.08224826030765614,-0.05659695722478243,-0.02457122585833039,-0.049310627992513054,-0.04492307480027971,-0.037204502750776844,-0.06853799690303225
1871,-0.043701346289160455,-0.06394265101025641,-0.016775910336471942,-0.02551342925501,-0.05113126724491652,-0.05113021407329488,-0.021643614200375902,-0.036542892287438775,-0.04038994959400171,-0.034174050381684716,-0.0723106196797112
1872,-0.04114536132959563,-0.06388997455073851,-0.009781069051550441,-0.025593184302680115,-0.028611786425102714,-0.05032503293398269,-0.020543309912299884,-0.0281309128944147,-0.03921825732888434,-0.03376135814488333,-0.08044090914993066
1873,-0.05580112755837785,-0.08103649444539486,-0.02377803279864283,-0.03289353630086711,-0.06864592754666893,-0.06554052292352495,-0.027553164112727,-0.04741971437738593,-0.051516628143160784,-0.04340846571697675,-0.09050774028904243
1874,-0.06117432229770658,-0.0876880478529849,-0.03288602451339764,-0.03469091605985319,-0.09165961314886774,-0.06974315511571094,-0.02986797719281762,-0.05706357067533623,-0.05533056805743626,-0.04625127128859185,-0.08794461780261587
1875,-0.05458109375903336,-0.08296903793377994,-0.021089408534118167,-0.03251955106256528,-0.05750968830441364,-0.06435964379463953,-0.026874601739200983,-0.043241382184866096,-0.050769833700728906,-0.043266879002742877,-0.09311764720387118
1876,-0.06135366461357054,-0.09222375361505268,-0.029965760668156437,-0.03607065367524014,-0.07708626547615675,-0.07155391374839229,-0.029841461932315575,-0.052034142617766524,-0.056224931827204665,-0.04753121817441385,-0.09711829481150351
1877,-0.0649356710537288,-0.09695305648964049,-0.03036375621259891,-0.03785276460969588,-0.08165164531123346,-0.07516648532380642,-0.0318064045936264,-0.055556396750148854,-0.05967200889867466,-0.05049091279146846,-0.10198086217079738
1878,-0.0683647265451614,-0.1017337793583696,-0.0334901599306471,-0.03937622996873207,-0.09034762251748589,-0.07834649943308167,-0.033460648350309305,-0.05999381972685993,-0.06257467925483659,-0.05287928453599669,-0.10398976145606921
1879,-0.07809162916197072,-0.11485554078012249,-0.04284501801073183,-0.04500426898433723,-0.11190074620187568,-0.08939719827344626,-0.03803964348850523,-0.07090042185587954,-0.07107543283776951,-0.05970043457722555,-0.11399246137326419
1880,-0.08336188570341045,-0.12346725573775685,-0.04332701583910529,-0.04966330184938732,-0.10916412274825427,-0.09763982395639735,-0.04066002771904992,-0.07192165697307404,-0.07667279438423649,-0.064532972371529,-0.1293050184999919
1881,-0.08634974431816943,-0.12815185756031144,-0.04139038739970527,-0.05134861236496245,-0.1079106648598517,-0.1008009434731904,-0.04245328638913245,-0.07346915219337029,-0.07994369452712938,-0.06753761277430816,-0.13587370738564752
1882,-0.08811085713598166,-0.13306287514465084,-0.04124155570519153,-0.0533594196780095,-0.10197740888200824,-0.10406415042408322,-0.04317269431599276,-0.07187449235342112,-0.08196527902445645,-0.06949444607502048,-0.14364755382820582
1883,-0.08518886195605818,-0.13259874486356005,-0.03288610931791578,-0.0532694903245016,-0.07652873463793085,-0.10285245348416573,-0.041865287316361584,-0.06229943706747295,-0.08050502069640075,-0.06894321109664299,-0.15197627451402293
1884,-0.09230166098333784,-0.1414534984402438,-0.038162531711643334,-0.056481063554221514,-0.0943246125997354,-0.10946527954689787,-0.04551484954162076,-0.07168290595909987,-0.08678015442902287,-0.07407714013201473,-0.15649285068225313
1885,-0.09720960521960328,-0.14827359673035714,-0.04490298117467466,-0.05900594466410191,-0.10905284900196568,-0.1144969594732393,-0.047702393798048914,-0.07830171664921876,-0.09078183240239039,-0.07722295100608118,-0.1588115343228269
1886,-0.09599020506758954,-0.14906305544287782,-0.04088175261270435,-0.05828647345212902,-0.09856363073636693,-0.11285212778474,-0.047206896557988584,-0.07471566520079205,-0.0900983933429749,-0.07712972507501337,-0.16059041014793785
1887,-0.10520006584398599,-0.16074080071871907,-0.04787008687927278,-0.06352299442091527,-0.11775728855698406,-0.12298892095961826,-0.051836513503004014,-0.08511886768015987,-0.09850629893280832,-0.0839536739069847,-0.17015933586321225
1888,-0.1233955867014536,-0.18303296811636074,-0.060796181726512674,-0.0745420558972966,-0.15334789573050017,-0.14391514209008538,-0.06113481009935316,-0.10491211356978021,-0.11552009374678406,-0.0976977259536202,-0.19131229255119828
1889,-0.11977143882147476,-0.1809722958306138,-0.05628570456436882,-0.07269839023148789,-0.13857573322886424,-0.140046842388216,-0.059224145542025625,-0.09839670088542922,-0.11245150498959428,-0.0955952099553179,-0.19071115837047145
1890,-0.13342738180845246,-0.19834440334868347,-0.06398221788071816,-0.08159342600110285,-0.15928385393180067,-0.15644915284678973,-0.06629989140437731,-0.11128541305485623,-0.12570146190799686,-0.10647925229623678,-0.21003330841611706
1891,-0.12918833746317132,-0.1965662500419628,-0.0528119583410986,-0.0809741345357674,-0.12671458889191353,-0.15403096210756118,-0.06427708039876667,-0.0986484231076038,-0.12316203578461407,-0.10521827583694032,-0.21890836276443149
1892,-0.1278559493859931,-0.1975014927354624,-0.048797166944913664,-0.08092394877349311,-0.11283410276879076,-0.15335031215008116,-0.06356202369927942,-0.09342352998308869,-0.12246967751874654,-0.10510961945058885,-0.22313208574374768
1893,-0.1315364057458868,-0.20318164275881467,-0.05542447322409053,-0.08229107422336973,-0.1273255317204267,-0.15625555691782422,-0.06515285575297523,-0.09958855283634697,-0.1252383176742058,-0.1072987561981095,-0.22210768797510766
1894,-0.1479800268404582,-0.2227943840912937,-0.07211466055640953,-0.09120694385835758,-0.1717629467113883,-0.17346450311396486,-0.07346192879004954,-0.12151347151827888,-0.13997730281233817,-0.11894464736180077,-0.23315037197312324
1895,-0.15037399703726478,-0.2280458920083293,-0.06606463635981938,-0.09415404768905872,-0.15606043428449953,-0.1779118820111606,-0.07496127504297959,-0.11764017705599586,-0.14356901675078812,-0.12254616340529864,-0.24686619954791814
1896,-0.14984852370223878,-0.23078015378595768,-0.06354122094611261,-0.09533120604426107,-0.14103150231474837,-0.17920132339835743,-0.0743668310197775,-0.11169610498714123,-0.14359715026763495,-0.1230284293822054,-0.2541678105721321
1897,-0.16357044466523957,-0.2469106194057153,-0.07107992483970091,-0.10332503939063802,-0.16731233525815212,-0.19397558417307192,-0.08186196077552695,-0.12724839482528297,-0.1570010373694152,-0.13401638168816582,-0.2688107808665759
1898,-0.17080500822281303,-0.2571550822800248,-0.07119563124782721,-0.10895089478023919,-0.16756270455586517,-0.20349293219439735,-0.08578718273489241,-0.1306474037414566,-0.16484947557254048,-0.14083412695380876,-0.2842215843975345
1899,-0.1916706939585079,-0.28354932743167044,-0.08629403538752964,-0.12313973934624742,-0.20288714172525368,-0.22857341134437825,-0.09654630120889829,-0.15105611092319518,-0.1852977963019787,-0.157524938820171,-0.3106913540093269
1900,-0.1989250155386527,-0.29401216715152956,-0.08783020294142715,-0.12918953656660737,-0.2034635231732685,-0.23856578855347468,-0.10029782556391661,-0.15409490417260513,-0.19309934303851617,-0.16425023436102243,-0.32607939603792707
1901,-0.2018661656338816,-0.29938714979087844,-0.08227831296446897,-0.1322871347432697,-0.19021396680454017,-0.24312629412984857,-0.10212129648888701,-0.15138153536009322,-0.19720770622970202,-0.16827119628533166,-0.33845481563389274
1902,-0.20595923612764958,-0.3067023138390575,-0.08292864557889937,-0.13578891952846817,-0.1874150286635911,-0.24871301148901304,-0.10411496627833171,-0.15194327618649361,-0.20165432622464574,-0.17231051403944234,-0.3479626348654997
1903,-0.21711910474644372,-0.3220834446342749,-0.08179783538916478,-0.14590592947722952,-0.18084105587395954,-0.2649011436949779,-0.11005283474849413,-0.1542596733996314,-0.2142760808561854,-0.18331240216273825,-0.37507008439401596
1904,-0.23123672059155453,-0.33931852265376533,-0.09761472352786314,-0.1537732438402675,-0.22133930697024107,-0.2791718919282641,-0.11747865402840929,-0.17403024750943757,-0.2274712556697629,-0.19380524147483064,-0.3827154484185107
1905,-0.24654132540358267,-0.35835179036650916,-0.103247490908208,-0.1652022020918176,-0.23645728597956725,-0.29799460970820857,-0.1258856829134113,-0.18595388285732992,-0.2437827903407253,-0.20750960942066074,-0.40629822870952376
1906,-0.2556809638794362,-0.371190224095634,-0.10393896301516387,-0.1728175214159715,-0.2358363661446936,-0.309972026424318,-0.13081643209552418,-0.18965592478802107,-0.25399211463689386,-0.2164440645368687,-0.4246017810317229
1907,-0.2884905667009228,-0.40996768072910306,-0.12359956855056987,-0.19672323560661975,-0.28649353175746584,-0.3491585783833992,-0.1488874642740246,-0.22105186155051673,-0.2884445720090246,-0.2447735837544346,-0.4658828199678592
1908,-0.2809211632505001,-0.4030015833194533,-0.12485543467613025,-0.18916374217916443,-0.28792738977548277,-0.33748983933324656,-0.1446068624016632,-0.218598502991738,-0.27955785892887325,-0.2374344012787207,-0.4481583443172219
1909,-0.2904830277639286,-0.41589095719390534,-0.12464066333848503,-0.1977586456226453,-0.28451555147362173,-0.35058797127840746,-0.14978607502478544,-0.2213344522725855,-0.290545955696317,-0.24705395608530029,-0.46869086476334254
1910,-0.31037768646550995,-0.44016594722867586,-0.1409282041242249,-0.21167787582239428,-0.32330835104389494,-0.3733552119520289,-0.1607187454141897,-0.24306405517065893,-0.31115943463893114,-0.2638957398192827,-0.48908732428743007
1911,-0.3038287628184129,-0.43453612557513194,-0.1285224329057517,-0.20857445152755544,-0.28947048331337993,-0.36725787031001733,-0.15697256282237204,-0.22860196669007235,-0.305323526316743,-0.2599149474854906,-0.49145996957351085
1912,-0.31173222900696684,-0.44543043500856994,-0.1281889801741777,-0.21642398711639305,-0.28258258274109416,-0.3789283073401729,-0.16098531130993166,-0.22891895732152295,-0.3144537557300483,-0.26797274837298596,-0.5102349594350145
1913,-0.33416519469212286,-0.4722120466656241,-0.14203780326817503,-0.2333857968454249,-0.3158066966222678,-0.40564431022301195,-0.1734466468938911,-0.24976640753125062,-0.3385653120995949,-0.28794450656046405,-0.5379331292821126
1914,-0.3201842872475186,-0.4585481118684407,-0.15092798704303753,-0.2187657939226817,-0.33236101426106823,-0.38441507044374323,-0.16522115151961547,-0.24932609022471958,-0.3210067916627751,-0.2727756786697523,-0.5014042068722928
1915,-0.31245064034761305,-0.45183693044026424,-0.13951488829205688,-0.21429157827039155,-0.30048975621492485,-0.37634318987724236,-0.16075104978134078,-0.235025348756546,-0.3136030974452423,-0.26744951958774094,-0.5001920791453349
1916,-0.33500372050680405,-0.47939004970351384,-0.14814067411677984,-0.2336344657206078,-0.3147736500958862,-0.4060377634328929,-0.17285799641932717,-0.2485354266725837,-0.33853228147673414,-0.2884986829298569,-0.5378010868942706
1917,-0.3520753083915254,-0.4994779771235168,-0.15713228920106653,-0.24649659049172057,-0.33888393589745436,-0.42592860931404897,-0.18266884983870055,-0.26452138564109223,-0.3573461053568793,-0.3041939230991299,-0.5588337879767505
1918,-0.3529661280665516,-0.5025466130368419,-0.16290801909811642,-0.24607783604857414,-0.3487780160935535,-0.42570598478988014,-0.18290932452774794,-0.26809777499987547,-0.3575793199250177,-0.3043661340247676,-0.5551088881270932
1919,-0.3102274229869299,-0.45750541929233113,-0.15027585451583458,-0.20957053361461986,-0.31207809447961776,-0.3695337986018732,-0.15860519559180808,-0.23760235609465108,-0.3093918157252228,-0.26449511528473474,-0.4857967584568831
1920,-0.339616158636363,-0.49192306569587496,-0.16033931724931055,-0.23369559824774683,-0.33657910708633854,-0.4067649508839821,-0.17512857849944377,-0.25854273565330715,-0.342240485094085,-0.29212327140385164,-0.5319542091858859
1921,-0.2877855842431329,-0.435662243843791,-0.13346001273313265,-0.1925651214411671,-0.2660713676226739,-0.3415059434752346,-0.1460342646022946,-0.21269710440148018,-0.28588933123389815,-0.2460251018792867,-0.4602075205473098
1922,-0.2975290912041595,-0.4490666222192049,-0.13215346014413046,-0.20192011056547254,-0.2572091597489272,-0.35554960105480815,-0.15115053384766292,-0.21337291035065334,-0.29725090417208194,-0.2561192422117814,-0.4835360477221853
1923,-0.3554537800582034,-0.515138451410245,-0.16708510548232303,-0.24578646073215352,-0.34667183441119886,-0.42488568066172994,-0.18383669077961579,-0.26901191712644296,-0.3599248207607323,-0.30772807390783347,-0.5548135670544229
1924,-0.34430213776836543,-0.5044786805581774,-0.15702373355748162,-0.23908602929568643,-0.3120646682354152,-0.41377669687076707,-0.17678261203962262,-0.2511421380116004,-0.3479975320610887,-0.2984070759333618,-0.5491915992663612
1925,-0.3488937555253319,-0.5152131334702115,-0.1612715259370182,-0.2419283242527876,-0.3129937977966002,-0.4179231328994209,-0.1788663194347415,-0.2532519014346492,-0.3527315363505764,-0.30311594789387186,-0.5545908276886625
1926,-0.3497399161342054,-0.5209952030053109,-0.16683511555557656,-0.2428926401988279,-0.3103130061725335,-0.41941342415955224,-0.1781810834041505,-0.25106663172250115,-0.352743210295627,-0.3035381402505161,-0.5562656900490717
1927,-0.3748591227552024,-0.5508776732808062,-0.17826035147001287,-0.2621704189499716,-0.34051120405808766,-0.4486651039592593,-0.19271049082331737,-0.27291934399231926,-0.38093535122232114,-0.32736422664937126,-0.5887063059373252
1928,-0.37539744669180913,-0.5539453448330225,-0.18312570705118647,-0.2621406272945961,-0.3449050087223836,-0.44888100218670224,-0.19248879369707864,-0.27397000534210586,-0.3808155206479449,-0.32735436842845816,-0.5870576965911521
1929,-0.4020636684425091,-0.5849331738651073,-0.20241981280778132,-0.2834084373101107,-0.3863368411567273,-0.48130604768229535,-0.20730245334599906,-0.29875977184683766,-0.4099871361371566,-0.35143720595900246,-0.618933012332604
1930,-0.3865661483202391,-0.5692900317116087,-0.2076718327650371,-0.26684621243320034,-0.4013018648168092,-0.4579178320713306,-0.19879019148094496,-0.2983294822325505,-0.39097813192765096,-0.3349813189290748,-0.5817775224378886
1931,-0.33242920642004303,-0.5120023835376787,-0.17039434960233432,-0.22536893358193877,-0.30229643885981244,-0.39275474432633445,-0.16756498938103098,-0.24094398348415255,-0.3318964314565017,-0.28715722110743913,-0.5203694501440692
1932,-0.3021367101518513,-0.4789952526867045,-0.1618894915919638,-0.19786443415122423,-0.28817286303380285,-0.3501456516721586,-0.15119924177617367,-0.22491290028840688,-0.29798279184935306,-0.25888674008275103,-0.46386381762674306
1933,-0.3147057931367516,-0.49414144336044125,-0.16901410171122572,-0.20911560808489033,-0.29716451315505255,-0.3678657885087403,-0.15755184649987494,-0.23196237738137057,-0.31145727031043247,-0.2700850796704269,-0.48597211223588954
1934,-0.3509956764577547,-0.5339115773913923,-0.19197321991927496,-0.2365950388998762,-0.3575552081504364,-0.4116395729075709,-0.17826838227289935,-0.2685095626439554,-0.3508261520406133,-0.3022415526836011,-0.5298614691922751
1935,-0.37127229720026794,-0.5565728671040235,-0.19958191230483188,-0.2547196044723147,-0.37090962514008585,-0.4390711445251464,-0.18932304500861258,-0.2806449106334642,-0.37365207206398865,-0.32134020235717764,-0.5642002890402973
1936,-0.40346689106245015,-0.5939223247242027,-0.2206253891050925,-0.27934684095090556,-0.4228198713304113,-0.4766712877634351,-0.20805328689645025,-0.31289094854600696,-0.40953922244537916,-0.35111226447530713,-0.6012058932061933
1937,-0.4252738266336534,-0.6193291191573173,-0.22735372069231885,-0.2995081383648553,-0.4305492914611656,-0.5058389297555388,-0.2199000788884659,-0.32349466883331635,-0.43471425031240574,-0.3726212892860393,-0.6387656127498863
1938,-0.39180327147633254,-0.5845465811713849,-0.20477432464269163,-0.2722206098127504,-0.3739116117488378,-0.4645169483526652,-0.20054156267824758,-0.2901653711616957,-0.39732018754577064,-0.3422713079198054,-0.5990532860225393
1939,-0.4244957788052601,-0.6211211670314769,-0.22942406571050955,-0.29746447154812306,-0.43417835140411376,-0.5029097026745506,-0.2195770842801576,-0.32506818982851854,-0.43364763908879056,-0.37202420436155753,-0.6338984191595298
1940,-0.45156956805581405,-0.6503639159341877,-0.23439705339460884,-0.32324985646063115,-0.44023339696138797,-0.5394333097538322,-0.23462139444888364,-0.3372940740167116,-0.46561538319633666,-0.39929011987301494,-0.6816526825663914
1941,-0.4650267993599423,-0.6659917669030025,-0.23900389735124328,-0.335369984569889,-0.4475039436624443,-0.5564672289699741,-0.24216866717198357,-0.3450924916819281,-0.4814040406279781,-0.41284581899595774,-0.7023895984216432
1942,-0.4813011297254135,-0.6843610359562021,-0.2559367017451474,-0.34775475737364236,-0.48701495107430937,-0.5749911149632226,-0.25180014545225604,-0.36560122475574086,-0.49949865841722607,-0.42742790814748083,-0.7155361260262069
1943,-0.4842662207965125,-0.6880347174649696,-0.2527268260749915,-0.3511812172334314,-0.4777695116178911,-0.5792403074758475,-0.25337288352151566,-0.3635407439211499,-0.503462874700587,-0.4312141904261122,-0.7240128918487492
1944,-0.478989610771981,-0.6849388738786678,-0.2548839705214967,-0.3453395211017933,-0.47913355057585705,-0.5713039126234802,-0.25017744777639606,-0.36193412078002607,-0.4967439153751711,-0.42569813052168615,-0.7128546435446532
1945,-0.4281548621391032,-0.6326573639851072,-0.23190673154417868,-0.30080152535431315,-0.42098472815030596,-0.5071827400368937,-0.22039496099234523,-0.3207817297993981,-0.4374009493500001,-0.37646715051331653,-0.6429203072434699
1946,-0.4196739721338291,-0.6261342789801541,-0.22137436131792293,-0.29385415951463206,-0.3942220712264092,-0.4960340623911413,-0.21556939172627676,-0.3086983951364222,-0.4285478257721865,-0.3700529570612434,-0.6362638708926046
1947,-0.4632274875082074,-0.6751513789880349,-0.2440538809264563,-0.3325797597954835,-0.4338151624489026,-0.5521654299566673,-0.23951142013405724,-0.3383895081204818,-0.4781695168087544,-0.4117826123295694,-0.6994946045996367
1948,-0.4873807988507744,-0.7045702069534097,-0.2609417464198283,-0.35153656647005277,-0.47141609945992063,-0.5792939364593178,-0.2538506892679483,-0.362210166796972,-0.5061274029681773,-0.4354547796048239,-0.7252856397607823
1949,-0.48091657015500505,-0.7039206814423059,-0.27324294602958055,-0.34304181314069615,-0.48702787582300144,-0.5685213110613445,-0.24933392614496142,-0.3642480687616039,-0.49654803048637763,-0.42739689377979645,-0.7052583660077945
1950,-0.537930547924149,-0.769761291335399,-0.31408043381653683,-0.390159430926334,-0.5775284192449892,-0.6350625889075807,-0.28356541848359024,-0.42046635971455515,-0.5636094242476922,-0.48356878295669936,-0.7680681428647425
1951,-0.5365396940760332,-0.7708725075191439,-0.28951370189951087,-0.3939775759815757,-0.5025447784959118,-0.637337963669556,-0.28062949023875927,-0.3916886645482839,-0.563463779198373,-0.4861493217298395,-0.7918304885156275
1952,-0.5510738272768763,-0.7928199330080434,-0.3100458670676951,-0.40404748329493195,-0.5388997339071239,-0.6519397738259587,-0.2889971000225753,-0.4103628624980118,-0.5796353622540193,-0.4999807654499216,-0.8002855138563171
1953,-0.5688441867504404,-0.8179269576339651,-0.3294355147970583,-0.41690318237913115,-0.5771882040741836,-0.6697654705576292,-0.30002131130684645,-0.43221974413368774,-0.6006726089496803,-0.5180836127500161,-0.8131204052568715
1954,-0.5726630004679144,-0.8261868411496684,-0.329831092738937,-0.41910396486656,-0.575427208050405,-0.6719509195767972,-0.3026930961985693,-0.43455339826983214,-0.606025730532818,-0.5235875710916726,-0.8172712151774627
1955,-0.6145781390291758,-0.8709702347506292,-0.34804012324370104,-0.45844500546242234,-0.6104326573032213,-0.7234573218057043,-0.32765755365613103,-0.46364214447681956,-0.657913019424508,-0.5680193959327527,-0.8741452300009193
1956,-0.6625142124019436,-0.9250616735354196,-0.3844492456031466,-0.5003388056622509,-0.6932888383788757,-0.7779230027149614,-0.35860003736278273,-0.5146345794597322,-0.7184206748609451,-0.619034856939056,-0.9221546544255155
1957,-0.6982540210105468,-0.9682614310842026,-0.41594324661900395,-0.5311423312546202,-0.7622218676892825,-0.8169835149528727,-0.38262656385750193,-0.5563281787959471,-0.7648197525668521,-0.6584428454930666,-0.9541757174055233
1958,-0.6868183150303933,-0.95663387943861,-0.3785392081228033,-0.5233291915526752,-0.6746907311968537,-0.8030886155634026,-0.3744330259830927,-0.5213375094184463,-0.7527156942194996,-0.6514440916868877,-0.961528203103355
1959,-0.7125126097230166,-0.9862593434292455,-0.38653022577804524,-0.5480229658799136,-0.6860241638732714,-0.8322815118449813,-0.39052488543008823,-0.5367906906677955,-0.7868665169135077,-0.6819319053594803,-0.995902006705483
1960,-0.7338270964022439,-1.0098005729223871,-0.3933608333535441,-0.5688817035168791,-0.6972786132490421,-0.856709228725339,-0.4039955114809606,-0.5501630036512555,-0.8154036153225543,-0.707242622362339,-1.0239718826501831
1961,-0.8257183985506152,-1.1080981570051203,-0.49169449571398405,-0.6588468708147186,-0.8709734385779713,-0.9708386006490479,-0.45841437012388664,-0.6405904892264349,-0.9290224086987413,-0.8016268382995616,-1.1135662536516882
1962,-0.8317621356115804,-1.1164088103087015,-0.48381387776040546,-0.6658731282671728,-0.8392769855311388,-0.9772755660785053,-0.4605985145389814,-0.6310254113306103,-0.9371872956896474,-0.8108133636937631,-1.1292104186178655
1963,-0.8755604772533305,-1.1746823296886235,-0.5554146149145065,-0.7049186214818154,-0.9700287302269033,-1.0265127874130704,-0.49002109180193354,-0.6949372909137153,-0.9941718411309297,-0.8582634363156945,-1.1543273354101187
1964,-0.880077064166438,-1.1720436998756263,-0.5255444131927366,-0.7145056886594449,-0.8890915989673889,-1.034881327654004,-0.487944147617329,-0.6635352772844473,-0.998578894774572,-0.8649385265180151,-1.1830915702671763
1965,-0.9031155487551743,-1.2058319729180766,-0.5587662827149656,-0.7355023022319804,-0.9264371584193654,-1.0602669517498642,-0.5009346168013705,-0.6839237441808922,-1.0274611110090843,-0.8910454468414866,-1.2022168221449987
1966,-0.9208270457602992,-1.2345467378017099,-0.5792968755747007,-0.7515165112308883,-0.9330402207304698,-1.0782668346410467,-0.5101656171700181,-0.6919045298970403,-1.0500949643938151,-0.9131738851123125,-1.220562594917846
1967,-0.9286966641297315,-1.2584410768702845,-0.6144113867351758,-0.7543586599085421,-0.9823809758599229,-1.0830384428259134,-0.516344074196351,-0.714002182888643,-1.0606245108225127,-0.9230158431537357,-1.213662799174742
1968,-0.9519038032788679,-1.2866541821627449,-0.6273612230969424,-0.7784177073667146,-0.9751955439361784,-1.1092466207671485,-0.5281894831422779,-0.7180422886862203,-1.090770609101389,-0.9518351208197099,-1.2449050656681668
1969,-0.9658625750424333,-1.300897157153044,-0.6241194701925789,-0.7939248240467666,-0.9540337149082618,-1.124387865462162,-0.5358253810492657,-0.7157028082103013,-1.1104683174578343,-0.9711342707209085,-1.2680069491902988
1970,-1.0157142781229935,-1.3662592930772806,-0.6847622654964516,-0.8427717252307937,-1.0292913619142239,-1.1790651612322685,-0.5671783565152372,-0.7608265325223503,-1.1787261860999614,-1.0328260741170214,-1.3122965810481233
1971,-1.0205686878294042,-1.3765634919634935,-0.6897415672090303,-0.8465731602676783,-1.0377565575649423,-1.1814673710838928,-0.5725374036300824,-0.7689740964434199,-1.1885340420246455,-1.0424526717822096,-1.314872432220684
1972,-1.0634078277886212,-1.4336407916319556,-0.7618931882903766,-0.8890376171992573,-1.1706709441232426,-1.2298610970082202,-0.6052225721612771,-0.8357240804220989,-1.2516658969670127,-1.0959691581227395,-1.3397728184683169
1973,-1.0812250097231983,-1.442914709028851,-0.7406153662554927,-0.9116826967752607,-1.105275849101318,-1.2504169279851642,-0.6119031639218256,-0.8158102139600789,-1.2752361057147732,-1.1203252687660687,-1.3784971496004266
1974,-1.0710105102292253,-1.4397640891539853,-0.7358267158319705,-0.8985718356542973,-1.0890505910140718,-1.2350552564960673,-0.6063988800402009,-0.8087335449843938,-1.2627014940211545,-1.1108812045156395,-1.3656722524956901
1975,-1.0529373369722748,-1.4276622452916254,-0.7164591867367816,-0.8772517156512364,-1.0389146387185837,-1.209902973209727,-0.5943557376606508,-0.7860054932778864,-1.238436120720884,-1.0923134601240687,-1.3493511183643814
1976,-1.0993610485148317,-1.4797266153618045,-0.7682258837164058,-0.927266809456166,-1.1322618078867437,-1.2633123084049689,-0.6280441458536533,-0.8389616267142871,-1.307677364366473,-1.1525129806430048,-1.3898936494182323
1977,-1.1060181624971297,-1.4900913695025388,-0.7696642521851496,-0.9340339586563482,-1.1267204166282876,-1.268240726651055,-0.6334776028136149,-0.8417386328499331,-1.3197435456661828,-1.1648507949868339,-1.398175498950823
1978,-1.1121791849549987,-1.5041611154108845,-0.77732025078706,-0.9394294430423601,-1.1386870364938173,-1.27117434650768,-0.6412193023787846,-0.8533659573429525,-1.3338274367840683,-1.1787403864170267,-1.4013354042401858
1979,-1.127212012278163,-1.5236033415005799,-0.7927310851333178,-0.9554301854004141,-1.1553813765558993,-1.2869411662881025,-0.6519192833278089,-0.8661231790579165,-1.357164256839685,-1.2004819723044504,-1.4159788118725283
1980,-1.1267814447296003,-1.5294021594521838,-0.805282237297402,-0.9528271282325786,-1.1596038880136321,-1.2857181029508387,-0.6500941015826743,-0.8659643985131181,-1.354479758206613,-1.1989436624322583,-1.4118939996958493
1981,-1.0998303042468476,-1.507790686454758,-0.7833747164892716,-0.9208569645415704,-1.1105303205999877,-1.251262498489682,-0.6316100209586872,-0.8393822107452219,-1.3154665725830448,-1.1663227027649643,-1.3839335533863657
1982,-1.1131798436038127,-1.5435894933367806,-0.8502694277419499,-0.9306379972170915,-1.2448067859439054,-1.2645402789095002,-0.6497444048192229,-0.900243304619982,-1.341709036585911,-1.1865193745362246,-1.36878569754227
1983,-1.0717462964407585,-1.4906803824775166,-0.7596946639516278,-0.8865640848041791,-1.046521324764551,-1.2120413759225581,-0.6131508147496647,-0.809157099147481,-1.2771059733062171,-1.1363404002572508,-1.3549360245716466
1984,-1.087531198426757,-1.5145650696241446,-0.7836853698012218,-0.9023243818312006,-1.0852633184110876,-1.227890014646227,-0.6266337354556184,-0.8324076110886401,-1.3034241138846507,-1.1601275129734459,-1.365378263753384
1985,-1.0936007526710059,-1.5266447760213606,-0.7965438346573115,-0.9077338875736559,-1.1036612814196314,-1.2330587054623388,-0.6324410320584298,-0.843477020806706,-1.314365436524778,-1.1703608466286057,-1.3676937935671631
1986,-1.0942395281503503,-1.5325732373845526,-0.7979957422133863,-0.9072329770592674,-1.0969775068628207,-1.230967704199758,-0.6338606031735379,-0.8434854031659855,-1.3173825550163296,-1.1746030811813395,-1.3677726724746335
1987,-1.120089255036668,-1.567808616063459,-0.8414695941750262,-0.9345222571387071,-1.170286864339019,-1.2604405516235413,-0.6546196256254595,-0.8821816972199239,-1.3582356876749975,-1.2101178574687763,-1.3848223237395654
1988,-1.1225504888498221,-1.5712347557502984,-0.828721287931691,-0.9379535505159755,-1.1496944473623993,-1.2597029604048782,-0.6590762616017132,-0.8804073639727226,-1.367219660369016,-1.2199567920307328,-1.3920310320565028
1989,-1.117566382660259,-1.5651592595742725,-0.8156276825381145,-0.9320927723507741,-1.111487516955383,-1.2527351363943993,-0.6530409238768595,-0.863141723987008,-1.3580332956404177,-1.2136611979489336,-1.392406263244949
1990,-1.1211586519492838,-1.5758003700892738,-0.8290582004806037,-0.9351426119910495,-1.142702515357165,-1.2549523110660057,-0.6597564860929579,-0.8802754727058644,-1.3680363173125638,-1.222251429837669,-1.3894174054216033
1991,-1.1691156983551019,-1.6637820301568067,-0.994446398231983,-0.9839923984050323,-1.4625826393857477,-1.316218301585629,-0.7097184684975657,-1.0242272881293306,-1.4504389405866238,-1.2857816192590261,-1.382300674850444
1992,-1.0830347568565504,-1.5399911721977595,-0.794272460702778,-0.8905556515070879,-1.0745935118763994,-1.2079218306665949,-0.6320046577567842,-0.8408939052300841,-1.3101010306539576,-1.1725202717684147,-1.350534273062876
1993,-1.081446089912191,-1.5482076780927592,-0.8143159888078246,-0.8866800045431565,-1.12056655052602,-1.2044267353571056,-0.6356517966787415,-0.8614116821255318,-1.3118298914125723,-1.172890562222887,-1.3365227694095985
1994,-1.1061081365730385,-1.603477766762209,-0.9252710040843274,-0.9084657253758186,-1.335583593064655,-1.234843562820815,-0.6644790958141003,-0.9569180890150062,-1.3556277750117671,-1.2054012789737103,-1.3185620641855549
1995,-1.0604569481489865,-1.5417902181278695,-0.8141472197806846,-0.8599998797638958,-1.1340103435460456,-1.1740310191295582,-0.6288122058986095,-0.8676375066061891,-1.2892086132779805,-1.1531994228872497,-1.3007737956628687
1996,-1.042114497780066,-1.521804046021155,-0.7888290352759053,-0.8392045706301111,-1.0781334603365873,-1.1510227404442304,-0.6134346227464595,-0.8385711063801262,-1.260023694369138,-1.1292167513354991,-1.2867644920151187
1997,-1.1251445041815178,-1.659115556630963,-1.0398532704772965,-0.923865604532315,-1.5440431173733287,-1.2585681100272206,-0.6905285630283715,-1.0498076757254413,-1.3930678585091618,-1.2329254889954313,-1.292548467845854
1998,-1.1033824578605314,-1.640133956154906,-1.0026728491219368,-0.8981320202354244,-1.476398381728388,-1.2264276552484281,-0.6773967619456551,-1.022517182411565,-1.365403091784967,-1.2117735221188677,-1.2742151417048162
1999,-1.01144612526814,-1.5137337923643093,-0.8134452141162878,-0.7980610412659473,-1.1109053170564187,-1.1102916455841043,-0.5953745853846687,-0.841947298000923,-1.2156362195897041,-1.0898454813191873,-1.227988297171801
2000,-0.9943391904606063,-1.48650140790722,-0.76506002897503,-0.7814564273042787,-1.0035473986788703,-1.0894941598733348,-0.5772344244482311,-0.7912697511241673,-1.186373948128323,-1.0675902545528986,-1.2295257296354214
2001,-0.9954958061683227,-1.4877194696003166,-0.7538927110199536,-0.7831991590135894,-0.9861127787117365,-1.0884801954524863,-0.5798755011978991,-0.7887523206831968,-1.1916365142228216,-1.0735158244099976,-1.234932320378809
2002,-1.042438882531341,-1.5715462173486168,-0.9014655905800459,-0.8268025736816639,-1.2582539853340768,-1.1450867852744564,-0.6244089506959791,-0.9144771047668148,-1.2670873097107425,-1.1331907602075875,-1.2315192044400916
2003,-1.0676497706877772,-1.5993283637298181,-0.9224616131726946,-0.8560827072825148,-1.2940577861087297,-1.1748684594561465,-0.6446220470077823,-0.9400517931903847,-1.3085526448583042,-1.169988553786336,-1.259847474820989
2004,-1.0749713834316252,-1.5962946230546455,-0.8621312680384597,-0.8687363501403369,-1.1827139507017583,-1.1764836031286308,-0.6511000181583566,-0.9087828668495452,-1.328203070633856,-1.1936011409709022,-1.296985178370873
2005,-1.0996619414699556,-1.6229559432673568,-0.8722610400398882,-0.8985274883019969,-1.200490006892569,-1.203431344919199,-0.6724716616377068,-0.9300971894039302,-1.3723992736929527,-1.2341420376226242,-1.327992783219171
2006,-1.1208509317724447,-1.659197046654006,-0.9313182887055254,-0.9199966498540586,-1.2877739711381437,-1.2295301044455782,-0.6895527015290823,-0.970561565988462,-1.4051861425828052,-1.262039659643224,-1.3350344186186094
2007,-1.0993152453560417,-1.6373860381811995,-0.8650354448116296,-0.8965717500534547,-1.1737024762591461,-1.1936598399534275,-0.6793925950448609,-0.9318826581657619,-1.3843643432154216,-1.249546612797182,-1.3283676040502863
2008,-1.073957160673439,-1.6101823632614267,-0.8274963256752388,-0.865815424500161,-1.086043693422309,-1.1601577593655366,-0.6564246671949237,-0.8872419844373125,-1.3417182134703185,-1.215168099728372,-1.309381762950305
2009,-1.044884913928174,-1.5872017492879849,-0.806536307849535,-0.8306792867475729,-1.0521789515803646,-1.12205349576897,-0.6378683323928004,-0.8670812887409163,-1.300150808899418,-1.179300666386765,-1.2732631268116164
2010,-1.054111024279309,-1.615012530654092,-0.8384898021607053,-0.839864916788305,-1.1287762120493523,-1.1285075481925027,-0.6572705766962257,-0.9130926225620275,-1.3291303359777284,-1.204124748931255,-1.2664859386121174
2011,-1.0465690587840812,-1.5976967451549944,-0.8019096320445254,-0.8321863653138417,-1.0467355690901914,-1.1181692860219694,-0.6457561369943952,-0.8754130506723836,-1.3129083499482417,-1.1928893786290973,-1.2745280637892273
2012,-1.06339035075124,-1.6385891490569289,-0.8817433954847784,-0.8471661299158656,-1.18639090732728,-1.1393645744900018,-0.6650920223282759,-0.9382476494083914,-1.3432273908857713,-1.216219068372894,-1.2625544863232188
2013,-1.0373543665853182,-1.6018572236052533,-0.8145506776171034,-0.8182088002356238,-1.0548869045918812,-1.103539446547106,-0.6413236747451537,-0.8780800920456174,-1.3013038695808432,-1.1838879417420545,-1.254526269790347
2014,-1.058301998584946,-1.6436943106856476,-0.891814255799806,-0.8385256345936777,-1.1865267693812875,-1.1303487758067021,-0.6620555207735371,-0.9379943726775508,-1.336458025904788,-1.2117735512756018,-1.250915957729598
2015,-0.968459110723853,-1.5623238006619369,-0.7924187528495577,-0.7315849192472862,-1.008344745301586,-1.0085857378103429,-0.599734799698955,-0.8461095791876806,-1.2055876945759276,-1.102406217662479,-1.1516665087624198
2016,-0.9462816444749002,-1.545475803524445,-0.7876073353913624,-0.7038649490010653,-0.9857429554785581,-0.9801418497832391,-0.5812894817225195,-0.8264218410023672,-1.168405945830449,-1.0704228293042664,-1.1198464667816928
2017,-0.9238624286621014,-1.5284812896526851,-0.7827958870578673,-0.676144445436378,-0.9629914489360816,-0.9512252375114905,-0.5627444522398076,-0.8065277532992202,-1.1311384380242349,-1.0384393656861144,-1.0873100246118275
2018,-0.9011947667545843,-1.5113371784713265,-0.777984407848325,-0.6484234085262444,-0.9400855258935099,-0.9218146959389278,-0.5440977827566382,-0.7864217620066816,-1.093784584482131,-1.0064558268096542,-1.0540104594386426
2019,-0.8782716800653203,-1.4940402912163253,-0.7731728977625477,-0.6207018382442535,-0.9170202617393517,-0.8918875604129906,-0.5253474882843094,-0.7660980857519225,-1.0563437924881847,-0.9744722126682773,-1.01989632311073
2020,-0.8550858916736379,-1.4765873467172543,-0.7683613568003469,-0.5929797345639924,-0.8937904924577749,-0.8614195695758919,-0.5064915251111729,-0.7455507032859823,-1.0188154632024045,-0.9424885232697946,-0.9849107826426265
2021,-0.8559504297600476,-1.4807340711520922,-0.7770335345840984,-0.5927502146960426,-0.8945024318076867,-0.8621882816209179,-0.5050457290879053,-0.7438037048442059,-1.0175992195612658,-0.9420595767353895,-0.9841296008883305
2022,-0.8568134812920191,-1.4848667795267227,-0.7857056813539139,-0.592520690905997,-0.8952019211729338,-0.8629524220099603,-0.5035994884364887,-0.7420524173141927,-1.0163821459162057,-0.941630630202842,-0.9833471103843212
2023,-0.8576750431011824,-1.4889855611438456,-0.7943777971101714,-0.5922911631934584,-0.8958888497102807,-0.8637119711699397,-0.50215280259035,-0.7402968243347634,-1.0151642417112035,-0.9412016836700922,-0.9825633076455791
2024,-0.8585351120090262,-1.4930905044553866,-0.803049881853247,-0.5920616315580294,-0.8965631050895995,-0.8644669094018067,-0.5007056709818316,-0.7385369094509421,-1.0139455063896743,-0.9407727371350804,-0.981778189173146
2025,-0.8593936848268564,-1.497181697073273,-0.8117219355833323,-0.5918320960004544,-0.8972245734671584,-0.8652172168794596,-0.4992580930421905,-0.7367726561132381,-1.012725939394476,-0.9403437906019259,-0.9809917514540509
2026,-0.8602507583557516,-1.5012592257800343,-0.8203939583013623,-0.5916025565201457,-0.8978731394583026,-0.8659628736486463,-0.4978100682015941,-0.7350040476769218,-1.011505540167904,-0.9399148440685691,-0.9802039909612341
2027,-0.8611063293865203,-1.5053231765392387,-0.8290659500071563,-0.591373013117277,-0.8985086861095238,-0.866703859625862,-0.4963615958891172,-0.7332310674012921,-1.010284308151698,-0.9394858975329503,-0.979414904153473
2028,-0.861960394699655,-1.5093736345057656,-0.8377379107014631,-0.5911434657918312,-0.8991310948698825,-0.8674401545972271,-0.49491267553274065,-0.7314536984489353,-1.009062242787029,-0.939056950999189,-0.978624487475305
2029,-0.8628129510652895,-1.5134106840359174,-0.8464098403841015,-0.590913914543982,-0.8997402455617888,-0.8681717382173579,-0.4934633065593479,-0.7296719238849818,-1.0078393435145112,-0.9386280044652253,-0.9778327373569516
2030,-0.8636639952431544,-1.5174344086973732,-0.8550817390561929,-0.5906843593733321,-0.9003360163511025,-0.8688985900082222,-0.49201348839472103,-0.7278857266763493,-1.006615609774189,-0.9381990579310593,-0.9770396502142418
2031,-0.8563119061327525,-1.5128728005468115,-0.8541832168676191,-0.5817804789943353,-0.8890302548280782,-0.8588134594136535,-0.48548281468789,-0.719363075284893,-0.9943337114050079,-0.9281600051026445,-0.9662549440095133
2032,-0.848926186669445,-1.5083058971096353,-0.8532846945604047,-0.5728765367152362,-0.8776849973225143,-0.8486595578723451,-0.47894070456004734,-0.7108065553354607,-0.9820413712326361,-0.9181209453509649,-0.9553782212973503
2033,-0.8415064938663446,-1.5037336774869283,-0.8523861721352949,-0.563972532534602,-0.8662996142463586,-0.8384357327560593,-0.47238708381369865,-0.7022158018917648,-0.9697385644147245,-0.9080818786801279,-0.9444073967606792
2034,-0.8340524794626134,-1.4991561206558064,-0.8514876495919173,-0.5550684664521424,-0.8548734608365491,-0.8281408022137351,-0.46582187752692805,-0.6935904440872289,-0.9574252660201693,-0.898042805088062,-0.9333403133816847
2035,-0.8265637898147772,-1.4945732054684358,-0.8505891269302717,-0.5461643384662345,-0.8434058766633772,-0.8177735541752065,-0.4592450100439377,-0.684930104995797,-0.9451014510286807,-0.888003724574755,-0.9221747391165556
2036,-0.8190400657852291,-1.4899849106510394,-0.8496906041503585,-0.5372601485760168,-0.831896185118776,-0.8073327453120991,-0.4526564049654313,-0.6762344014992042,-0.9327670943303545,-0.877964637140195,-0.9109083633751955
2037,-0.811480942627828,-1.485391214802898,-0.8487920812521778,-0.5283558967804376,-0.8203436928835453,-0.7968170999536747,-0.4460559851388398,-0.667502944150596,-0.9204221707252602,-0.8679255427843702,-0.8995387932920147
2038,-0.8038860498705048,-1.4807920963953365,-0.8478935582357296,-0.5194515830786353,-0.8087476893724603,-0.7862253089552609,-0.4394436726483859,-0.6587353370343667,-0.9080666549229872,-0.857886441503149,-0.8880635497727376
2039,-0.7962550111947819,-1.4761875337707004,-0.8469950351006417,-0.5105472074691771,-0.797107446156161,-0.7755560285167565,-0.43281938880498416,-0.6499311776221017,-0.8957005215422271,-0.8478473333068182,-0.8764800633008959
2040,-0.7885874443121059,-1.4715775051413256,-0.8460965118476588,-0.5016427699512016,-0.7854222163586378,-0.7648078789485457,-0.42618305413597446,-0.6410900566244839,-0.8833237451103364,-0.8378082181871269,-0.8647856694862517
2041,-0.7793201029040911,-1.4638600847302599,-0.8419820489723507,-0.49163847821729706,-0.7706295287711706,-0.7526178694922255,-0.4183592218226038,-0.6300850896199435,-0.8685839694871821,-0.8254780276677114,-0.8521517789436909
2042,-0.7699913048059436,-1.4561227212377956,-0.837867580781941,-0.4816341018966111,-0.7557554085932532,-0.7403236861232243,-0.4105205355414162,-0.619022426512132,-0.853830425589825,-0.8131478263989,-0.8393834051202699
2043,-0.7606002004373505,-1.4483652614885743,-0.8337531072767759,-0.47162964098765414,-0.7407979821523809,-0.7279231736697389,-0.40266688538853934,-0.6079012538823068,-0.839063075794387,-0.8008176143806698,-0.8264768504070773
2044,-0.7511459224783499,-1.4405875505357084,-0.8296386284564556,-0.46162509548855557,-0.7257553103560465,-0.7154141093803359,-0.3947981602358097,-0.5967207409877627,-0.8242818823225586,-0.7884873916109378,-0.8134282625687408
2045,-0.7416275853719853,-1.4327894316333574,-0.8255241443211401,-0.45162046539744494,-0.7106253856102897,-0.7027942000686245,-0.38691424771251887,-0.5854800392663673,-0.809486807240759,-0.7761571580979202,-0.8002336259998556
2046,-0.7320442848094054,-1.4249707462087717,-0.8214096548708023,-0.4416157507130226,-0.6954061285546496,-0.6900610791055171,-0.3790150341868226,-0.5741782818232499,-0.7946778124592735,-0.7638269138312948,-0.7868887523545138
2047,-0.7223950971966635,-1.4171313338337894,-0.8172951601056018,-0.4316109514332276,-0.6800953846002407,-0.6772123032492097,-0.3711004047467959,-0.5628145828988798,-0.7798548597314021,-0.7514966588130978,-0.7733892704942196
2048,-0.7126790791024307,-1.40927103219578,-0.8131806600249534,-0.42160606755657004,-0.6646909202565268,-0.6642453493022582,-0.36317024318113417,-0.5513880373177048,-0.7650179106525931,-0.7391663930474264,-0.7597306156938084
2049,-0.7028952666857926,-1.401389677068011,-0.8090661546297607,-0.4116010990813693,-0.6491904192311294,-0.6511576105843109,-0.35522443195949005,-0.5398977199165036,-0.7501669266595797,-0.726836116532197,-0.7459080180386629
2050,-0.6930426751032679,-1.3934871022794335,-0.8049516439188805,-0.4015960460061355,-0.6335914782856301,-0.6379463932081626,-0.347262852212433,-0.5283426849515399,-0.7353018690294888,-0.7145058292694466,-0.7319164899394065
2051,-0.6864517643833945,-1.3870526508890177,-0.8007290117358771,-0.3954173309389633,-0.621171716851465,-0.629727269828848,-0.3417698976846067,-0.5194618189280151,-0.7252394748719075,-0.7060255937131104,-0.7240095427477596
2052,-0.679820332176365,-1.380605172614593,-0.7965063728494898,-0.3892385761359739,-0.6086759407822038,-0.6214531812155315,-0.3362708602256802,-0.5105427859826805,-0.715170829007925,-0.6975453530883232,-0.7160447691367758
2053,-0.6731479245060019,-1.3741445866802624,-0.7922837272604251,-0.38305978159738774,-0.5961024612375181,-0.6131233048687602,-0.3307657110913536,-0.5015851493294352,-0.7050959199334568,-0.6890651073909579,-0.7080211338792874
2054,-0.6664340797240536,-1.367670811556491,-0.7880610749686455,-0.3768809473222833,-0.583449532462017,-0.6047367996880066,-0.3252544213331032,-0.49258846464107053,-0.6950147361126418,-0.6805848566251271,-0.6999375736973964
2055,-0.65967832833634,-1.3611837649507015,-0.7838384159737406,-0.37070207330992905,-0.57071534919873,-0.5962928054065098,-0.31973696179623956,-0.4835522798746698,-0.6849272659777104,-0.6721046007887631,-0.6917929962398062
2056,-0.652880192823946,-1.3546833637977207,-0.7796157502758587,-0.3645231595599745,-0.5578980439539651,-0.587790442004495,-0.31421330311794626,-0.4744761350919217,-0.6748334979288861,-0.6636243398818585,-0.6835862790121177
2057,-0.6460391874592903,-1.3481695242500782,-0.7753930778751481,-0.35834420607187867,-0.5449956841031842,-0.5792288090997598,-0.3086834157252954,-0.465359562274177,-0.6647334203342457,-0.655144073902346,-0.6753162682574743
2058,-0.6391548181168973,-1.3416421616681549,-0.7711703987711986,-0.35216521284510066,-0.5320062688266639,-0.5706069853145777,-0.30314726983323603,-0.45620208513205485,-0.6546270215296179,-0.6466638028543376,-0.6669817777847576
2059,-0.6322265820786808,-1.3351011906101693,-0.7669477129641586,-0.34598617987928965,-0.5189277258627963,-0.5619240276178034,-0.2976048354425624,-0.44700321890940925,-0.6445142898184512,-0.6381835267316466,-0.658581587741361
2060,-0.6252539678335538,-1.3285465248220103,-0.76272502045399,-0.3398071071735239,-0.5057579080658423,-0.5531789706410049,-0.29205608233785496,-0.43776247018145314,-0.6343952134717039,-0.6297032455425045,-0.6501144433273665
2061,-0.61997580295876,-1.3222749956906936,-0.7586740255920219,-0.33576867555855217,-0.49480766238298446,-0.5475051095260491,-0.28762073443298514,-0.4297753792044917,-0.6264917189705248,-0.6228260739782104,-0.6452095145914837
2062,-0.6146603566081803,-1.3159899469217198,-0.7546230191227105,-0.3317302183320625,-0.4837609189408568,-0.5417950847689924,-0.2831823614522293,-0.42175364497641454,-0.6185844673000225,-0.6159488990083758,-0.6402797296689942
2063,-0.6093072282880674,-1.309691293105547,-0.7505720010455975,-0.32769173549339425,-0.47261525706422386,-0.5360484583516419,-0.2787409533254991,-0.4136968899338393,-0.6106734531021041,-0.609071720639176,-0.6353247981613481
2064,-0.6039160110163935,-1.3033789480207147,-0.7465209713613409,-0.3236532270424579,-0.4613681638346042,-0.5302647842493022,-0.2742964999323393,-0.40560473030717303,-0.6027586710072013,-0.6021945388706068,-0.630344424550924
2065,-0.5984862911819347,-1.297052824623517,-0.7424699300694821,-0.3196146929789734,-0.4500170293431615,-0.5244436082344448,-0.26984899110159133,-0.3974767759838422,-0.5948401156342437,-0.5953173536964848,-0.6253383080799977
2066,-0.5930176483995109,-1.2907128350375157,-0.7384188771697486,-0.3155761333028514,-0.4385591416342375,-0.5185844676743225,-0.26539841661105346,-0.3893126303677352,-0.5869177815906278,-0.5884401651229852,-0.6203061426261183
2067,-0.5875096553612515,-1.2843588905428847,-0.7343678126626126,-0.3115375480136215,-0.4269916813150116,-0.5126868913223035,-0.2609447661871403,-0.38111189023472963,-0.578991663472182,-0.581562973150104,-0.6152476165737533
2068,-0.5819618776837577,-1.277990901565583,-0.7303167365470571,-0.307498937110623,-0.4153117158044801,-0.5067503991026893,-0.2564880295045361,-0.3728741455841725,-0.5710617558631281,-0.5746857777737172,-0.6101624126820732
2069,-0.5763738737510218,-1.2716087776663512,-0.7262656488239263,-0.3034603005943374,-0.4035161931924013,-0.500774501888771,-0.2520281961858476,-0.36459897948617653,-0.5631280533360581,-0.5678085789938208,-0.605050207948734
2070,-0.5707451945529647,-1.2652124275295344,-0.7222145494927614,-0.299421638464104,-0.39160193567602597,-0.4947587012738695,-0.2475652558012535,-0.3562859679245921,-0.5551905504518948,-0.5609313768165903,-0.5999106734695111
2071,-0.5653356944581245,-1.2585071969131194,-0.7178310142359307,-0.29580800028270177,-0.38001716257175655,-0.4893546708033014,-0.24330806460321386,-0.34817131023059233,-0.5476144293279386,-0.5542486668878747,-0.5955373055342494
2072,-0.5598850502768318,-1.2517852062296526,-0.7134474632832245,-0.2921943387690173,-0.3683052452653035,-0.48391519100027713,-0.2390483120094635,-0.3400192060292589,-0.5400349635737827,-0.54756595370146,-0.5911432968388243
2073,-0.5543927975001588,-1.245046337526983,-0.7090638966348799,-0.2885806539220457,-0.3564625124943678,-0.47843983679833285,-0.23478599017564517,-0.3318292308772389,-0.5324521486893969,-0.5408832372573423,-0.5867284278027801
2074,-0.5488584637081747,-1.2382904716033933,-0.7046803142903887,-0.2849669457421147,-0.3444851316540394,-0.4729281754395276,-0.2305210912213116,-0.3236009530736487,-0.5248659801656641,-0.5342005175493384,-0.582292475323005
2075,-0.5432815683892758,-1.2315174879898894,-0.7002967162501735,-0.28135321422879045,-0.3323690992019427,-0.4673797662877476,-0.226253607229703,-0.31533393349366395,-0.5172764534843554,-0.527517794581564,-0.577835212697976
2076,-0.5376616227543303,-1.2247272649321734,-0.6959131025131678,-0.2777394593818297,-0.32011023033935193,-0.4617941606363139,-0.22198353024752276,-0.30702772541731177,-0.5096835641181028,-0.5208350683560751,-0.5733564095499556
2077,-0.5319981295454563,-1.2179196793722922,-0.6915294730801667,-0.27412568120136954,-0.3077041479017254,-0.4561709015096805,-0.21771085228471476,-0.2986818743532987,-0.5020873075303813,-0.5141523388708079,-0.5688558317450744
2078,-0.5262905828392459,-1.211094606929961,-0.687145827950848,-0.2705118796862148,-0.2951462703848298,-0.4505095234590042,-0.21343556531423408,-0.2902959178577028,-0.4944876791754755,-0.5074696061236988,-0.5643332413112309
2079,-0.5205384678442397,-1.2042519218835481,-0.6827621671245176,-0.266898054837074,-0.2824317990244678,-0.4448095523513558,-0.20915766127181892,-0.28186938534734407,-0.4868846744984595,-0.5007868701188636,-0.5597883963537337
2080,-0.5147412606924513,-1.197391497150719,-0.6783784906014123,-0.2632842066529421,-0.2695557038386125,-0.4390705051523379,-0.2048771320557624,-0.2734017979076525,-0.4792782889351702,-0.4941041308521788,-0.555221050968617
2081,-0.5081126800211128,-1.1903020704749556,-0.6740040888480013,-0.25862266130628986,-0.25728245661760935,-0.4317019464048474,-0.20024436219611427,-0.26509216006796543,-0.4707767950243912,-0.48672242222148415,-0.5482727475809813
2082,-0.5014385442329367,-1.1831911172248586,-0.669629671627441,-0.2539610887874732,-0.2448754196104062,-0.4242818920511784,-0.19560752610113624,-0.25674259672015254,-0.4622711259078781,-0.479340709561495,-0.5412761497250216
2083,-0.49471831191224874,-1.1760584655857234,-0.6652552389401569,-0.24929948909656718,-0.23233062777532612,-0.4168095964972692,-0.19096660807116,-0.24835264045345584,-0.4537612753085043,-0.471958992872206,-0.5342304681947903
2084,-0.4879514319336833,-1.1689039416775875,-0.6608807907858298,-0.24463786223307546,-0.21964393715204408,-0.4092842978379543,-0.18632159231541587,-0.23992181560074904,-0.4452472369349648,-0.464577272151552,-0.5271348942796004
2085,-0.48113734322860624,-1.1617273695219987,-0.656506327164141,-0.23997620819688253,-0.20681101393227844,-0.4017052173776904,-0.18167246295132877,-0.23144963804292912,-0.43672900448175056,-0.4571955474077671,-0.5199885991159552
2086,-0.4742754745444777,-1.1545285710081081,-0.6521318480755163,-0.23531452698711133,-0.1938273226830013,-0.39407155913355024,-0.17701920400380403,-0.22293561500748363,-0.4282065716291037,-0.4498138186284868,-0.512790733012332
2087,-0.4673652441968871,-1.147307365858082,-0.6477573535192641,-0.23065281860402706,-0.1806881136420563,-0.3863825093196867,-0.17236179940450772,-0.2143792448610181,-0.41967993204296494,-0.4424320858240052,-0.5055404247454509
2088,-0.46040605981399557,-1.1400635715918024,-0.643382843495438,-0.22599108304713353,-0.16738840899711596,-0.3786372358124379,-0.16770023299113862,-0.20578001689553044,-0.4111490793749434,-0.43505034898607736,-0.4982367808265656
2089,-0.4533973180731065,-1.1327970034908523,-0.6390083180039051,-0.2213293203161247,-0.1539229880487501,-0.37083488759518995,-0.16303448850669647,-0.1971374111082011,-0.40261400726226015,-0.4276686081208778,-0.49087888473623625
2090,-0.44633840442906575,-1.1255074745617566,-0.6346337770443463,-0.2166675304106947,-0.14028637114690568,-0.3629745941820727,-0.15836454959873836,-0.18845089797446338,-0.39407470932771965,-0.4202868632263411,-0.4834657961259415
2091,-0.44284154133232395,-1.121289134038508,-0.6318712744291024,-0.2145488238963772,-0.1339109055094352,-0.35940113251395445,-0.15616680452816215,-0.18434112258807286,-0.38996084572778844,-0.4165986336927946,-0.48017282234294756
2092,-0.4393318939752289,-1.117061995299111,-0.6291087645095399,-0.21243011136290352,-0.12749320001037845,-0.3558154230854238,-0.15396820783104942,-0.18022103056441918,-0.3858461016703979,-0.41291040311401545,-0.47686882770953315
2093,-0.43580938220439536,-1.112826013546126,-0.6263462472854295,-0.21031139281043232,-0.1210325580421619,-0.35221737989165885,-0.1517687580049708,-0.1760905607727926,-0.38173047654804854,-0.4092221714941229,-0.4735537267395612
2094,-0.43227392511026114,-1.1085811436391015,-0.6235837227571005,-0.20819266823874116,-0.1145282656214592,-0.3486069160187456,-0.14956845354351794,-0.17194965153753025,-0.3776139697526186,-0.40553393882487665,-0.4702274329483762
2095,-0.42872544101754595,-1.1043273400910625,-0.6208211909243235,-0.20607393764760784,-0.1079795908064624,-0.34498394363081897,-0.14736729293628897,-0.16779824063151555,-0.3734965806753547,-0.4018457051124556,-0.4668898588371937
2096,-0.425163847475558,-1.1000645570649539,-0.6180586517868695,-0.20395520103738124,-0.10138578308951818,-0.34134837395697826,-0.1451652746688743,-0.1636362652695872,-0.36937830870687294,-0.39815747035273946,-0.46354091587718194
2097,-0.4215890612483474,-1.0957927483700391,-0.6152961053450674,-0.2018364584078391,-0.0947460727638674,-0.33770011727796706,-0.14296239722284326,-0.15946366210184468,-0.3652591532371594,-0.39446923454778726,-0.4601805144932305
2098,-0.41800099830470233,-1.0915118674582536,-0.6125335515986883,-0.19971770975875908,-0.08805967026315394,-0.3340390829126173,-0.14075865907572868,-0.15528036720685565,-0.3611391136555627,-0.390780997701718,-0.45680856404739767
2099,-0.4143995738079863,-1.0872218674205063,-0.6097709905476887,-0.19759895509049014,-0.08132576547228296,-0.33036517920404856,-0.13855405870101245,-0.15108631608476092,-0.3570181893508034,-0.3870927598062917,-0.45342497282202937
2100,-0.41078470210581236,-1.0829227009829405,-0.6070084221918394,-0.19548019440280995,-0.07454352700812605,-0.3266783135056205,-0.13634859456811332,-0.14688144365027278,-0.3528963797109676,-0.38340452086768706,-0.45002964800254125
