,scenario,forcing,percentile,2020,2021,2022,2023,2024,2025,2026,2027,2028,2029,2030,2031,2032,2033,2034,2035,2036,2037,2038,2039,2040,2041,2042,2043,2044,2045,2046,2047,2048,2049,2050
0,ssp119,co2,5,0.6803767655308789,0.6941418932825703,0.7078144578696225,0.7212022766230393,0.7341253673823535,0.7463292826981744,0.7578808225298799,0.7687462019846547,0.7786509117190731,0.7877633501940118,0.7961964309492431,0.8039679937170293,0.8112220281558589,0.817956153269315,0.8239483918276096,0.8293717310325504,0.8345019665409869,0.8391216414081647,0.8433141892847347,0.8469700410289596,0.849919991645648,0.852406440751333,0.8542762418663952,0.8558196238346433,0.857546406050677,0.8592493553000032,0.8599632362175591,0.8603665405666051,0.8604700314923658,0.8602839329384101,0.8603559186386566
1,ssp119,co2,50,0.9313779410871756,0.9502550976492428,0.9689580776275346,0.987278159333186,1.0053946376148077,1.022626701932566,1.0389959337901589,1.0546612594700684,1.0693124611755855,1.083232277430593,1.0963942474990072,1.1086023504793256,1.1191313960365703,1.1296109511538568,1.1386776412403732,1.1470009584100525,1.1552354219892729,1.161970192107644,1.1683034590843657,1.1738771017064225,1.1792574781666074,1.1836224352554818,1.1875768164709228,1.1906483688183511,1.1929667761924014,1.1955340288979932,1.1976556861333747,1.1999351940282712,1.2007153311856151,1.2017066470693956,1.20239140968513
2,ssp119,co2,95,1.2928749170407985,1.3189259575655445,1.3450878855955084,1.3710768613392557,1.3966013690433117,1.421186795797417,1.44489825487452,1.467645331145923,1.4892495177891758,1.5098074617843016,1.5294567909572734,1.5480548319756269,1.5654013448329682,1.5816218362676011,1.5969815718402567,1.6113948774668705,1.6251478383247715,1.6371571836337764,1.6483350292483403,1.6590510770696945,1.6688801776051514,1.677525194827647,1.6851695895252221,1.691635595662542,1.6967780662297804,1.7006726617043793,1.7034956754565587,1.7087548565841766,1.7126469082049531,1.7166903396506852,1.717867302878004
3,ssp119,other_ghg,5,0.5351094018752602,0.536563999095958,0.5365180829922217,0.53602515299665,0.5342130087985263,0.5311596355273545,0.5276595111108555,0.5233381836159754,0.5181127887693783,0.5134990076094187,0.506970384283411,0.500210240086105,0.49414744972986374,0.48715994505431365,0.48108857110831726,0.4750440246208114,0.4695340871477982,0.46343275417081015,0.4569983601329022,0.4514813313112452,0.4459328132090952,0.44065097488417615,0.4348479586196203,0.4293036789537472,0.42370123086491523,0.41860775926206895,0.4131065532935696,0.4080910841544,0.4027039784332624,0.39754327251796795,0.39246752532708296
4,ssp119,other_ghg,50,0.7474284247040253,0.7490339681430637,0.7491169436359566,0.7480691526726961,0.7454891449739702,0.7413327120385484,0.7365948219072438,0.730616341903852,0.7245010294896269,0.716270846762912,0.706649802363298,0.6973760114484975,0.6881283629899646,0.6792206344015478,0.6710518406247248,0.6632800990230586,0.6548905839496169,0.6457220284625264,0.6376967088562024,0.6298913138321616,0.6222310413734584,0.6143923987895199,0.6065122970944286,0.5991244903819979,0.591283688443422,0.5837131220543743,0.5761208104485513,0.5689805993662905,0.562366431616404,0.5553603357828909,0.5476867741365967
5,ssp119,other_ghg,95,1.0483529578991155,1.0513980203129285,1.0523670146164743,1.0502469394854594,1.0464783304535186,1.0417663380788738,1.0359510968223935,1.0304364139517734,1.0206692675864857,1.0091479433012005,1.0000899146089206,0.9884257824566557,0.9762019396153294,0.965642718596342,0.9573616185308989,0.9501917067390523,0.9416652571560414,0.9326497524460335,0.9244417335385995,0.9143510191638478,0.9030586900740389,0.8918739826905682,0.8828795718529427,0.8744309174040411,0.8653766915743951,0.8553756519570382,0.8460048319891541,0.8365275496183756,0.8260196213925499,0.8181623435858596,0.8097521776228606
6,ssp119,ch4,5,0.16846265367010557,0.16973630109567062,0.17050504310183387,0.17105061293167256,0.17143043215125964,0.17157812901849412,0.1714799157917677,0.17111382104523373,0.17046285704946101,0.16948198345154258,0.1682020595860319,0.1666866666384273,0.16483684829149356,0.16271789242266732,0.16049399413234045,0.15834497036322098,0.15617950932317495,0.15405199973027545,0.15167193844453317,0.14925667298299714,0.14702331079635406,0.14527581878885992,0.14299135061957413,0.1407167419844148,0.13884711983623796,0.13644363213533522,0.13456025530273757,0.1323174698557099,0.13034533755209474,0.12819262551998922,0.12611449146756448
7,ssp119,ch4,50,0.24247988242281338,0.24426172756443854,0.24573086390264254,0.24694654896234414,0.24775304684971777,0.24813300826868234,0.24803850857065624,0.24773506904987874,0.2468777899169794,0.24549919825482003,0.2438109449217949,0.24192844856336948,0.2394707330213406,0.23692938124897345,0.23410633427532512,0.23115327515159012,0.22831490221551864,0.22543477113513344,0.22222706392994773,0.21909025227214562,0.2157381131817384,0.21259299333266735,0.20946371472168135,0.20648640556109754,0.20348014206535336,0.2004729269729153,0.19735026463600525,0.1943582454058117,0.19126023083008792,0.18817550353966728,0.1850217489027728
8,ssp119,ch4,95,0.34730955632723876,0.3499965232064202,0.3523708478151545,0.35434965861407725,0.3558496794153051,0.3565748826458396,0.3572635379057088,0.35710385195903155,0.3562544534718418,0.3552665509753465,0.3536734944710305,0.35158743624364225,0.3490664593757714,0.345811226003577,0.3424968176483421,0.33897946553547126,0.3354017735742056,0.33187607555440346,0.3280103303679258,0.32424683564496587,0.3201096420459027,0.31586538942014714,0.3126022594192013,0.3091184127333066,0.30525578665105096,0.3018491500800761,0.2982994105395054,0.29426346376932533,0.29051046711305367,0.2864984622039977,0.28231713661866353
9,ssp119,aerosol,5,-0.8257835672348595,-0.8116900131457803,-0.7924909776918407,-0.7702607288242326,-0.7493181815800828,-0.730064638976156,-0.7034733701069195,-0.6735832982315465,-0.6436733411879402,-0.611581117534346,-0.580543879988564,-0.5579391531373364,-0.5369937977117551,-0.5171587090768323,-0.49987734948516727,-0.4842414308285466,-0.47053137515958054,-0.4570023820080272,-0.4474731717288922,-0.43996129616255647,-0.43038649945020263,-0.4220036185652053,-0.41196644993029474,-0.40220540842496594,-0.3958464035005124,-0.3881284936690053,-0.38147583574954014,-0.3721679873195968,-0.3641541180563023,-0.3573592015611145,-0.3509647569628934
10,ssp119,aerosol,50,-0.43541131753843954,-0.4249530102654362,-0.414251313645674,-0.4010926970318882,-0.38658672932418425,-0.3725198027295147,-0.35842509961396685,-0.34244568279978416,-0.32574633538903863,-0.3094979845756234,-0.29133171412416337,-0.27616107111066124,-0.26322732651320835,-0.25309379784782293,-0.24416822037269537,-0.2365956360188064,-0.22959144512198604,-0.22323755603795825,-0.21726823294857756,-0.21215702974262474,-0.2072314846982597,-0.20231805667744895,-0.19792967038891995,-0.193153279190186,-0.18978066933354265,-0.18593342094004228,-0.1818838361195867,-0.1783591522627297,-0.17489350024371553,-0.17088749702574546,-0.1670129712091255
11,ssp119,aerosol,95,-0.1869939267916112,-0.18233903302312476,-0.1773186955784214,-0.17206150738876355,-0.16673113585850283,-0.1611594005387662,-0.1556236236727888,-0.14950890944414627,-0.14216464480860141,-0.13626150315932997,-0.1306284338557756,-0.12448858663006003,-0.1193168545516288,-0.11587136570566832,-0.11324096448210456,-0.11080945064311089,-0.10814920779922337,-0.10617382993568149,-0.1046680895582586,-0.10239829916074844,-0.10060215057866367,-0.09874403323031666,-0.09696478612943123,-0.09567012248467559,-0.0941279642386619,-0.09282790493754473,-0.09132124165492625,-0.08944866328591593,-0.08746265311895143,-0.08678788790686753,-0.08486454907870433
12,ssp119,anthro,5,0.9447146364461196,0.9698701019499728,0.9938421184319086,1.0139655481774732,1.0314757731847644,1.0486765230294306,1.066593043991038,1.0806420654245428,1.09292629993459,1.1064958951485244,1.1169221144797274,1.128763848464569,1.1369196742112735,1.1432422304321466,1.1476567864673497,1.1497935659827163,1.1514970323187619,1.1511082558595782,1.150564636915316,1.1503877725956992,1.1476598216768679,1.1467359852459846,1.1476504044063338,1.1486617963195116,1.1439113507926164,1.1412878931794714,1.13961136445189,1.136422243531315,1.131722521302202,1.1251219768345828,1.1195024985734672
13,ssp119,anthro,50,1.2225404531639132,1.251384037677809,1.2811334315376695,1.3087896763821802,1.336520611811739,1.3610532563093527,1.3839970152240677,1.4072222543548558,1.426550108228147,1.4453405571177742,1.4638955214903633,1.4785744740221067,1.4927428049290292,1.50382243113575,1.5124156619949862,1.517493832671283,1.5215690422526713,1.5247950712071494,1.527449289010797,1.5285568117346693,1.529507489020316,1.5289630812208528,1.5282933656967024,1.5270105847373214,1.5255831783395692,1.5231864186891058,1.5218625823819893,1.5186456966773507,1.515244878947823,1.5110642709269126,1.5067028173738428
14,ssp119,anthro,95,1.5551261249498376,1.592649019230049,1.6302077770422496,1.670156304346106,1.703143327922657,1.7395646129415179,1.7753481046217143,1.811374240611895,1.8419364256482031,1.8707116103607107,1.9001333468378054,1.9282891063357068,1.951270140986302,1.9719284463803612,1.990266232515521,2.0048354345972443,2.0192050232906253,2.032002889138099,2.0445335485444858,2.054537751366657,2.0616353681313138,2.067953226506177,2.069894831716807,2.071251314256246,2.071782829487461,2.071468403984641,2.071747942932681,2.0711517504035557,2.071321870119624,2.0723025082861035,2.070866817831445
15,ssp126,co2,5,0.6804053768504701,0.6941917858873967,0.7079396138467084,0.7215729355289661,0.735024847198047,0.7482416095931292,0.7611199091034091,0.7737756081397293,0.7861491220168255,0.7982778356077852,0.8100047412584237,0.8214195148576979,0.8325415910992623,0.8433608762065985,0.8539209900794085,0.8641606139860302,0.8741705027729862,0.8836904775161099,0.8928301216313742,0.9016220413743194,0.9100705414908129,0.9182130335556764,0.9262993926372904,0.9341046244326894,0.9416056430415318,0.9488042775288381,0.9557020422888988,0.9622560676726033,0.9682305680092022,0.9738959290193261,0.9791148869640182
16,ssp126,co2,50,0.9314204637067113,0.9503287885355342,0.9691439542159749,0.9877679385682723,1.0064204564627046,1.0248120139372718,1.0427722907620987,1.060437834419333,1.077817536979097,1.0949866103733266,1.1117270817196032,1.1282669867842272,1.1441572546608985,1.1602357856644216,1.1756046672753635,1.1902215966636764,1.2043413608876588,1.217995093443286,1.2318390491202504,1.2447479836557667,1.257411429078422,1.2694148393539784,1.280981321221308,1.2921121009055427,1.3028080865247875,1.3129862005445314,1.3225660290853776,1.3318930022243072,1.3412941563477607,1.3491058544323176,1.3568000818790928
17,ssp126,co2,95,1.2929113483844852,1.3189916553892083,1.345248746998006,1.3715449171222573,1.3977487279601646,1.4236126682504926,1.4491290580530933,1.4743321890517296,1.4991941748826008,1.5236456498996833,1.5477192494036753,1.5714424880068656,1.594800490960243,1.6177543197077298,1.6402651312786256,1.6623075010662967,1.6837569987887864,1.7047469467357135,1.7252260001904534,1.745114933333773,1.7643374734055008,1.7832872597511515,1.8011036950529824,1.8183323807755893,1.8351202788752234,1.8513007802077,1.8667354991613254,1.881375222561861,1.895101213241375,1.9090349309360142,1.9222034809622628
18,ssp126,other_ghg,5,0.5344366269937938,0.5353929971859042,0.5356219628862642,0.535467045830208,0.5346124350835244,0.5325940472610761,0.5303126015184294,0.5287730258177283,0.5252727088703528,0.5226658416332691,0.5193604273075848,0.5152181810470733,0.5116909021216343,0.5083737233761139,0.5051687145748235,0.5019770559514923,0.498715216512037,0.49510667135166486,0.49058053560428827,0.48571161096171245,0.4813687252842685,0.4766136849972664,0.47165058675008553,0.46718094141972527,0.46287789039321137,0.4586255042751983,0.4540381796641089,0.44926324806819345,0.4445747828312872,0.4399057731889187,0.43531359525588254
19,ssp126,other_ghg,50,0.7465855776881856,0.7477199847814284,0.7480365247185904,0.7473704636219936,0.7457792747106556,0.7433810644654395,0.7402405274097484,0.7366333003448303,0.7328144653206261,0.7287301412177831,0.7236869179970167,0.7181089728132742,0.713387580945404,0.7080476429760634,0.7027063515281805,0.6975141646933718,0.6930405838368513,0.6881501584071144,0.6822749274187748,0.675916636832042,0.669909180968639,0.6638499943251025,0.6576194317481976,0.6509851811436534,0.6446300445087993,0.637573981767146,0.6317434294311602,0.6255070374501097,0.6190324298882394,0.6122733344607052,0.6061180225192122
20,ssp126,other_ghg,95,1.0471625048418072,1.0501728399924035,1.0509526091307813,1.0496691318655542,1.0474553630137768,1.0439816355088436,1.04047576268418,1.0374260856409507,1.0329733567072577,1.0268622181978515,1.0207473740311417,1.0125944277296175,1.006633296143776,1.0012767114417196,0.9950194772133792,0.9901780118808794,0.9839569060297267,0.9783624594261215,0.9732480402909106,0.9683623341146095,0.9631817821754587,0.954975612951888,0.9488572420727289,0.9401261003632233,0.9313129699910115,0.9242223363687305,0.9161397528927321,0.9095127851849208,0.9027506922610279,0.8943811420721399,0.8859253517486169
21,ssp126,ch4,5,0.16820275583195535,0.16917528918217484,0.16975476997119848,0.17018379917804888,0.17045906545641593,0.1705589522152692,0.17046943925150884,0.1701920541523801,0.16973931821900687,0.16906686400882626,0.1682302509251011,0.16727129837034502,0.1661894302239488,0.16502477336950286,0.16369068477943224,0.16229651700537592,0.16086887908379696,0.1592514803983279,0.15755447238772197,0.15583361164743598,0.15406385099895706,0.15227902899176468,0.150903276297415,0.1492675499390776,0.14767676686157402,0.14616546762040644,0.14434390844746764,0.14241828592965416,0.1410417692513568,0.13943372003218565,0.13772482934905902
22,ssp126,ch4,50,0.2422336836015856,0.24379558772648446,0.24506378110892724,0.24593675224123834,0.24649719993213748,0.24670625347730923,0.24671423817630433,0.24638237912098615,0.24583733917091322,0.24501481929071045,0.24382770884007066,0.2425475317623127,0.24121826449453687,0.23955316030223672,0.2378561747542236,0.2359784119114834,0.23397912727339176,0.23202814752338274,0.2299697407707486,0.22786173512759555,0.2254341678747187,0.22309134542155773,0.22061831270118293,0.21833503909144159,0.21584158394755715,0.21358287345203797,0.21121032586658695,0.20892227687856368,0.20647913620556668,0.20399604344189814,0.2017259467805148
23,ssp126,ch4,95,0.3469370021797207,0.34945685052413133,0.35152365984342926,0.35307044483225336,0.3541527048559679,0.3549602822595631,0.3554115175997353,0.35537323442298757,0.3547982920277724,0.35442900130690913,0.3535679435585159,0.35230911962151074,0.3507119303300445,0.34922151247158506,0.34716969869875386,0.3445857655071627,0.3423550086648337,0.3397685868364981,0.3375685904470797,0.33512114606193205,0.33202197137482614,0.3290257803868608,0.32599818006246967,0.32390095001392577,0.3211813162030167,0.3177557892945438,0.3149370611939837,0.31269142299676783,0.31026007776788594,0.3070706716468055,0.30376725829180806
24,ssp126,aerosol,5,-0.8263954649702987,-0.8129394238771162,-0.7967721445646546,-0.7781514363579183,-0.7594890195595897,-0.7457276973105842,-0.7245785251597371,-0.7008264225167375,-0.6811933334912634,-0.6547879554505266,-0.6308676605749616,-0.6108457969886243,-0.5929572758206741,-0.5773255583802313,-0.5619435698515443,-0.5491560767950258,-0.5332393710734273,-0.5206658580696246,-0.5090759650670897,-0.4975913728483727,-0.4864287673401296,-0.47523147499128193,-0.46455562569446346,-0.4548649426069358,-0.44678265765382563,-0.43752554679076244,-0.42939904604697915,-0.4202591777771496,-0.41309478077132666,-0.4045424618170493,-0.3953991509249878
25,ssp126,aerosol,50,-0.43635687585341776,-0.4267032897095202,-0.4172533798788933,-0.40579582755493493,-0.3952378285349858,-0.38419632227158673,-0.3735013179950075,-0.36126589271684817,-0.34920322086985367,-0.3372795045419248,-0.3244695136202773,-0.3126623228957748,-0.30340912979199763,-0.2944452308000769,-0.28479533800863366,-0.2763044439239195,-0.26891611920568703,-0.2612590957466947,-0.25390569794815177,-0.2474285229508535,-0.24051410450862476,-0.2339668443717997,-0.2281325239385581,-0.22239994711339883,-0.2173622556216177,-0.212460098197774,-0.2073816642888664,-0.2025025505212854,-0.19802932145019359,-0.1935762651717876,-0.1891281215452325
26,ssp126,aerosol,95,-0.18769480525131008,-0.18354116377473736,-0.18005843316008963,-0.17565571448245967,-0.17137783004810064,-0.16745659952148645,-0.16385874316014806,-0.16018661436960505,-0.15519364729269391,-0.15101793474768213,-0.14626451859342116,-0.14202510904164076,-0.138471354638248,-0.1343936989180998,-0.13084224634451455,-0.12755422264956542,-0.12439003208880581,-0.12133190141495671,-0.118282302521716,-0.11601195285080129,-0.11286073117268607,-0.11008230472558897,-0.10800610218460688,-0.10549864907019156,-0.10353252111144237,-0.10132086184916655,-0.09912058939212352,-0.09677235040020538,-0.09495597780010193,-0.09309735880877419,-0.09110779729393975
27,ssp126,anthro,5,0.9435315716362582,0.9680508426003662,0.9903472217043875,1.0109550885089222,1.0284703069964827,1.045588571582609,1.0637400486013344,1.0807415021746716,1.095396362990178,1.1107270070578101,1.1280037976401762,1.1414122984311645,1.1543638024062437,1.169861928571895,1.1818754806493827,1.1902150289411177,1.2047677008710675,1.21310514548745,1.2240380020185297,1.2323747185946337,1.2402619671966821,1.247863644821432,1.2538736911056816,1.2596852854820941,1.2652722551009448,1.2715840997015615,1.2755161229318142,1.280339127971126,1.2848970236128456,1.288872142628565,1.291704399861885
28,ssp126,anthro,50,1.2208400394118228,1.2485179127561024,1.2773710759596866,1.3041641425420323,1.3311378404512697,1.3558624498091458,1.3801083737606876,1.4031629067552667,1.4269530176627436,1.4477341949467735,1.4693603620272735,1.4904201365677505,1.5103167829427977,1.5301644582604452,1.546885085346393,1.5636584102181663,1.5779552387219435,1.5923518119848887,1.607187007014215,1.6206545249247326,1.6345144578191766,1.6455650281023868,1.6561836065347333,1.6653683943132997,1.673489146513317,1.6819318267690018,1.689721762893448,1.6971564961252612,1.7055652401018515,1.7119100119360964,1.7176615145846739
29,ssp126,anthro,95,1.553101653982088,1.5893771866025543,1.6258908052725527,1.664785114587852,1.6962806460479738,1.7311857273766045,1.7670696652133413,1.8025538949808304,1.8382606351958164,1.8714062616429459,1.9027525491307216,1.9324439027064693,1.9681034618835058,1.9989403509066501,2.026576665379601,2.0536291919025214,2.082117530419997,2.108502765301633,2.131906130707408,2.156071514312184,2.1788025827254547,2.199217229541241,2.219855267593317,2.2380280613305894,2.2536488817062557,2.268158925412063,2.2844517307623966,2.300509803627396,2.310866224078501,2.3233943149936658,2.3328963704619476
30,ssp245,co2,5,0.6806343164638515,0.6946104721418793,0.7086376561574312,0.7227068681611473,0.7368194642786353,0.7510064543550207,0.7651527303119398,0.7793035265597923,0.793534967075688,0.8078118550623734,0.8221369135745948,0.8365118640483069,0.850931266001621,0.8653228781876272,0.8796831640806175,0.8940260327214695,0.9084333802789081,0.9226955370164429,0.9369004897275736,0.9510275471740977,0.9651698140137216,0.9793046400036168,0.9934124190227226,1.0074801569105343,1.021545889143636,1.0356358547365834,1.0497368634989757,1.0636240476338765,1.0774508656754982,1.0912177792247155,1.1049260627077013
31,ssp245,co2,50,0.9316765202029412,0.950762253733124,0.9700535652184015,0.9894279972708964,1.008686651880641,1.0281332062197506,1.0475816158909492,1.0670799717814172,1.0866586848533986,1.1063616990345313,1.1260681087075002,1.145903461809455,1.1657871013343966,1.1857957691222056,1.205811879312236,1.2259268057909245,1.2459247827821767,1.2660146187201644,1.2861266803201177,1.3061066458261654,1.3258333993770983,1.346085554112327,1.365749399536521,1.3853524433462816,1.4048792343943177,1.4243190856958712,1.4437664689971097,1.4632481418054044,1.4826423977903114,1.5021331625320702,1.5217596997823608
32,ssp245,co2,95,1.2932020521274814,1.3195399141745652,1.3461843740009174,1.373087033133578,1.400209595103578,1.4274579404066836,1.4547206779832071,1.482130223178871,1.5096782335840977,1.5373601161206578,1.5651352242363472,1.5930088327902612,1.6210115309597082,1.6491187593067678,1.6773058437069412,1.7055569123025656,1.7338620880162625,1.76221678882691,1.7906188405930905,1.8190672035698805,1.8475624283315915,1.8761054767546752,1.9046335650474362,1.9331188502478938,1.9612279785279865,1.9892149847824419,2.017111236446654,2.0449388689842705,2.073155276591096,2.1013114010265745,2.1294055149578477
33,ssp245,other_ghg,5,0.5395341590477049,0.5435289257983598,0.548002615800089,0.5515472296540709,0.5549378420456389,0.5581801136886697,0.5618575127106357,0.5657276694098589,0.5694731727214314,0.572934352171783,0.5759759739200415,0.5788182666462721,0.5815419728909677,0.5840386566590855,0.5862781850351002,0.5884698471900407,0.5897060819882868,0.5909753361995584,0.5920610999850735,0.5933362465119695,0.5945090004545137,0.595567588435295,0.5961141719284982,0.5963583640867327,0.5967107204215161,0.5966567977385411,0.5965174220905399,0.5963000562031315,0.5957910069569337,0.5952894668186564,0.5947351399868128
34,ssp245,other_ghg,50,0.7523605818135426,0.7581064894174532,0.7639148224603798,0.7694881397200826,0.7746460429478562,0.7798834320719024,0.7847638038248549,0.7899520908100977,0.7950119634319164,0.799246939916542,0.8037949042462418,0.8077029531385583,0.8116669335130167,0.8149141426781871,0.8176113206225483,0.820664189650018,0.8230162455873784,0.8254091740452977,0.8268365451726407,0.8287340325693067,0.8301572732081498,0.831113716609854,0.8318595509744018,0.8333506794974139,0.8340016241038168,0.8347663993049526,0.8346235796536821,0.8348700396323971,0.8342627209665854,0.8333642684505598,0.8324915282698147
35,ssp245,other_ghg,95,1.0571639448650705,1.0653654280830018,1.0727350602311572,1.0798386973743819,1.086740285410667,1.093934281867942,1.1012595828626848,1.108245001517246,1.1150333782972417,1.121815300106359,1.1283051383229739,1.1344123728775604,1.1400781222267755,1.1452916795307242,1.1500278879223231,1.1543473713109007,1.1590039969704267,1.1633695807132067,1.1671737943721143,1.170367539923218,1.17454235482488,1.1764102530728482,1.1781785972783985,1.1797349969913098,1.1805482644277716,1.182666615380174,1.1842730452154941,1.185366346269789,1.1860435323170608,1.1864152010924576,1.1865228118370261
36,ssp245,ch4,5,0.1691314681486392,0.1709089150308815,0.1726555036253437,0.1743252217553326,0.1759033663876887,0.17735400075091526,0.17874808357258104,0.1800928535248576,0.18142792816213898,0.18274114965276272,0.18401985252706568,0.18525078244788853,0.18643385496029335,0.1875646688051602,0.188630708129755,0.1896238421904684,0.19052372890043207,0.1913200067234799,0.19205740613653455,0.19272237909356157,0.19331891087506087,0.19385149605311,0.19431880320827472,0.1947271740097895,0.1950784340562422,0.19536291733667888,0.19557163442043218,0.19570070730808586,0.19575934840102788,0.19571594411934862,0.19560238926326687
37,ssp245,ch4,50,0.243247946778808,0.24570381999433366,0.2480830608560889,0.25037599326675797,0.25256805360302326,0.25474875146242715,0.2568883548577392,0.25895133211032006,0.261092948935465,0.26294863918266564,0.26476109357800737,0.2666546730059882,0.2684717046484164,0.27025421353274814,0.27194394003114475,0.2735467323483527,0.2750409026057006,0.2763608600414975,0.27754788279623344,0.27866958668104713,0.2796568649085813,0.2805441188162823,0.281331757247812,0.28178937909958335,0.282556002376948,0.2830066364976722,0.2832790287870277,0.2834022043785138,0.2834224354280801,0.28357237206443964,0.28344971364140514
38,ssp245,ch4,95,0.34841924499887056,0.35186236889889566,0.3553733603506743,0.3588056231310868,0.36207472358046455,0.36520922348115636,0.3682157272682012,0.3711354735555988,0.37397224864227296,0.37685189834213867,0.37970449397063794,0.38259831044459863,0.38533662149835224,0.3879892093376138,0.3905359276504425,0.3928787400049979,0.3949902539561136,0.39695170321526657,0.3987575762220598,0.4007136786718808,0.402538445428905,0.4041592873636384,0.40548224046768466,0.40659083017527914,0.40753933625346606,0.40832372481765095,0.4093031933815418,0.4097693530616565,0.40996927961529256,0.40998142764870527,0.4100700777365378
39,ssp245,aerosol,5,-0.8474060297183841,-0.8456131490773943,-0.8425108404416007,-0.8407600575246621,-0.839193274400112,-0.8374744401939098,-0.8337895863806368,-0.8311066432625007,-0.8297411106485723,-0.8286015846562829,-0.8288892802158422,-0.8288019745302642,-0.8270768191319278,-0.8238152688104644,-0.8183582132392285,-0.8148828088069573,-0.8108758854632354,-0.805663064923273,-0.7996583849611588,-0.7933802073724854,-0.786868978519749,-0.7794800813127769,-0.7714067774411032,-0.7629330040352252,-0.7542611005672297,-0.7458673146437274,-0.7371699860267635,-0.7308032688354601,-0.7210737065164122,-0.7142458712814627,-0.706614539443432
40,ssp245,aerosol,50,-0.44493852565381053,-0.4415364504562993,-0.4387914388568619,-0.4368678449407759,-0.4350940065221345,-0.43391001881154523,-0.4330933546614688,-0.43250940147725525,-0.4321430611876289,-0.43127104999735133,-0.4306756453264975,-0.4296974139390297,-0.42823597555585136,-0.4261985107342299,-0.42378269035333327,-0.42100339626794425,-0.4181572751730238,-0.41512803105466056,-0.4117663486065797,-0.40825737282021546,-0.4044742862346351,-0.4004108091341898,-0.3966031451697436,-0.39214506701265495,-0.3878725678584054,-0.38306454637236564,-0.37784882172757195,-0.37294934512047284,-0.3679161060606315,-0.36253118375973425,-0.35708035598302157
41,ssp245,aerosol,95,-0.188539008439644,-0.18475966160799212,-0.18264887360787138,-0.18144004769223782,-0.18047265368632873,-0.18047220509749629,-0.18107112830015862,-0.1816621007904907,-0.1821674052847114,-0.18280706569552607,-0.18354156509777775,-0.18391994114472582,-0.18454750346946683,-0.18389593706230004,-0.18297921729589983,-0.1823755935047676,-0.18108091693562578,-0.18024789352824944,-0.1787997161119568,-0.1773407440734581,-0.176432794695634,-0.1756213105731719,-0.17385686184146606,-0.17227623223005578,-0.17096858482308072,-0.16920543299779012,-0.1668018664418154,-0.16521786551626205,-0.16351851925599098,-0.16168104649224752,-0.1590944050370646
42,ssp245,anthro,5,0.9379865950313785,0.9617459895601206,0.9824422173888478,1.0036678046380796,1.0250808251915828,1.0444813428787552,1.0652841805946376,1.0844026661365085,1.104260178936822,1.124527473892783,1.1426224776827385,1.1614196187160082,1.180423727660208,1.1997102424617148,1.2182495425900628,1.2371520085679197,1.255150692907196,1.2736241845665923,1.2906632451545637,1.3078417358284948,1.3284779845950285,1.3452250147715956,1.3620600944889858,1.379469735694423,1.3992454052498533,1.4200314835497585,1.4370768422446976,1.4528890888872847,1.468762455461478,1.4846840744285839,1.5039053518303367
43,ssp245,anthro,50,1.2232792039122609,1.2535710230572472,1.2810480022396045,1.3073071633320517,1.334467030838147,1.3602856825461702,1.3854183882889284,1.411010129199613,1.4364569139647199,1.4601547064529097,1.4838483783740075,1.5080364661214851,1.5339037686772474,1.5599204042854113,1.5853432772182217,1.6108126744735032,1.6346872470619174,1.6598659457510463,1.6858317925871822,1.7100524273797233,1.7353065356995707,1.7602038117041363,1.7833383881213658,1.809455895760812,1.8331534461401724,1.857686200786905,1.8810617278952095,1.9052307939541901,1.9296046721220974,1.9546132156347327,1.9761832299880462
44,ssp245,anthro,95,1.5575566179928442,1.5959608209224667,1.6320361271570956,1.6675520820375953,1.7029023843974795,1.7383884959016938,1.773292468819334,1.8071344810664365,1.8407941589519066,1.8728036833615924,1.9066356090550713,1.9411169522702176,1.9749192534214974,2.0101197087618314,2.045598711574493,2.080066477714164,2.113033378865856,2.1480873969077643,2.1827993191354027,2.214504222668229,2.2504877707699182,2.285930086727365,2.3224077298696573,2.357945463001721,2.3951886000677782,2.427645374138089,2.4612547680734824,2.4939058913934353,2.5288905869787177,2.5590371434415777,2.5933294679005727
45,ssp370,co2,5,0.6817589097463055,0.6966421969294337,0.7118810828321654,0.7275292000116241,0.7434472343470556,0.7594381821327115,0.7756041991551594,0.7921083841117337,0.8088467394667571,0.8257894448596947,0.8429350181137124,0.8602980946783413,0.8778561269816992,0.8955816368811799,0.9134510020372056,0.9314503968108713,0.9495725032394393,0.9678133525388685,0.986171188470203,1.0046458202627744,1.0232374047978678,1.04194769579096,1.0607730887209372,1.0797030336474214,1.098727392026491,1.1178404684566958,1.1370392763391115,1.156321807950685,1.1756877082786406,1.195137795437682,1.2146730107986707
46,ssp370,co2,50,0.9329927156839969,0.9533884196545106,0.974070326825067,0.9949519880453941,1.0165498405609559,1.0384756396566734,1.060865611858488,1.08358096185701,1.1066083423470292,1.1299676696085177,1.1537704504878963,1.177891748133875,1.2020196901688545,1.2262319294341506,1.2507499371680384,1.2755950417351394,1.3005589853594604,1.3256446182841388,1.3508969996412827,1.3763144834400978,1.4018962352056552,1.4276436139298796,1.4537678380890235,1.480057338682761,1.5063178980441254,1.5327109622290789,1.5592317770523483,1.5858768688033842,1.6126448616291085,1.6399016488595184,1.667000211110276
47,ssp370,co2,95,1.2945850556615666,1.3221258051088458,1.3504367727010012,1.3794656530918854,1.4091563877154654,1.4394276692786125,1.4699908006422906,1.500977227850533,1.5324453750102958,1.564382031115847,1.596731725433705,1.6294221092617724,1.6625373416533566,1.6960450634940807,1.7299115102630431,1.7643933884833867,1.7993843340990394,1.8342695102261461,1.8694139111778436,1.90517389161896,1.9412271796356733,1.9775555029102405,2.0141508704023536,2.051014792686863,2.088299628747206,2.1258003068112266,2.1635064977966647,2.2014093875625367,2.2394916926211392,2.277747424868991,2.316196988588102
48,ssp370,other_ghg,5,0.5464548741767543,0.5530684353822787,0.5591978882962012,0.5652171990598596,0.5711156448576867,0.5769819999607059,0.5828212396720626,0.5887240918210211,0.5946039536129342,0.6003506971886008,0.605746087720036,0.6111187837158899,0.6165810025735499,0.6221249147187787,0.6278055417608591,0.6331360309934282,0.6380518809906314,0.6429944332517661,0.6482604004063748,0.6529815968586086,0.6581466894301468,0.6636255036159083,0.6687140047285703,0.6738113937713359,0.678770309560333,0.68377672958719,0.6887754586549787,0.6937697352747796,0.6987622017021253,0.703982615473889,0.7092584457789645
49,ssp370,other_ghg,50,0.760104965348265,0.7709328612667151,0.7807484701224879,0.7899365248655258,0.7989244248993073,0.8077071441554184,0.8163488730677118,0.824758892838526,0.8332314737127718,0.8411468642787162,0.8489560347711752,0.8571072459899655,0.8656937928626883,0.8733505810782479,0.8811212484656419,0.8893817268021723,0.8975110572413234,0.905722579035166,0.9131148185891172,0.9204613534710517,0.9279445828789312,0.9350205122084163,0.9418183359141605,0.9493972603788388,0.9568377906118374,0.964836936114233,0.9724401188718044,0.9792354184628962,0.9866465984842825,0.9938385668206837,1.000892973015278
50,ssp370,other_ghg,95,1.066514506525103,1.0811925707623489,1.0949020396380162,1.1079557057203961,1.1207211421805847,1.1333236918158376,1.1456913652892784,1.157795657241967,1.1700473564790406,1.1820182721474273,1.1937849510280274,1.2051171782957228,1.2170246763379502,1.2291358965301569,1.2417644153575695,1.25404285021516,1.2661963427701566,1.2781211748133214,1.289579575612154,1.302001126727884,1.3143454649700397,1.326122154586401,1.3369614144352056,1.34844297992898,1.3594427941451361,1.3702964164017637,1.3810946670040476,1.3917119294981273,1.4022867790312767,1.4126950690248286,1.4228629189447979
51,ssp370,ch4,5,0.16948523901723983,0.17160112049710766,0.1737612055746142,0.17594360987255778,0.17814658122949387,0.1803625874198324,0.18256779348000607,0.18480332747359487,0.18706707500906555,0.189356716597375,0.19168378709370124,0.19403000063955092,0.19639017508530254,0.19874111666559496,0.2010939509912907,0.20344522579308527,0.2057914737491675,0.20813012432594974,0.2104593938451303,0.21277797063437634,0.21508476656605655,0.21737913547613838,0.21966086409317181,0.22192995501354953,0.22418668420575044,0.22643127371043326,0.2286639292034313,0.23088482167884283,0.23309411416296452,0.2352919404479503,0.2374783138971798
52,ssp370,ch4,50,0.24371786600179812,0.24659026047173926,0.24942612693710187,0.2524183222490164,0.25552322156493124,0.2586703121603755,0.2617848245768961,0.2650037664542837,0.2682839545713087,0.27149869874743193,0.2747580586252738,0.27805750732599877,0.2814246016877675,0.28482968423392685,0.2882377902618509,0.2916424923881129,0.2950393954443222,0.2984254176305592,0.3017985878713265,0.3051575474596868,0.30850320317594604,0.3118551002404173,0.31519432730960295,0.3184683921332243,0.32172179368269616,0.32498589275812884,0.32823899012524294,0.33143311596782654,0.3345931743445796,0.33775724207664637,0.3409317577137929
53,ssp370,ch4,95,0.3490868238218149,0.35295989596417604,0.3572353156633237,0.3614103483275957,0.36534826742256904,0.36937099128005324,0.3735928987773058,0.3781496268736217,0.3827610712665363,0.38742371625809846,0.3921334957868099,0.3968862009556598,0.4016744213979557,0.4065128586342285,0.41137724533333603,0.4162427850162607,0.421102417996934,0.42595082445500065,0.43078422444847114,0.435599780333249,0.4404900525851892,0.4453815098034338,0.4502620275500845,0.45513096031801276,0.4599881722778028,0.4648335625780134,0.46966708755252706,0.4744887241293604,0.4792683217963878,0.48395674593464144,0.48856859640845485
54,ssp370,aerosol,5,-0.8770687748254099,-0.887859866544463,-0.9008491214141578,-0.9143315653778721,-0.9246317156390328,-0.9353992271573128,-0.9449496454690819,-0.9543900870836848,-0.9605998846106417,-0.9659574441331126,-0.9722635482342316,-0.9782696668237348,-0.9839160824624605,-0.9892787703345527,-0.9944173303093943,-0.9993785511480703,-1.0044543482318244,-1.0092155539433105,-1.013528195896827,-1.0180184723118206,-1.0220925225576905,-1.0259937579620484,-1.029657155413276,-1.0331247567352593,-1.0364309374656424,-1.0396038246186432,-1.0426664481418382,-1.045637676948773,-1.0485329805242425,-1.0513650491326214,-1.0537340359959622
55,ssp370,aerosol,50,-0.46583694603044323,-0.47257357013270984,-0.4768461591011497,-0.4810557362624581,-0.4838520813491771,-0.4869087756438333,-0.49009850799244115,-0.4921015818770198,-0.4951023477986727,-0.4969733480447014,-0.4989211457042477,-0.5011766700034421,-0.5031159531045923,-0.5045178593919559,-0.5063526211728939,-0.5079748522482228,-0.509639924474115,-0.5110775079093623,-0.512792787798509,-0.5143141734589793,-0.5160508293229487,-0.5172633923304617,-0.5186202836727656,-0.519882219620607,-0.5210733939900436,-0.5222116587919463,-0.5233101873738701,-0.5243787013897787,-0.5255321396198154,-0.5267926051444607,-0.5281319769203823
56,ssp370,aerosol,95,-0.19759401271594354,-0.19687724744326998,-0.19633330076711103,-0.1965611588188601,-0.19635349007034436,-0.19715319640113813,-0.19770070950114083,-0.19814307037115214,-0.1986215128064602,-0.19926327158145907,-0.1997734895364294,-0.20016659148142,-0.20068278945016138,-0.2011718182469416,-0.2016279668666506,-0.20206083797547209,-0.20247714833939562,-0.2028913898405665,-0.2033599859326856,-0.203883029598742,-0.2045129734335773,-0.20514415657948337,-0.20577939418666533,-0.20608062515261474,-0.20637592470695929,-0.20675469850261832,-0.2073369424646921,-0.20818722204096124,-0.20904423350808607,-0.20990609176557237,-0.21075141554238083
57,ssp370,anthro,5,0.9303006148302789,0.9507160370593897,0.9701790252704304,0.9915004847280805,1.0126997577744834,1.0352773940409858,1.0581897393653577,1.079875465368466,1.101781738284281,1.1238481616730855,1.1463137691670764,1.1694303835172448,1.1927776348276493,1.2168923355467691,1.2411709975219862,1.2654723214044583,1.2900587726917399,1.31599157741137,1.3390812889902872,1.3623498074244647,1.3878172464027423,1.4100720591829994,1.4328025376383042,1.4570664622488654,1.4795231680986773,1.5058455371407515,1.5316712796337328,1.554004287228555,1.5794817799590641,1.6056913149254874,1.6315401044539468
58,ssp370,anthro,50,1.2157657220322688,1.2429229483214919,1.2699576897823897,1.297867968842382,1.3249411201860508,1.35317076832098,1.3810964714840925,1.4098217723107012,1.43975671966871,1.4691577607173405,1.4997678247626034,1.5299603160082236,1.5613549075995337,1.5934111665591622,1.6236075887669361,1.6549856611736933,1.686186131828531,1.7183974897206644,1.7505246521156566,1.782453509924113,1.8153012629084593,1.8473711363534888,1.8794041131704502,1.9109533088580224,1.9424984576575226,1.9755792699413608,2.0080414583375865,2.0403742149691264,2.073096853886737,2.1051461439647374,2.13779811517409
59,ssp370,anthro,95,1.5464033638438368,1.58238501485845,1.6208826425511138,1.6569870310659582,1.6956427976993305,1.7324103771846886,1.770773210710711,1.810036693405093,1.8495178333556297,1.8877112648870316,1.9277951694829119,1.966143801104141,2.0061844739864756,2.047589038537503,2.0886655923394777,2.129950904854932,2.17114509419777,2.214340820299292,2.2583376501790613,2.299950437497678,2.342445281685083,2.3852107851077196,2.4275844501005457,2.46916878003793,2.5106970264908846,2.5542345746275057,2.59893886767126,2.6429657018899535,2.6875702449071315,2.730135564337938,2.776175691437731
60,ssp585,co2,5,0.6813641532388397,0.695942649074748,0.710792159810302,0.7260431870572858,0.7416627081554952,0.7575507720939049,0.7737267139495805,0.7902715151754902,0.8073197456594068,0.8247334057512659,0.8425072291623333,0.8606359663829763,0.8791223057736035,0.8979801564278475,0.9172439521497531,0.9368970542922881,0.9568982729049392,0.9772430692918043,0.9979724006499237,1.0190819518682297,1.0405681780439664,1.0624267997400068,1.0846567527861215,1.10717194366351,1.1300173383975824,1.1532420809481003,1.1768449481171424,1.2008227138620808,1.2251711113613493,1.249886330764559,1.2749641428380694
61,ssp585,co2,50,0.9324697920392854,0.952455640667964,0.9728352760750347,0.9932047895140071,1.0142292984192016,1.0360105519721294,1.058277648140471,1.0810905342135877,1.1044183050615106,1.1282577521454007,1.1526029660470367,1.1774475360312435,1.2028321281184537,1.2287797970773577,1.2552696004607864,1.2822253471543303,1.3095930222074768,1.337467217991556,1.3658426292625525,1.394750049675743,1.4241858958113682,1.4541455318922554,1.4846271167822498,1.5156345942026732,1.5471721161948566,1.5792406642695584,1.611839346850128,1.6449651717132534,1.6786100729428242,1.7125764996570956,1.7472606036836007
62,ssp585,co2,95,1.2941021434349478,1.3212378283852289,1.3490337125205556,1.377512551823336,1.4067027105923746,1.4366060003832428,1.4670343643469255,1.4980715244719895,1.5298125870572301,1.5622565807216517,1.595399506826214,1.6292262315494765,1.6636385344538007,1.69875538877821,1.7345949205232398,1.771167104001235,1.8086701449782794,1.8472353888600075,1.8863323583203429,1.9259031396974786,1.9662067371849792,2.007577084505283,2.0497365950185196,2.092640863594403,2.1362947126445233,2.1806996134115924,2.225854934469606,2.2716285934660165,2.318140106235536,2.365387042880952,2.4133633333218105
63,ssp585,other_ghg,5,0.5431505189314655,0.548636462531696,0.553226923447693,0.5573024932468944,0.5613507950866599,0.5651944310256122,0.5690986405136622,0.5732669416394505,0.57725217210432,0.5812888987880536,0.5853876063765168,0.5897233167638994,0.5943513237096576,0.5992795160715075,0.6043386853668307,0.6091123018839247,0.614198654270706,0.6196186342889932,0.6253145518766923,0.6311916059963115,0.637278241305872,0.6434280267572352,0.6494937043639201,0.6555287962556996,0.6615721777667392,0.6674767553450464,0.6733576920027106,0.679019089330735,0.6844783767848266,0.690077487615312,0.6960706452102623
64,ssp585,other_ghg,50,0.7560895147637812,0.7634353178400739,0.7701950143034363,0.7765472115243428,0.7823312091533396,0.7879069497450254,0.7936218870126721,0.7994822638926277,0.8052176026603795,0.8107517062541854,0.8163415648814059,0.8226504342171713,0.8290119101480459,0.83524065397184,0.8420113467307058,0.8496924877758822,0.8569578552155095,0.8649418007862588,0.8724324811723816,0.8803126755858537,0.8880275422315984,0.8960942842700608,0.9040809170438349,0.9122013711885868,0.9205886662691503,0.9290164614714038,0.9376362124451447,0.94567623654135,0.9539044467488476,0.9621771255668183,0.9701978439327141
65,ssp585,other_ghg,95,1.0621690064616789,1.0724227337170267,1.0820302527894914,1.0909499869456192,1.0992968715548812,1.10767852070472,1.115888309831338,1.1236957364964908,1.1311557044502893,1.1397327915564741,1.1482093417628216,1.1566816433103264,1.1654336672548653,1.174662357461731,1.1842750662311672,1.1941681334582352,1.2044979219721934,1.2152769960230725,1.226568507597869,1.2378013365088347,1.2493340106669781,1.2610751946311927,1.2731874671664598,1.284842216197098,1.2964919249368378,1.3080658706868533,1.3197206136123203,1.3316345314574443,1.3435383136318702,1.3555999436508779,1.3674703394236114
66,ssp585,ch4,5,0.16899277951344066,0.17063886604553785,0.17223446746223253,0.17371438881949527,0.17513245053590715,0.17656776207343258,0.17804147493514946,0.17956513712989697,0.181151724689677,0.18277552151602894,0.18447120957569854,0.18620893064217917,0.18800963983938465,0.18989104950419367,0.19187205224548176,0.19396029407814885,0.19613839779603431,0.1983525266989292,0.20066590974602896,0.20309910696424982,0.20562814777211566,0.20823745290727108,0.21091457144667142,0.2136393328225626,0.21636300835753539,0.21908797872716015,0.22181854983373303,0.22454831416949447,0.22727285089058422,0.22998909642724713,0.2326945737458488
67,ssp585,ch4,50,0.24306424108962565,0.2453614123481489,0.24756991312066368,0.2496946100720352,0.2518454699588568,0.25391208722965786,0.25598897838407475,0.2583344240744181,0.2605415205868111,0.2628096615642166,0.2652561705046965,0.26772072479410536,0.27027211754139224,0.27293606567861217,0.2757395170374397,0.2785801488463011,0.281605201537805,0.28467717996585784,0.28798575604210397,0.2913917082102764,0.2949140554413827,0.2985551662884982,0.30230106196953144,0.3061283665014516,0.30982788770110714,0.313777098457368,0.31774734988453224,0.32172619489450294,0.32570414310293083,0.32967399103918527,0.3335909791501548
68,ssp585,ch4,95,0.34815754120502534,0.351466712255625,0.354656653720183,0.35776380045067746,0.3608227124200931,0.36388650315549637,0.36693923319358873,0.37003638439032016,0.3732202342562833,0.3765700337456869,0.38002974318565225,0.3835829810645075,0.38724113150377015,0.39098412820635364,0.3948894145646028,0.3989827928904007,0.40327351671596173,0.4077637394823567,0.4124506013893096,0.4173233669195566,0.4223740464350065,0.4275756699875407,0.4328054121243056,0.43813693476733995,0.4435667140375913,0.4491002313650916,0.4546578999340023,0.46025032432245105,0.4658775377429655,0.47151569392245474,0.47715577872993853
69,ssp585,aerosol,5,-0.8346113845382297,-0.82661736620732,-0.8161990577366071,-0.8061168567538403,-0.7957564423975496,-0.7840619867965724,-0.7732782033211736,-0.7616723990428106,-0.7498542045386485,-0.7372952816818827,-0.7244663196208598,-0.7122593211423468,-0.6988283133036012,-0.691577408491857,-0.6842608012832848,-0.6762970811934692,-0.6696159080398528,-0.6642999017349297,-0.6570184560701394,-0.6545255388232133,-0.6481101089036556,-0.6427098918451707,-0.6382025005295711,-0.6341045616966753,-0.6312966748553617,-0.6280167562707533,-0.6228403400944392,-0.6186166008048737,-0.614362707230513,-0.6090476752099809,-0.603679158198778
70,ssp585,aerosol,50,-0.43601479369425267,-0.4275188851492884,-0.4194735435971262,-0.4115758901126596,-0.4040529985090391,-0.39652659845228655,-0.3898230297225318,-0.38260972377796043,-0.3766934870642933,-0.37027804196093883,-0.3628436094942613,-0.35655442127911696,-0.35198892528654646,-0.3483873154439008,-0.34485634944858967,-0.341248315240382,-0.33820489415083266,-0.33562418113455683,-0.33290834190048724,-0.3305062250902542,-0.3283483287236697,-0.3264171885729663,-0.3235280736480248,-0.32107190027561705,-0.31880117607901726,-0.31646060720837266,-0.31352477255516975,-0.3104723141709709,-0.30727597962563724,-0.30476165677470757,-0.3029752660454701
71,ssp585,aerosol,95,-0.18286401847182732,-0.1757093885784919,-0.17009973596235203,-0.1647716620429613,-0.16044744849807396,-0.1577677284070216,-0.15505288499091482,-0.1531923246313144,-0.15132868726023743,-0.14894664639814292,-0.14627494734581015,-0.14363558360923978,-0.14184453536928865,-0.14111277059682217,-0.14008420645013345,-0.1388321558714241,-0.13746497888153064,-0.13649174024325894,-0.13556152296461932,-0.13431694254881194,-0.13394079522847196,-0.1336237257732905,-0.13300620800069596,-0.13275608434624733,-0.13241519234959614,-0.1317811360646513,-0.13124563891723767,-0.13070511051174996,-0.1301941669197101,-0.12994861332308472,-0.12951579603745203
72,ssp585,anthro,5,0.954497053235775,0.984108498392234,1.0135360224244785,1.042432974251525,1.06934491164023,1.0986919346507,1.1223636068890193,1.1480714801969483,1.174973613612279,1.2036769519777817,1.230326676573621,1.2550655233803019,1.27992847584119,1.307683501357692,1.334745570683845,1.3587416524715905,1.3844985027110248,1.4123465142576972,1.438657693195484,1.46923687935848,1.5025002161718721,1.5338970132836072,1.5640116474312966,1.595136726383474,1.626507031870495,1.6583945316026296,1.6909843650963174,1.7223637426157645,1.754414760274531,1.788502103864498,1.823141122791289
73,ssp585,anthro,50,1.2374637387182144,1.2749143177928095,1.3107663590292113,1.347124187330137,1.382298001195231,1.4169836124342967,1.4532536192045669,1.4873732116128107,1.522260958005875,1.5602530311358174,1.5952315034767384,1.631609644884051,1.668499924344217,1.7047646672079058,1.7411296278907227,1.7772666687532692,1.8138016160313037,1.8514676612500212,1.8886814566055352,1.9286183293675556,1.9663178756379096,2.0066970891725395,2.0478070781140723,2.0907580467224083,2.1315846153810263,2.1753804849603875,2.216226060965314,2.2589060723563934,2.302688869818441,2.347578895722272,2.391652426657052
74,ssp585,anthro,95,1.5753211897329684,1.6223660270209939,1.670601941395145,1.715528703113574,1.7587358212069466,1.802089761342667,1.8512893885658737,1.8954960997192154,1.9426048511738372,1.9908626306043915,2.0410809784676767,2.09240867511225,2.1411906498055946,2.193406262237648,2.246198091141693,2.2963216102127264,2.346564376461982,2.401545958053444,2.453481819789842,2.5072169509910847,2.5581530491977853,2.6150310303729847,2.673277124540052,2.7280215414039297,2.786889988941899,2.8485594262654104,2.9071841609472364,2.9677751558806524,3.0293458063749865,3.09099285285785,3.152074229386874
