year,volcanic_erf
-500,0.2011488956754651
-499,0.2008182902901311
-498,0.20029237326531324
-497,0.20009686194385656
-496,0.2000303257299232
-495,0.2000079325982458
-494,0.20000040730610977
-493,0.19999787788323428
-492,0.19999702761122032
-491,0.19999673990965486
-490,-1.3772900778967305
-489,-0.8901314102612751
-488,-0.19168099064326283
-487,0.06726922244284496
-486,-0.011607022304930568
-485,0.06963463847389285
-484,0.15351149398274078
-483,0.1842591883330251
-482,0.1947046527517592
-481,0.19821872049652844
-480,0.19939937660873996
-479,0.1997959806984121
-478,0.19992920507989986
-477,-0.42182618931915655
-476,-0.22973741836392
-475,0.04560184705314526
-474,0.1476772039506133
-473,0.18240119731295512
-472,0.19408516526929595
-471,0.19801084012779135
-470,0.19932955464059032
-469,0.19977252596809994
-468,0.1999213280236046
-467,0.1999713128593067
-466,0.1999880997438961
-465,0.19999374212974333
-464,-1.3502369975177755
-463,-0.8714126577617042
-462,-0.1849468281544743
-461,0.06955145445668195
-460,0.15612690130776702
-459,0.18525792834217739
-458,0.19504560497887427
-457,0.19833349710316428
-456,0.199437939834918
-455,0.19980893413233336
-454,0.19993355933254306
-453,0.19997541928433346
-452,0.19998948794684498
-451,0.1999942096669474
-450,0.199995790347992
-449,0.19999632051478755
-448,0.1999965018696138
-447,0.19999657088248868
-446,0.19999658691925049
-445,0.19999658691925049
-444,0.19999658691925049
-443,0.19999658691925049
-442,0.19999658691925049
-441,0.19999658691925049
-440,0.19999658691925049
-439,0.19999658691925049
-438,0.19999658691925049
-437,0.19999658691925049
-436,0.19999658691925049
-435,0.19999658691925049
-434,0.19999658691925049
-433,-0.8453013638231678
-432,-0.5224428658484218
-431,-0.059568080585491186
-430,0.1120383291413296
-429,-0.023682842407678872
-428,0.05594613665598617
-427,0.14847550082965577
-426,0.18254764318894504
-425,-8.664973915882799
-424,-6.3034957331249855
-423,-2.2467567102909496
-422,-0.6309847823928108
-421,-0.07955246471205697
-420,0.10607422622258705
-419,0.1684461969916771
-418,0.18939842755796296
-417,0.1964365513396448
-416,0.19880073512370358
-415,0.19959488981664306
-414,0.1998616636411984
-413,0.19995127076944572
-412,0.19998137720447925
-411,0.19999148521206878
-410,0.19999487556759696
-409,0.19999601747715381
-408,0.19999640342976832
-407,0.1999965350429974
-406,0.19999658086899152
-405,0.19999658691925049
-404,0.19999658691925049
-403,0.19999658691925049
-402,0.19999658691925049
-401,0.19999658691925049
-400,0.19999658691925049
-399,0.19999658691925049
-398,0.19999658691925049
-397,0.19999658691925049
-396,0.19999658691925049
-395,-0.6807508749761997
-394,-0.4085559571871455
-393,-0.01863889679118168
-392,0.12590809112463083
-391,-2.180480779154055
-390,-1.4363820914122611
-389,-0.3877420455771448
-388,0.0008386897571222105
-387,0.13301861624678402
-386,0.17749438009962368
-385,0.19243768675035744
-384,-0.044643733018719815
-383,0.03186383348886372
-382,0.1396112581591118
-381,0.179534807664531
-380,0.19311518133597314
-379,0.19768469582175494
-378,0.19921999320420314
-377,0.19973572540410037
-376,0.1999089645919084
-375,-0.010823157719860173
-374,0.05433495749559664
-373,0.14766524914137194
-372,0.1822633063113287
-371,0.19403277133767047
-370,0.19799296902879315
-369,0.1993235476891798
-368,0.19977051107697877
-367,0.19992064513797617
-366,0.1999710860901415
-365,0.1999880280802556
-364,0.1999937187952814
-363,0.19999562978308602
-362,0.19999627316793656
-361,-0.19640616130097968
-360,-0.07397497498636042
-359,0.10155924015863677
-358,0.16663922325564412
-357,0.188778241101858
-356,0.19622762370253644
-355,-2.002431506690376
-354,-1.321727651286457
-353,-0.3467341164030551
-352,0.014727126650098907
-351,-0.06475763236806155
-350,0.03918289869950815
-349,0.1427097194159748
-348,0.18060471610246517
-347,0.19347588940351143
-346,0.19780591469720157
-345,-0.7959797189484957
-344,-0.48808774137997046
-343,-0.04721698190973401
-342,0.11622401355827522
-341,0.171823245806058
-340,0.19053134100828725
-339,0.19681704306420392
-338,-0.08700129445296216
-337,0.0020746039172601055
-336,0.12889727463391693
-335,0.17590368408116266
-334,0.1918939782630026
-333,0.19727440852664077
-332,0.19908216234853313
-331,0.19968942801725167
-330,-0.11108143182311947
-329,-0.014906126324576214
-328,-0.6742758031708496
-327,-0.3770207129123049
-326,-0.006714473749068452
-325,-0.6839684449196621
-324,-0.3859690765936162
-323,-0.009973366689217654
-322,0.12886831313558067
-321,0.17607671358792154
-320,0.19196042004770186
-319,0.1972971110429829
-318,0.1990898067507287
-317,0.19969198614945535
-316,0.19989427484575986
-315,0.19996223140000116
-314,0.19998505958667798
-313,0.19999272072188398
-312,0.19999528732334873
-311,0.1999961568562759
-310,0.19999644894876775
-309,0.19999655031016536
-308,0.1999965841392413
-307,0.19999658691925049
-306,0.19999658691925049
-305,0.19999658691925049
-304,0.19999658691925049
-303,0.19999658691925049
-302,0.19999658691925049
-301,0.19999658691925049
-300,-0.3948210655528122
-299,-0.2109927176993037
-298,-0.3149860677318983
-297,-0.10384341540054848
-296,0.09198459500644167
-295,0.16344365483988355
-294,0.18770576042188306
-293,0.19586740919748255
-292,0.19860953556893315
-291,0.19953067023689566
-290,0.19984008457008576
-289,0.1999440233305911
-288,0.19997893218300303
-287,0.19999065918390865
-286,0.19999459944488387
-285,0.1999959225487463
-284,0.19999636253479988
-283,0.19999651958239095
-282,0.1999965756338159
-281,0.19999658691925049
-280,0.19999658691925049
-279,0.19999658691925049
-278,0.19999658691925049
-277,0.19999658691925049
-276,0.19999658691925049
-275,0.19999658691925049
-274,0.19999658691925049
-273,0.19999658691925049
-272,0.19999658691925049
-271,0.19999658691925049
-270,0.19999658691925049
-269,0.19999658691925049
-268,0.19999658691925049
-267,0.19999658691925049
-266,0.19999658691925049
-265,0.19999658691925049
-264,0.19999658691925049
-263,0.19999658691925049
-262,0.19999658691925049
-261,0.19999658691925049
-260,0.19999658691925049
-259,0.19999658691925049
-258,0.19999658691925049
-257,0.19999658691925049
-256,0.19999658691925049
-255,0.19999658691925049
-254,-0.4511722953569455
-253,-0.24992854514518884
-252,0.03835142450510703
-251,0.1452202831183819
-250,0.1815748889056492
-249,0.19380755209069303
-248,0.197917588349367
-247,0.1992982352424598
-246,-1.6447195403122077
-245,-1.0748302473608602
-244,-0.2580249822825814
-243,-0.7983923060988971
-242,-0.4347967159457322
-241,-0.0268498832179808
-240,0.12317738216618151
-239,0.1741640245227771
-238,0.19131787128837632
-237,0.19708125830274
-236,0.199017297107802
-235,0.19966763790020212
-234,0.19988610142228988
-233,0.19995947772351083
-232,0.19998412514012961
-231,0.1999924081283432
-230,0.1999951889764537
-229,0.19999612338469538
-228,0.19999643263918954
-227,0.010072309983563345
-226,0.06876842700578209
-225,0.152850088983024
-224,0.1840201728960638
-223,0.19462360360779188
-222,0.1981914720380201
-221,0.1993902205723134
-220,0.19979290562773425
-219,0.1999281698962447
-218,0.19997361085315082
-217,0.19998887209411817
-216,-0.7329304112461824
-215,-0.44460843141171225
-214,-0.031591481150900685
-213,0.12151889526381499
-212,0.17360393050750744
-211,0.19112959774998228
-210,0.1970180143608081
-209,0.19899605657853006
-208,-1.5488739341423858
-207,-1.0085344723567409
-206,-0.23420480703991872
-205,0.05285980397135246
-204,0.15051339621431364
-203,0.1833720002127284
-202,0.19441208598076898
-201,0.1981206894314207
-200,0.19936646050755472
-199,0.1997849243504384
-198,0.19992549569220286
-197,0.1999727130511135
-196,0.19998858245871176
-195,0.1999939048491175
-194,0.1999956877356779
-193,0.1999962900775172
-192,0.199996495189546
-191,0.19999656831543913
-190,0.19999658691925049
-189,-0.36129270555560605
-188,-0.18791074058631685
-187,0.06062920249313427
-186,0.15276947116005682
-185,0.1841137514561478
-184,0.19466051757351863
-183,0.19820411071047728
-182,0.19939448001477414
-181,0.19979433480818154
-180,0.19992865818524833
-179,0.028833239667788363
-178,0.08173934651164547
-177,0.1575103338711721
-176,0.18559938030728437
-175,0.1951547029061459
-174,0.19836989402453561
-173,0.19945015882940761
-172,0.19981303806284853
-171,0.19993494273105042
-170,0.19997588977484834
-169,0.19998963825607097
-168,0.19999426224090652
-167,-3.328828481116181
-166,-2.2859816830150517
-165,-0.6931947526971077
-164,-0.10267811334240069
-163,-0.44652312102148833
-162,-0.2105816042368068
-161,0.053286305635926755
-160,-0.2942327679442583
-159,-0.12387048762251963
-158,0.08402991505365859
-157,-0.3380962100197685
-156,-0.15786730357100978
-155,0.0717342786404757
-154,0.15654573698928895
-153,0.18538431967283323
-152,0.19508741764025717
-151,0.19834751271955833
-150,0.19944264559201796
-149,0.1998105173506816
-148,0.19993409026749046
-147,0.1999755989700772
-146,-2.361051695249451
-145,-1.5707416521242437
-144,-0.43622104928459154
-143,-0.015597862131645407
-142,0.1274905044712714
-141,0.175637125193989
-140,-1.3338412414019685
-139,-0.8569035496983396
-138,-0.505230161725423
-137,-0.15361874176812376
-136,0.0759077766620991
-135,0.1580726624145981
-134,0.18590294396158089
-133,0.1952618965990102
-132,0.19840614327407458
-131,0.199462346147109
-130,0.19981713642988388
-129,0.19993631545238452
-128,0.19997634750345614
-127,0.19998979752253274
-126,0.1999943087270185
-125,0.1999958246638014
-124,0.19999633749776405
-123,0.19999651072064847
-122,-2.0783996567239233
-121,-1.3746689061072475
-120,-0.365761154301344
-119,0.008279110531109078
-118,0.13552055367810384
-117,0.1783349280280447
-116,0.19272005011174573
-115,0.1975523160782914
-114,0.19917553585711523
-113,0.19972079825765124
-112,0.1999039621762139
-111,0.19996548188413985
-110,0.1999861388502965
-109,0.1999930845943997
-108,0.19999541910381557
-107,0.1999961992738026
-106,0.19999646161439288
-105,0.1999965531326325
-104,-0.24872554790239262
-103,-0.11004797965108552
-102,0.08860649045776274
-101,0.1622500989619799
-100,0.18730214326919606
-99,-0.3594189823003084
-98,-0.18503371497793045
-97,0.061700977205115214
-96,0.15313439143405924
-95,0.18423658403003138
-94,0.19470180839767814
-93,0.1982179915555775
-92,0.19939914205663414
-91,0.19979590581543558
-90,0.1999291768321918
-89,0.19997394376086008
-88,0.19998898073837804
-87,0.1999940285633435
-86,0.19999572740333058
-85,0.1999962970727337
-84,-1.1061070521575613
-83,-0.7026930100355622
-82,-0.12432967153538267
-81,0.0900926103921932
-80,0.16303503710862446
-79,0.18757881669307255
-78,0.1958252367445893
-77,0.19859538525913975
-76,0.19952591440345635
-75,0.19983848695734585
-74,0.19994348905547868
-73,0.1999787589949932
-72,0.19999061273024235
-71,0.19999459395191824
-70,0.1999959262980441
-69,0.1999963688155014
-68,0.19999652529163528
-67,0.1999965756338159
-66,0.19999658691925049
-65,0.19999658691925049
-64,0.19999658691925049
-63,0.19999658691925049
-62,0.19999658691925049
-61,0.19999658691925049
-60,0.19999658691925049
-59,0.19999658691925049
-58,0.19999658691925049
-57,0.19999658691925049
-56,0.19999658691925049
-55,0.19999658691925049
-54,0.19999658691925049
-53,0.19999658691925049
-52,0.19999658691925049
-51,0.19999658691925049
-50,0.19999658691925049
-49,0.19999658691925049
-48,0.19999658691925049
-47,0.19999658691925049
-46,0.19999658691925049
-45,-0.555526187974598
-44,-0.32203185169980614
-43,-6.450020504111134
-42,-4.8067658401361175
-41,-1.6731238157477275
-40,-0.4351157678057765
-39,-0.013613432250536737
-38,0.1282304283765933
-37,0.17588899840316122
-36,0.191898565932945
-35,0.19727637987365543
-34,-0.16615608420894748
-33,-0.05267218899469841
-32,0.10922711648784489
-31,0.16923806235346875
-30,0.18965226837396573
-29,0.19652126673550416
-28,0.1988291778630321
-27,0.19960444653811416
-26,0.19986487463779534
-25,0.19995235086762964
-24,0.1999817272811957
-23,0.1999916039333104
-22,0.19999491772506975
-21,0.19999603535576727
-20,-0.125580655035869
-19,-0.024970558892376944
-18,0.11917308864447419
-17,0.17260827783570887
-16,0.19078571791743473
-15,0.19690207308443394
-14,0.19895709202384934
-13,0.19964741234135616
-12,0.1998792947568601
-11,0.1999571933410238
-10,0.19998336025982644
-9,0.19999215165535644
-8,0.19999510160759967
-7,-0.1610605612832309
-6,-0.0494862965108604
-5,0.11036538166418715
-4,0.1696236658773985
-3,0.18978197075635192
-2,0.19656484777133906
-1,0.1988438100891519
0,0.19960935784662917
1,0.1998665208340674
2,0.1999529032983759
3,0.19998192034311355
4,0.05389940989890202
5,0.0990481964495391
6,0.1637290932789522
7,0.1877067882630695
8,0.19586344624655208
9,0.1986080110600669
10,0.1995301513806952
11,0.19983991169554496
12,0.19994396565625638
13,0.19997891016421035
14,0.19999065105347072
15,0.19999459941215983
16,0.1999959225487463
17,0.19999636253479988
18,0.19999651958239095
19,0.1999965756338159
20,0.19999658691925049
21,0.19999658691925049
22,0.19999658691925049
23,0.19999658691925049
24,0.19999658691925049
25,0.19999658691925049
26,0.19999658691925049
27,0.19999658691925049
28,0.19999658691925049
29,0.19999658691925049
30,0.19999658691925049
31,0.001728518991923669
32,0.06299740857117568
33,0.15077715695935978
34,0.18331781406469305
35,0.19438740288235815
36,0.19811211621580116
37,0.1993635686841968
38,0.19978395413646455
39,0.19992516199172264
40,0.19997260698006758
41,0.199988543805945
42,0.1999938933106353
43,0.19999568699251216
44,0.1999962900775172
45,0.199996495189546
46,0.19999656831543913
47,0.19999658691925049
48,0.19999658691925049
49,0.19999658691925049
50,0.19999658691925049
51,0.19999658691925049
52,0.19999658691925049
53,0.19999658691925049
54,0.19999658691925049
55,0.19999658691925049
56,0.19999658691925049
57,0.19999658691925049
58,-0.09010091837440563
59,-0.00045482449785294875
60,0.12798078971883484
61,0.1755929143060945
62,0.191789471243805
63,0.19723930445610968
64,0.1990703716193961
65,0.1996854671420951
66,0.19989208205224143
67,0.19996148973510916
68,0.19998480883422817
69,0.19999263656143287
70,0.19999526634885278
71,0.19999615092142473
72,0.19999644619932677
73,0.19999655002612263
74,0.1999965841392413
75,0.19999658691925049
76,0.19999658691925049
77,0.19999658691925049
78,0.19999658691925049
79,0.19999658691925049
80,0.19999658691925049
81,0.19999658691925049
82,0.19999658691925049
83,0.19999658691925049
84,0.19999658691925049
85,0.19999658691925049
86,0.19999658691925049
87,-2.0222023659607826
88,-1.3358053057132901
89,-0.351773013640857
90,0.0130197182051984
91,0.13711480607215223
92,0.1788705396683499
93,0.19289997108180815
94,0.19761275107407086
95,0.1365848479975181
96,0.15646471705640785
97,0.18436326104805575
98,0.19469926477618096
99,0.19821507746548972
100,0.19939807035507892
101,0.1997955402834448
102,0.0767941554644553
103,0.11489020635720437
104,0.1694211065425469
105,0.18963563848735854
106,0.19651213703401302
107,0.19882594759439112
108,0.19960335161733334
109,0.19986450338090656
110,0.19995222746113803
111,0.19998169329609175
112,0.19999159169538286
113,0.19999491206010234
114,-0.2111586172596571
115,-0.08409088047532075
116,0.09793214515267028
117,0.16541026372126486
118,0.18836494251472646
119,0.19608877243037767
120,0.19868389201782252
121,-0.19698051408129716
122,-0.07414985855983644
123,0.10150798424462408
124,-0.3530487854307853
125,-0.1703094497852274
126,0.06721901791189742
127,0.1550139709495458
128,0.18486912999355018
129,0.19491432843130352
130,0.1982893709757765
131,0.19942311841732438
132,0.19980395305172996
133,0.19993188374273763
134,0.19997485708013732
135,0.19998929103074525
136,0.1999941481325437
137,0.19999577936295213
138,0.19999631835396606
139,0.1999965018696138
140,0.19999657088248868
141,0.19999658691925049
142,0.19999658691925049
143,-0.033751063419704505
144,0.038481740267810885
145,0.14196947607506039
146,0.18033320364442793
147,0.19338365982147918
148,0.19777488417463496
149,0.19925028292892286
150,0.1371349366444027
151,0.15664949130105812
152,0.18442533098706496
153,0.1947201190066963
154,0.19822208689380716
155,0.1994004315361032
156,0.19979634349632988
157,0.19992933343119146
158,0.19997400253102596
159,0.19998900804251826
160,-0.5137871926704535
161,-0.2931914212524313
162,0.022808336993289186
163,0.13995323541011706
164,0.06919081253746741
165,0.11678133343129336
166,0.17025842303138206
167,0.1899260870726137
168,0.19661012182628143
169,-2.88718665437549
170,-1.9374499378801697
171,-0.5679464791761726
172,-0.29398756797092646
173,-0.0490327606058906
174,0.11256724965898901
175,0.1704563477920765
176,0.19006589619342382
177,0.19666040913603985
178,0.1988759237574583
179,0.19962015664056218
180,0.1998701436747565
181,0.19995411880096822
182,0.19998232165364196
183,0.19999179609961792
184,0.19999498625944598
185,0.1999960543453336
186,0.19999641538480073
187,0.19999654071032694
188,0.19999658089458175
189,0.19999658691925049
190,0.19999658691925049
191,0.19999658691925049
192,-0.071323753000363
193,0.012527779147901147
194,0.13264444672908357
195,0.17717313932949108
196,0.19232089353801707
197,0.19741783864280418
198,0.19913035354339623
199,0.1997056162194548
200,0.19989884919851975
201,0.19996376102033167
202,0.1999855663754028
203,0.19999288450891384
204,0.19999534756728676
205,0.19999617712386586
206,-0.35515427318097076
207,-0.183601127688625
208,0.06218219018182309
209,0.15329604341530187
210,0.18429087599390473
211,0.19472003882722552
212,0.19822411003300064
213,0.19940119936897094
214,0.19979659580109285
215,0.13314437916120112
216,0.15382695230602098
217,0.18340984230138768
218,-0.3626992657972241
219,-0.186906505415537
220,0.06103066867766984
221,0.1529073050927496
222,0.1841601861383975
223,0.19467612662753564
224,0.19820935308348409
225,0.19939624185551466
226,-0.10491866594679111
227,-0.010612988926444229
228,0.12433221939417755
229,0.17435645669990363
230,0.047365133836026224
231,0.09759691535661914
232,0.1632749756417106
233,0.18755570557702964
234,0.1958127682464645
235,0.19859098880540874
236,-0.7922154084606804
237,-0.7764625305841527
238,-0.160878265592453
239,0.07728077177772813
240,0.158707140016739
241,0.18612393214852033
242,0.19533648174280274
243,0.19843121248023735
244,-0.12809436860399992
245,-0.026572011337477292
246,0.11859677826159078
247,0.17241293621551632
248,0.19072000833243363
249,0.19687999449112167
250,0.1989496698367984
251,0.19964492660603383
252,0.19987846844084842
253,0.19995691490028178
254,0.19998326242775186
255,0.19999211923196888
256,0.19999509307434948
257,0.19999608525266013
258,0.19999642353365896
259,0.19999654155440436
260,0.19999658089458175
261,0.19999658691925049
262,0.19999658691925049
263,0.19999658691925049
264,0.19999658691925049
265,0.19999658691925049
266,-4.114588797713917
267,-2.952147264336181
268,-0.9325523328195814
269,-0.18378912942081196
270,0.07092641131065854
271,0.15663359291258114
272,0.1854301724477508
273,0.19510356572340556
274,0.1983529787391631
275,0.199444491433561
276,0.19981114178059836
277,0.19993429829043538
278,0.19997566588246185
279,0.19998957110778426
280,0.19999423967597893
281,-0.42821514331010196
282,-0.2340661193833525
283,0.04405032180390559
284,0.14715145386695586
285,0.1822243570757708
286,0.19402575037669578
287,0.1979908802402328
288,0.1993228518499585
289,0.19977027511640952
290,0.1999205653587455
291,0.1999710598268761
292,0.19998801288173243
293,0.19999371679677239
294,0.19999562978308602
295,0.19999627316793656
296,0.19999649111134596
297,0.19999656831543913
298,0.19999658691925049
299,-0.008711344473754932
300,0.05578986261695632
301,0.14818727606035637
302,0.18244009936503927
303,0.19409222158924347
304,-1.4858246675835203
305,-0.9643781275645561
306,-0.2183298648656915
307,0.058239918016729876
308,0.15232281419557667
309,0.18397988867285398
310,0.19461628141025003
311,0.19818927923220375
312,0.19938949481414212
313,0.19979266080171995
314,0.1999280871603182
315,0.1999735837086363
316,0.19998886241727698
317,0.19999399892391004
318,0.19999571704173044
319,0.19999629434996644
320,0.199996495189546
321,0.19999656831543913
322,0.19999658691925049
323,0.19999658691925049
324,0.19999658691925049
325,0.19999658691925049
326,0.19999658691925049
327,0.19999658691925049
328,0.19999658691925049
329,0.19999658691925049
330,0.19999658691925049
331,0.19999658691925049
332,-0.6492252765405523
333,-0.3869048431484075
334,-0.01086809675267938
335,0.12854138281795072
336,0.1759656767934665
337,0.19192306035030457
338,0.1972845535407519
339,0.19908559331461095
340,0.1996905758914128
341,0.19989379319519893
342,0.19996206265458405
343,0.1999849921859291
344,0.19999269111894954
345,-0.6575635326858041
346,-0.3926754072558016
347,-0.012940218601327267
348,0.12783913146919293
349,0.17572949144959218
350,0.19184370677113924
351,0.19725789080688683
352,0.199076632549518
353,0.07655265589442449
354,0.11480909480551447
355,0.16939385948189548
356,0.1896264870744299
357,0.1965090607346012
358,0.03603271396455631
359,0.08712174906221781
360,0.02379601550194062
361,0.09252184410949599
362,0.161699813801437
363,0.18703254255584215
364,0.19563730609148797
365,0.19853206167112483
366,-0.24504332372888113
367,-0.10732905970764091
368,0.08958718269470567
369,-0.07951860897482288
370,0.02013413999628622
371,0.13567044504638265
372,0.17821101625020272
373,0.19267049649380566
374,0.1975353140709958
375,0.19916981546927157
376,0.19971887695545562
377,0.19990330846544377
378,0.19996525579091398
379,-0.5052771236126002
380,-0.2874146545904431
381,0.02487949259623638
382,0.14065506635761796
383,0.18003958172980214
384,0.1932917484297448
385,0.19774431023835462
386,0.19924001815681383
387,0.19974245264198354
388,0.09347256778519392
389,0.12642099152428968
390,0.17356389632843885
391,0.19103949809575202
392,0.19698426543845426
393,-0.44152857324789124
394,-0.243028183458315
395,0.04082818038353737
396,0.14605973518541218
397,0.18185721505653962
398,0.19390240787136556
399,0.19794944571750894
400,0.1993089315849652
401,0.19976560574530997
402,0.19991900945526864
403,0.19997053649222618
404,0.19998784649386972
405,0.19999365240276035
406,0.19999560662250168
407,0.19999626530033512
408,0.19999649111134596
409,0.19999656831543913
410,0.19999658691925049
411,-0.12350068336752883
412,-0.023523842388620746
413,0.11969214244225784
414,0.1727840251833563
415,0.19084479724603232
416,0.19692192138253395
417,0.19896376648475775
418,-0.050799908086275276
419,0.026831903074123527
420,0.1377862349464416
421,0.17891563093907195
422,0.19290690717663106
423,-0.2970231519485382
424,-0.1425736638891279
425,0.07693960289611804
426,-0.07336846730472785
427,0.025903331229292056
428,0.1377767372705089
429,0.17892619712373392
430,0.19291108291578332
431,0.1976161458008886
432,0.1991969571290795
433,-2.7172370174527742
434,-1.816034459331077
435,-0.5243303050004059
436,-0.04545434255397487
437,0.11744962785594093
438,0.1722637575874627
439,0.1906806301353613
440,0.1968672505108244
441,0.19894541529962703
442,0.19964348864690654
443,0.19987798130949572
444,0.19995674878673295
445,0.19998320882609755
446,0.19999210220311328
447,0.19999508127796353
448,0.19999608176945483
449,0.19999642353365896
450,0.19999654155440436
451,0.19999658089458175
452,0.06016225889973945
453,0.10337805426742995
454,0.16528432671835422
455,0.18823373151584943
456,-0.3255574076206305
457,-0.1618282165099312
458,0.0700270529303813
459,0.15595533271359988
460,0.18518523075761353
461,0.19502050029117682
462,0.027188324563751327
463,0.0811831518170454
464,0.1573238253280118
465,0.18553681633813857
466,0.19513370722483173
467,-0.3380165705642066
468,-0.17116354728598496
469,-0.15039400616873752
470,0.004839418124655457
471,0.1309197828678104
472,0.1766328120454963
473,0.19214116850138
474,0.19735754477955134
475,0.199110098458697
476,0.19969881475122717
477,0.1998965694268382
478,0.19996299623407343
479,0.19998530624625302
480,0.19999279762951183
481,0.1999953190762206
482,0.19999617402654793
483,0.19999645528442256
484,0.19999655159009885
485,0.1999965841392413
486,0.19999658691925049
487,0.15199484194010068
488,0.1668283763522248
489,0.18808031723225327
490,0.19595858464597207
491,0.19863859157512057
492,-0.1886477332835819
493,-0.06838669311124503
494,0.10357861176428819
495,0.16732400292130264
496,0.1890085845730161
497,0.19630502279866904
498,0.1987565340720526
499,0.19958004738265137
500,0.1998566701032738
501,-0.3072107708559271
502,-0.15044166147627305
503,0.07409454879100373
504,0.1573324862736025
505,0.18564831661221123
506,0.19517607908589482
507,0.1983772939033819
508,0.19945265356185163
509,0.19981387519794147
510,0.19993521791372806
511,0.055967456916012105
512,0.10048698720027383
513,0.16424581929432105
514,0.18788182568274314
515,0.19592230994882254
516,0.1986277837467719
517,0.19953678740921912
518,0.19984213906318948
519,0.19994471424993696
520,0.19997917095758874
521,-0.5638803990713769
522,-0.32780214442687267
523,0.010373708087853019
524,0.13573954111233325
525,0.1783864434007282
526,0.1927363538395919
527,0.19755776085525203
528,0.03638882801806884
529,0.08723787596565201
530,0.15949241313888854
531,0.18627139152910235
532,0.19538072709898316
533,0.19844583194996382
534,0.19947566378895407
535,0.19982160113029224
536,-3.44209601575747
537,-2.509323210069907
538,-0.7745437436475539
539,-0.1302437591843224
540,-5.827505114997861
541,-4.295648034923965
542,-1.4222990833541307
543,-0.34983044461745494
544,0.015081734581816155
545,0.13787160410309848
546,0.17912767543684716
547,-0.028243917647186572
548,0.04478265707756434
549,0.14428768777096646
550,0.18112098598189086
551,0.1936486884882294
552,0.19786392921917698
553,0.19928019677393663
554,0.19975595199421795
555,0.19991576904027528
556,0.19996945300710037
557,0.1999874731379789
558,0.19999352656374403
559,0.19999556186008383
560,0.199996243392256
561,0.19999647888984484
562,0.1999965643831991
563,0.19999658571971055
564,0.19999658691925049
565,0.19999658691925049
566,0.19999658691925049
567,0.19999658691925049
568,0.19999658691925049
569,0.19999658691925049
570,0.19999658691925049
571,0.047639767862023785
572,0.09472563529211207
573,0.16217575914145568
574,-4.651695619068144
575,-3.2853563877098844
576,-1.052130236459935
577,-0.22430500400874986
578,0.057300915854477046
579,0.15205593232259326
580,0.1838924635608358
581,0.008836926129077868
582,0.06983543013861661
583,0.15327588471749098
584,0.18416626816952653
585,0.1946728166930339
586,0.19820799554831567
587,0.19939577625682023
588,0.19979476835239177
589,-0.7181334019140463
590,-0.4345149914449986
591,-0.02797241784625054
592,0.12274521807623127
593,0.17401637514236765
594,0.19126816026607577
595,-0.032514210647891575
596,0.040384241884192866
597,0.14267546476649476
598,0.18057328826597194
599,0.19346443639850178
600,0.197802025221638
601,0.19925940115518218
602,0.1997489648762255
603,0.1999134115033557
604,0.19996865364447491
605,0.19998720870487127
606,0.19999344131836794
607,-0.3529014797720585
608,-0.18213047775953162
609,0.06270194381007022
610,0.1534717679396799
611,0.18434993294610133
612,0.19473986944863864
613,0.19823076928290687
614,0.1994034362794025
615,0.19979735743293428
616,0.19992967352133606
617,0.1999741198787037
618,0.19998904389866964
619,0.19999405383078292
620,0.19999573680677293
621,0.19999629928975235
622,0.19999649625749027
623,0.19999656831543913
624,0.19999658691925049
625,0.19999658691925049
626,-2.5152731336030856
627,-1.7035325779809967
628,-0.48388691289298374
629,-0.16740658830461716
630,0.028322284982997326
631,0.14013571197724786
632,-0.2564106115242512
633,-0.10818802810233143
634,0.08943318959421166
635,0.16253697616332388
636,0.18739893091196888
637,-0.1672721655304357
638,-0.05233181718204327
639,0.10937092328920732
640,0.1692878253721463
641,0.08949149792571393
642,0.1273062803463161
643,0.17396230360871578
644,0.19117791737267517
645,0.19703097409361972
646,0.1990002638256646
647,0.19966191144848
648,0.199884171295841
649,0.19995883569227701
650,0.1999839153554672
651,0.19999233174703748
652,0.19999516821078908
653,0.1999961127552454
654,0.19999642776253554
655,0.19999654460568084
656,0.1999965830131131
657,0.05807519176472541
658,0.10193599216734978
659,0.16476623916171332
660,0.18805816630350533
661,0.1959816114905439
662,0.19864770632599138
663,0.1995434836291051
664,0.19984438680655428
665,0.19994546960226314
666,0.1999794253615185
667,0.19999083105907922
668,0.19999466645860242
669,0.1999959522627425
670,0.1999963762628765
671,0.03511721886948873
672,0.08607319724354129
673,0.15906718580699572
674,0.18612694732960974
675,0.1953321353881152
676,0.19842951043147483
677,0.19947018288261079
678,0.19981976901425788
679,0.19993719949531852
680,0.19997663672360888
681,0.19998989658073116
682,-5.156917937459968
683,-3.720354216825475
684,-1.2085301330805758
685,-0.27730875855223
686,0.039475122981932474
687,0.1460670907799715
688,-0.6132966304576023
689,-0.35551659027481186
690,0.0005587841092519006
691,0.1324196225361384
692,0.17727020319074205
693,0.19236133777475095
694,-0.19493916628289884
695,-0.07197364378094011
696,0.10230563016657167
697,0.16689313777400128
698,-0.49343238069982215
699,-0.27528636917849575
700,0.029323366762183372
701,0.1421646309339728
702,0.18054744288734612
703,0.1934623838458803
704,0.19780163929640573
705,0.19925927982817146
706,0.19974892477149916
707,0.1999133991876214
708,0.19996864093460684
709,0.19998719899890216
710,0.19999343898795197
711,0.19999553611206855
712,0.19999624267142832
713,-0.07757886209339349
714,0.008197728323972073
715,0.13108939620404603
716,0.17664631660454758
717,0.04187736987858807
718,0.09352735882933953
719,0.16180720042954855
720,0.18705814453831648
721,0.19564543081836547
722,0.19853477660444585
723,0.19950555169031373
724,0.19983164923126798
725,0.045500800291578186
726,0.09326288242979132
727,0.1616510122341771
728,0.18700261281260377
729,0.19562662875464876
730,0.19852844788259927
731,0.1995034211161567
732,0.049561187249030886
733,0.09611206090217957
734,0.16267516292512754
735,0.18734962298894153
736,0.1957433236446143
737,0.19856765779453886
738,0.19951658856193186
739,0.19983535042141987
740,0.1999424266102515
741,0.19997839536699194
742,0.19999048224651686
743,0.19999454314597528
744,0.1999959055441302
745,-0.14853806191236474
746,-0.04083359001308181
747,0.11347399319939687
748,0.17067706698364973
749,-0.08743910474181925
750,-1.412241852727946
751,-0.8491871028613424
752,-0.17551299952457158
753,0.0728093936180197
754,0.15722528233978741
755,0.1856270728955465
756,-0.4455638282824299
757,-0.24433966908949215
758,0.04039722449938344
759,0.14591515866349206
760,0.18180864788734294
761,0.19388608626544288
762,0.19794396557952235
763,0.19930709792333437
764,-0.7954092048748581
765,-0.487891096806442
766,-0.04715901509278352
767,0.11624323163537344
768,0.17182967853160044
769,0.19053350590610188
770,0.19681777286977917
771,0.19892879824286894
772,0.19963790740844536
773,0.19987610560246039
774,0.19995612140433036
775,0.19998299622842622
776,0.19999202512812853
777,0.024680394202542047
778,0.07886240486821798
779,0.15647658059020692
780,0.185249075353621
781,0.1950368945188609
782,-0.16064737464907272
783,-0.04859877958991152
784,0.11069651462542889
785,0.16973624787011762
786,0.18981982627655927
787,0.19657756415611438
788,0.19884808164101783
789,0.19961079530293035
790,0.19986700029487992
791,0.1999530617411209
792,0.19998197351564936
793,0.19999168318404847
794,0.19999495155765212
795,0.19999604331676232
796,0.19999641274759197
797,0.19999654071032694
798,0.19999658089458175
799,0.19999658691925049
800,-0.3175991682801181
801,-0.15763627946406086
802,0.07150939173839534
803,0.15645645221428794
804,0.18535370090052838
805,0.19507709567105594
806,0.19834405466888946
807,0.19944149095144778
808,0.19981012546383567
809,0.19993395843816197
810,0.19997555889898347
811,0.1999895314379703
812,0.1999942265809217
813,0.19999580292501332
814,0.1999963303808795
815,0.1999965095552493
816,0.19999657358132283
817,-1.749335510861867
818,-1.1468943682799024
819,-0.5656522523220885
820,-0.1586644262436141
821,0.07490607648542935
822,-0.6624546422973577
823,-0.3809308524545502
824,-0.008382827981071766
825,0.12939762222736093
826,0.17625424522181665
827,0.1398442168980555
828,0.16126471286426783
829,0.18614404708844323
830,0.19530510158028855
831,0.1984189315139437
832,0.1994665715659615
833,0.1998185522330741
834,0.1999367815502117
835,0.033010142940344406
836,0.08462442919463846
837,0.15854684834256447
838,0.18595062930130904
839,0.19527282911543578
840,0.19840958055433533
841,-0.0029832225776332054
842,0.059936956376416085
843,0.14968137649506233
844,0.18294658004998732
845,0.1942625541655589
846,0.19807016126760832
847,0.19934947438655157
848,0.19977921820356168
849,0.19992357808767558
850,0.19997206684322155
851,0.1999883576359249
852,0.1999938257578494
853,-0.5722181443891072
854,-0.3335723362114951
855,0.00830113880232639
856,0.13503731957394838
857,0.1781502991468589
858,0.19265701941911087
859,-0.6350132851366066
860,-0.3762034367324902
861,-0.00700132268707939
862,0.12985250586172542
863,0.17640664952664506
864,0.19207120487774618
865,0.19733431083540945
866,0.19910230663521086
867,0.1996961950441837
868,0.1998956850237131
869,0.09352403992519799
870,0.1264383062970939
871,0.1735697135898295
872,0.19104145005771836
873,0.19698492544033488
874,0.19898478152438945
875,0.19965670735708532
876,-0.20083680108315125
877,-0.07691874742521074
878,0.10050978234139198
879,-0.47027554074514355
880,-0.5183182241160448
881,-0.14641577299151232
882,0.07885369089068064
883,0.1590860352264368
884,0.18624440180517987
885,0.1953766321437479
886,0.19844468160287523
887,0.19947528424341412
888,0.1998214844218393
889,0.19993777811263527
890,0.19997683624248275
891,0.1999899544232352
892,0.199994360315746
893,0.19999584314853583
894,0.19999634216906526
895,0.1999965119407191
896,0.19999657358132283
897,0.19999658691925049
898,0.19999658691925049
899,0.19999658691925049
900,-0.9600881591525838
901,-0.6017632778436511
902,-0.088063509150768
903,0.102382214327985
904,-0.6363575443210093
905,-0.3662287064450572
906,-0.003174366053143817
907,0.13115947668172268
908,0.02240275033084815
909,0.08550605043522869
910,0.15904506284803815
911,0.18612716843862753
912,0.19533254262225766
913,0.19842966014561145
914,0.1994702372639617
915,0.1998197831950598
916,-1.0686136770786065
917,-0.6767580443694942
918,-0.115010640234323
919,0.09325061473542134
920,0.1640970986648784
921,0.1879356359122494
922,0.19594509571815996
923,0.19863564717102075
924,0.1995394330647109
925,0.19984302651630514
926,0.19994500811521645
927,0.19997926933849697
928,0.19999077855094427
929,-0.6470992674862894
930,-0.3854560255029556
931,-0.010349403231014525
932,0.12871699318473265
933,0.17602471592791247
934,0.19194288701687334
935,0.1972912004072814
936,0.19908782311195675
937,0.19969133824380103
938,0.1998940565812158
939,-2.093932603785296
940,-2.7031034572994947
941,-0.8972271031101648
942,-0.1739566709706922
943,0.07413670708932645
944,0.1577077553985323
945,0.18579080971463754
946,0.18058926505123385
947,-0.20461910889304433
948,-0.012056963182561733
949,0.12530390821475615
950,0.17474908954752755
951,0.19150851692600812
952,0.19714503409818127
953,0.015375742425910754
954,0.07277288024024083
955,0.15429627520597733
956,0.18451055835088204
957,0.1947885467888233
958,0.05632546356044499
959,0.10134822482302264
960,-0.15266018384382024
961,-0.03120688309467538
962,0.11720820352758048
963,0.17195417286078607
964,0.19056627538241577
965,0.19682837094278216
966,0.19893234122321457
967,0.19963910845194285
968,0.1998765160442698
969,0.1999562610827608
970,-0.029595711771489702
971,0.04136460295702186
972,0.14300479494107454
973,0.18068391801219139
974,0.19350158887124358
975,0.19781451280694962
976,-1.1026857899619749
977,-0.7000614782404305
978,-0.12337636654791995
979,0.09041600110113418
980,0.16314382053338386
981,0.18761537332950048
982,-0.12557269485532685
983,-0.02347888380237823
984,0.11974092240642425
985,0.1728019309604484
986,0.19085088530205851
987,0.19692397493509892
988,0.198964451172972
989,0.19964988503038036
990,0.15605246854581514
991,0.16967345736489728
992,0.18910337469109118
993,0.19630530343212513
994,0.19875519436109212
995,0.19957953866031394
996,0.19985649664196561
997,0.19994953548156136
998,-0.014988412322914327
999,0.05145832303521291
1000,0.1466311888330497
1001,0.18191279174330396
1002,0.19391487367534574
1003,-0.8410753553481877
1004,-0.5187993948264306
1005,-0.058244147271031804
1006,0.11248761020384586
1007,0.17056666808651555
1008,0.19010918233485744
1009,0.19667523462451594
1010,0.19888090940235834
1011,-0.13639803096526903
1012,-0.032302242357545925
1013,0.11654122313032883
1014,0.171716387342064
1015,0.19048573759512377
1016,0.19680128874695393
1017,0.19892323189897088
1018,0.19963603753232903
1019,0.1998754786185332
1020,-0.21119874066101188
1021,-0.08410437591526444
1022,0.09792759475020901
1023,0.16540872413377375
1024,0.18836442318566982
1025,0.19608860252455618
1026,0.19868383938454717
1027,0.19955562535449567
1028,-1.4233240156221483
1029,-0.9218977194587077
1030,-0.20309538602953728
1031,0.06340122854277876
1032,0.15405851805632556
1033,0.1845630265218677
1034,0.19481217749579247
1035,0.19825508043189763
1036,0.1994116056999098
1037,0.1998000891007056
1038,0.19993058438868827
1039,-0.23204123589717154
1040,-0.09852480863208747
1041,0.09274756781847965
1042,0.1636535951030014
1043,0.18777419323145764
1044,0.19589031006367422
1045,0.1986172231135271
1046,0.19953324834563302
1047,0.19984095730106863
1048,0.19994431970588442
1049,0.1999790384094066
1050,0.19999069367174968
1051,0.19999461170145513
1052,0.19999593013656247
1053,0.19999636985912436
1054,0.19999652529163528
1055,0.1999965756338159
1056,0.19999658691925049
1057,0.02676899528595368
1058,0.08030499241692278
1059,0.15699484637037853
1060,0.18542469789570823
1061,0.19509595138641647
1062,0.1983501583504568
1063,0.1994435345365582
1064,0.0036253398603482436
1065,0.06437983359229692
1066,0.1512748455374752
1067,0.04365210568736937
1068,0.09782555579629304
1069,0.16341889011097355
1070,0.18760709980430476
1071,0.1958301631389393
1072,0.19859683395140237
1073,0.19952639123044968
1074,0.19983865224511507
1075,0.19994354011491833
1076,0.1999787691068178
1077,0.19999061273024235
1078,0.19999459395191824
1079,0.1999959262980441
1080,0.1999963688155014
1081,0.19999652529163528
1082,0.1999965756338159
1083,0.19999658691925049
1084,0.19999658691925049
1085,0.19999658691925049
1086,0.19999658691925049
1087,0.19999658691925049
1088,0.19999658691925049
1089,0.19999658691925049
1090,0.19999658691925049
1091,0.19999658691925049
1092,0.15199484194010068
1093,0.1668283763522248
1094,0.18808031723225327
1095,0.19595858464597207
1096,0.19863859157512057
1097,0.19954035467485484
1098,0.1998433421974436
1099,0.19994511870919496
1100,0.19997931246801637
1101,0.19999079018859722
1102,0.19999464826424193
1103,0.19999594626044834
1104,0.19999637563459313
1105,0.19999652529163528
1106,0.1999965756338159
1107,0.19999658691925049
1108,-3.663371423814581
1109,-2.5628260468401005
1110,-0.7926678733388228
1111,-0.13638652204267787
1112,0.08686831284934433
1113,0.16198949637923857
1114,0.18722932061109634
1115,0.032915707762170995
1116,0.08607470898519361
1117,0.15910139079550611
1118,0.12352898336324653
1119,0.152073669023595
1120,0.18288802085952938
1121,0.19420370818741173
1122,0.19804862371255919
1123,0.19934215616980688
1124,0.1997767531273127
1125,0.19992274798538104
1126,0.1999717952047215
1127,-0.5678137335180996
1128,-0.330659700093726
1129,0.009337477262576178
1130,0.13538822560422345
1131,0.1782683051730035
1132,0.19269665810998735
1133,0.1975444197086336
1134,0.19917288674879993
1135,0.19971990322912336
1136,0.19990365605724533
1137,-0.021265023228749735
1138,0.047126950055731066
1139,0.1450751879292143
1140,0.18138552595274085
1141,0.19373755054536265
1142,0.19789378983810815
1143,0.19929023465410714
1144,0.19975932320170373
1145,0.1999168943547367
1146,0.19996982624677417
1147,0.19998760545735725
1148,0.19999357154688022
1149,0.199995576853933
1150,0.19999624875133518
1151,0.19999647888984484
1152,0.1999965643831991
1153,0.19999658571971055
1154,0.19999658691925049
1155,0.19999658691925049
1156,0.19999658691925049
1157,0.19999658691925049
1158,0.19999658691925049
1159,0.19999658691925049
1160,0.19999658691925049
1161,0.19999658691925049
1162,0.19999658691925049
1163,0.19999658691925049
1164,0.19999658691925049
1165,0.19999658691925049
1166,0.19999658691925049
1167,0.19999658691925049
1168,0.19999658691925049
1169,0.19999658691925049
1170,0.19999658691925049
1171,-3.5023540945575355
1172,-2.402820069839083
1173,-0.7351616991089914
1174,-0.11689911598593782
1175,0.0934221218475173
1176,0.1641913479141269
1177,0.18796896437354904
1178,0.1959563666616363
1179,0.19863943410769191
1180,0.13901676494450238
1181,0.1580226697237072
1182,-1.9125943162093388
1183,-1.2543901542283866
1184,-0.3224055217529164
1185,0.022976366558181933
1186,0.14046351988686795
1187,0.17999559805040422
1188,0.19327790607283826
1189,0.1977397107238725
1190,0.19923848454589768
1191,-1.580108800455277
1192,-1.0301443856235857
1193,-0.2419667012860481
1194,0.05022951271660464
1195,0.14962881313081686
1196,0.18307481030463135
1197,0.19431226144930855
1198,0.1980871618873369
1199,0.19935519952282746
1200,-0.48686803897081227
1201,-0.2745160295519303
1202,0.029519512397989837
1203,0.14222750687691346
1204,0.18056839689241633
1205,0.19346940467393547
1206,0.19780400330803746
1207,0.19926008144986718
1208,0.19974919202691424
1209,0.19991348247896903
1210,-0.4866804067724098
1211,-0.27445303339048505
1212,0.029540676207928763
1213,0.1422346065100529
1214,0.18057078690941264
1215,0.19347021297999958
1216,0.19780426899580117
1217,0.19926016804859112
1218,0.19974922579227797
1219,0.19991350361047278
1220,0.19996868592661018
1221,0.1999872173735822
1222,0.01841753867044617
1223,0.07453567457422484
1224,0.15492211934489866
1225,0.18472231790844643
1226,0.19485974299929587
1227,0.19827080152847776
1228,0.19941688573993635
1229,0.19980186559404955
1230,-4.501206971137869
1231,-3.229095854100093
1232,-1.0320360781264537
1233,-0.21750052652396015
1234,0.05958907362079128
1235,0.15282464528102827
1236,0.10484345318099247
1237,0.13987410276640186
1238,0.17852082721117965
1239,0.19272447754501287
1240,0.19755117243043044
1241,0.19917503389164506
1242,0.19972062606873087
1243,0.19990390023906587
1244,0.1999654584629548
1245,0.19998613147712652
1246,0.1999930844361473
1247,0.19999541910381557
1248,0.1999961992738026
1249,0.19999646161439288
1250,0.1999965531326325
1251,0.1999965841392413
1252,0.19999658691925049
1253,0.19999658691925049
1254,0.19999658691925049
1255,0.19999658691925049
1256,0.19999658691925049
1257,-3.5256978903663523
1258,-8.919522423940839
1259,-3.931374191936668
1260,-1.4498352081872108
1261,-0.43394554351171916
1262,-0.01657696701200402
1263,0.1270823173995155
1264,0.17549639078948923
1265,0.1917663710704169
1266,0.19723196353411562
1267,0.19906792222493788
1268,0.19968463355210586
1269,-0.46169750671468207
1270,-0.25718323264013604
1271,0.03574725897191091
1272,0.14433817476987287
1273,0.18127828450021014
1274,0.1937079115756802
1275,0.19788411740228343
1276,-2.2064249200959467
1277,-1.4628321030180056
1278,-0.39744810971848993
1279,-0.002457730773376552
1280,0.13190976571004967
1281,0.17712185223033838
1282,0.19231255574967288
1283,0.1974154333089239
1284,0.1991295573370753
1285,0.19970535187614458
1286,-2.9368880368438948
1287,-1.9717180002304433
1288,-0.5802639016208081
1289,-0.06440885109624293
1290,0.11107502797645623
1291,0.17012210737900857
1292,0.18996120702630867
1293,0.19662559081193334
1294,0.19886423783398466
1295,0.19961622382163272
1296,0.19986881656989
1297,0.19995366935460665
1298,0.19998218383462985
1299,0.1999917570917916
1300,0.19999497313914327
1301,0.1999960504977812
1302,0.1999964137961344
1303,0.19999654071032694
1304,0.19999658089458175
1305,0.19999658691925049
1306,0.04973023981133614
1307,0.09616564924607879
1308,0.1626934559729051
1309,0.1873558422670175
1310,0.19574542703863426
1311,0.19856836769837996
1312,0.19951683446032
1313,0.19983543909131962
1314,0.19994245690139043
1315,0.19997839685363428
1316,0.19999048587113288
1317,0.19999454362184196
1318,0.1999959055441302
1319,0.19999636068473436
1320,0.19999651958239095
1321,0.1999965756338159
1322,0.19999658691925049
1323,0.19999658691925049
1324,0.19999658691925049
1325,0.19999658691925049
1326,0.19999658691925049
1327,0.19999658691925049
1328,0.19999658691925049
1329,-0.5701358490643551
1330,-0.3321264771128218
1331,0.00882003255259218
1332,0.13521304520717015
1333,0.17820937473761989
1334,0.19267686466902448
1335,0.197537767761386
1336,0.05933945764264196
1337,0.1030986688914579
1338,0.16519074591956928
1339,0.18820236806852644
1340,0.19603013362112487
1341,-0.04552430162806939
1342,0.030827068206889546
1343,0.13922931749640366
1344,0.17940497041575043
1345,-2.951088227263256
1346,-1.9812123571018014
1347,-0.5836242022288246
1348,-0.06554534913821543
1349,0.11069291070634475
1350,0.16999373090068512
1351,0.1899180845058114
1352,0.19661109726508272
1353,0.1988593710702845
1354,0.19961458873582186
1355,0.19986827213845584
1356,0.19995349416140373
1357,0.1999821121944048
1358,0.19999172329998224
1359,0.1999949606404491
1360,0.19999604789657144
1361,0.1999964137961344
1362,0.19999654071032694
1363,0.19999658089458175
1364,0.19999658691925049
1365,0.19999658691925049
1366,0.19999658691925049
1367,0.19999658691925049
1368,0.19999658691925049
1369,0.19999658691925049
1370,0.19999658691925049
1371,0.19999658691925049
1372,0.19999658691925049
1373,0.19999658691925049
1374,0.19999658691925049
1375,0.19999658691925049
1376,0.19999658691925049
1377,0.19999658691925049
1378,0.005902561095853474
1379,0.06588159831665613
1380,0.15181335718939024
1381,-0.32959247481973364
1382,-0.16022568962514958
1383,0.0707009641739125
1384,0.15618783205429798
1385,0.1852636166516105
1386,0.19504684514248097
1387,0.19833388090378756
1388,0.1994380659242243
1389,-0.48039171629059735
1390,-0.2701650659929033
1391,0.031076804720270967
1392,0.1427551513372228
1393,0.18074586448923624
1394,0.19352903124375606
1395,0.19782401685841663
1396,0.19926679583023402
1397,0.19975144403095837
1398,0.1999142485964275
1399,0.19996894246952557
1400,0.1999873082004486
1401,0.19999347966373204
1402,0.19999554975740844
1403,0.199996243392256
1404,0.19999647888984484
1405,0.1999965643831991
1406,0.19999658571971055
1407,0.19999658691925049
1408,0.19999658691925049
1409,0.19999658691925049
1410,0.19999658691925049
1411,0.19999658691925049
1412,0.19999658691925049
1413,0.19999658691925049
1414,-0.19642401398059187
1415,-0.0739825892234629
1416,0.10155893406614817
1417,0.166639183263277
1418,0.1887782378253153
1419,0.1962276237509344
1420,0.19873052883710732
1421,0.19957131849099977
1422,0.19985375049609969
1423,0.19994861357423788
1424,0.19998048155806505
1425,0.19999118367501287
1426,0.19999478143131189
1427,0.1999959877849309
1428,0.1999963875042604
1429,0.19999652708843532
1430,0.19999657828416606
1431,0.19999658691925049
1432,0.19999658691925049
1433,0.19999658691925049
1434,0.19999658691925049
1435,0.19999658691925049
1436,0.19999658691925049
1437,0.19999658691925049
1438,0.19999658691925049
1439,0.19999658691925049
1440,0.19999658691925049
1441,0.03303023139671959
1442,0.0846311921387261
1443,0.15854912303068058
1444,0.18595139082298417
1445,0.1952730878937111
1446,0.19840966854968192
1447,0.19946352054246733
1448,0.04537711809275305
1449,0.09322131204122631
1450,0.16163704295440096
1451,0.18699792362144027
1452,0.19562505671220856
1453,-1.8815723649802398
1454,-1.2381398484551378
1455,-0.31670692318408156
1456,0.024902292989408974
1457,0.14111104483675127
1458,-5.97154890522125
1459,-4.407088694762177
1460,-1.460760598529135
1461,-0.36292230756427246
1462,0.010676301254110723
1463,0.009079570117347295
1464,0.09066432173286405
1465,0.16121575123326956
1466,0.18687623903138717
1467,0.195585074607359
1468,0.19851453789197648
1469,0.19949875788333757
1470,-0.09027467816318413
1471,-0.0005069903007144256
1472,0.12796274007539699
1473,0.17558671147812321
1474,0.19178736814516353
1475,0.19723859361487886
1476,0.1990701340438912
1477,-0.7728555543884275
1478,-0.8431895715005641
1479,-0.26017862359473076
1480,-0.3060258512934399
1481,-0.09321382788003758
1482,0.09590161924251134
1483,0.16477520716198393
1484,0.1881537696809705
1485,0.19601793287319322
1486,0.1986601003723055
1487,0.19954764898386412
1488,0.19984578848360735
1489,0.19994593876117514
1490,0.1999795775361799
1491,0.19999087039542063
1492,0.19999467624742295
1493,0.1999959589697925
1494,0.1999963784987637
1495,0.19999652529163528
1496,0.1999965756338159
1497,0.19999658691925049
1498,0.19999658691925049
1499,0.19999658691925049
1500,0.19999658691925049
1501,0.19999658691925049
1502,-0.008711344473754932
1503,0.05578986261695632
1504,0.14818727606035637
1505,0.0008682880852250401
1506,0.06862983711081168
1507,0.15293831205395167
1508,0.18405601614472164
1509,0.1946359374277921
1510,0.006489137395863108
1511,-0.2937974563837077
1512,-0.04603922328829444
1513,0.10013649767127075
1514,0.16567000513807018
1515,0.1884303480417576
1516,0.19610975893882876
1517,0.1986908999706296
1518,0.19955799417169018
1519,0.19984926758230423
1520,0.1999471124820762
1521,0.19997998081230994
1522,0.1999910142042114
1523,0.19999471712962422
1524,0.19999597088324617
1525,0.19999638522924523
1526,0.1999965271378765
1527,0.19999657828416606
1528,-0.025407989167391083
1529,0.04425331508149433
1530,0.14404252865128483
1531,0.18103557578379117
1532,0.19361986275381102
1533,0.19785424444349245
1534,0.19927694116069575
1535,0.19975484747561345
1536,0.19991539217429385
1537,0.022567532386181505
1538,0.07741167559904044
1539,0.15595557406683896
1540,0.18507252411409778
1541,-0.0032906067394444616
1542,0.061311154700811166
1543,0.1502107079965405
1544,0.1831275421236315
1545,0.19432349806164564
1546,0.19809065031074127
1547,0.19935635631100376
1548,0.19978153117326378
1549,0.19992435300385972
1550,0.1999723284290362
1551,0.19998844513761807
1552,0.1999938623815318
1553,0.19999568364620957
1554,-0.3028288587291929
1555,-0.14752328570942277
1556,0.07513621426636949
1557,0.15768535585699625
1558,0.18576699660335202
1559,0.1952159498807223
1560,0.19839068981531982
1561,0.1994571490896716
1562,0.19981538929734322
1563,0.19993572434179707
1564,0.19997614515829873
1565,0.19998972822801406
1566,0.19999428828212495
1567,-0.32386117470887305
1568,-0.1619626755094509
1569,0.06995504581970816
1570,0.15592973133585505
1571,0.18517656288489667
1572,0.19501759291564794
1573,0.19832405944299145
1574,0.1994347680728428
1575,0.19980786974727985
1576,0.11645188030804728
1577,0.142291425623245
1578,0.17926546802800444
1579,0.19297155804857494
1580,0.19763402996551652
1581,0.19920285788736192
1582,0.19972996277758873
1583,0.19990702834841448
1584,0.19996650423814596
1585,-1.5754759478934286
1586,-1.0271083525176907
1587,-0.24090033207518738
1588,0.050590194747225696
1589,0.1497500388726806
1590,0.0808509439310569
1591,0.12366322045424662
1592,0.1727049066740319
1593,0.19075401655434432
1594,0.196888509136617
1595,-1.309545672779331
1596,-1.2856514049144951
1597,-0.34908343699580396
1598,0.01327998436441006
1599,0.13717305299666108
1600,-3.315442707657733
1601,-2.7560561793105176
1602,-0.8756213586735933
1603,-0.16507215883733434
1604,0.07719519156395578
1605,0.15873851724619473
1606,0.1861372027511087
1607,0.1953410623050119
1608,0.19843274687775117
1609,0.19947128106276713
1610,0.1998201391808718
1611,0.19993732547364065
1612,0.1999766885016482
1613,0.19998991361925902
1614,0.19999434491671064
1615,0.1999958377735298
1616,0.19999634030990443
1617,0.1999965119407191
1618,0.19999657358132283
1619,0.19999658691925049
1620,0.19999658691925049
1621,-0.14018974574688856
1622,-0.03506521685385519
1623,0.1155463912192839
1624,0.17137933128297525
1625,0.19037241268379526
1626,0.19676321672343164
1627,0.1989104442554721
1628,0.19963174443537354
1629,0.1998740412144228
1630,0.19995543026831772
1631,0.19998276828049877
1632,0.19999195498320058
1633,0.19999503454428483
1634,0.19999606612390433
1635,0.19999642061908765
1636,0.1999965409814881
1637,-0.0713237654119492
1638,0.012527771741282848
1639,0.13264444672908357
1640,0.1771731352419084
1641,-3.9516117481022923
1642,-2.2925379245761417
1643,-0.685947456797687
1644,-0.09981420748714749
1645,0.09918627416983643
1646,-0.3389445180396753
1647,-0.1603606377548158
1648,0.07079633746319101
1649,0.1562261084642077
1650,0.1852767415221027
1651,0.1950512677370737
1652,0.19833537964186812
1653,0.19943857941060994
1654,-0.5763707628853068
1655,-0.3364979128224999
1656,0.0072444515557498245
1657,0.13467912389857176
1658,0.1780298364844447
1659,0.1926165421784074
1660,0.19751750929605782
1661,0.1991638482030892
1662,0.041102407978175035
1663,0.0903033153460124
1664,0.16058949125891586
1665,0.18664297587727596
1666,0.19550568017998257
1667,0.055680003830666513
1668,-0.6057026131619587
1669,-0.16267634454831342
1670,0.0739865799948597
1671,0.15747817491006194
1672,0.1857055316951405
1673,-0.40100913396866655
1674,-0.6964927657456564
1675,-0.14524441570719873
1676,0.08202173675688863
1677,0.16027644588964007
1678,0.18665002090587965
1679,0.1955131492676722
1680,0.19849054739317737
1681,0.19949070130671676
1682,0.19982665467679175
1683,0.19993951440071492
1684,0.199977420841428
1685,0.1999901496030907
1686,0.19999442853565708
1687,0.19999587003472966
1688,0.19999635234172863
1689,0.19999651467389876
1690,0.19999657382854183
1691,0.19999658691925049
1692,0.19999658691925049
1693,-0.3883582972272843
1694,-0.20663938864079337
1695,-3.21877613535792
1696,-2.119256820135331
1697,-0.632133899740537
1698,-0.08193761394994872
1699,0.10518215882675713
1700,0.16814241308687183
1701,0.18929620218303525
1702,0.19640221075744205
1703,0.19878920465757707
1704,0.19959101586682146
1705,0.19986035538958913
1706,0.19995082943165265
1707,0.1999812222615253
1708,-0.04445158371200326
1709,0.05602973376028552
1710,0.14882446298060525
1711,0.18267943691220104
1712,0.19417376847276094
1713,0.19804038679982625
1714,0.19933948007223026
1715,0.19977586336540235
1716,0.19992244771128123
1717,0.19997169138987123
1718,0.19998823924666345
1719,0.1999937941671616
1720,0.0497259372874276
1721,-0.007276018102810296
1722,0.0074677337156671755
1723,0.1275685831516323
1724,0.175314602496448
1725,0.19168960858015607
1726,0.19720546536268904
1727,0.1990589997485875
1728,0.19968164304185854
1729,-0.8060815292562404
1730,-0.4951156130329277
1731,-0.04973641126318425
1732,0.11537018919763688
1733,0.1715360654157424
1734,0.19043485749720557
1735,0.19678464058766246
1736,0.19891766519948592
1737,0.19963417742845035
1738,0.19987486111007158
1739,-0.011836034812565214
1740,-0.5706929240854327
1741,-0.12920100113028218
1742,0.08621856064665184
1743,0.16163191129300566
1744,0.18710286564693604
1745,0.19566515827587816
1746,0.1985416045141466
1747,0.19950785184805098
1748,0.19983242850489866
1749,0.19994144585328122
1750,0.19997806630054038
1751,0.19999036840457465
1752,0.19999450788310758
1753,0.19999589157701822
1754,0.19999635683700479
1755,0.17302788395006144
1756,-0.07767257582571102
1757,0.06635119460703175
1758,0.15326806622029782
1759,0.1842164991664947
1760,0.19469209598196677
1761,0.19821458874580503
1762,-0.8062714455214892
1763,-0.4952505953099832
1764,-0.04979193229496039
1765,0.11535139067731437
1766,-0.20472549021314077
1767,-0.26200565729074443
1768,0.026420788222020233
1769,0.14085466820815734
1770,0.033996593303709
1771,0.09236402421096877
1772,0.1614834524480926
1773,0.18695238052243857
1774,0.19561002354327675
1775,0.19852288134250307
1776,0.1995015567710333
1777,0.199830301314225
1778,0.19994073405064008
1779,0.19997783392710688
1780,0.19999029664794787
1781,0.19999448453834476
1782,0.1999958872791605
1783,-1.7920852484612857
1784,-3.8814611745285
1785,-1.4760962345332935
1786,-0.5478032647646129
1787,-0.11322575107529882
1788,0.09196183409608093
1789,0.16357830901570727
1790,0.1877574708244241
1791,0.1958850851397539
1792,0.19861548753299774
1793,0.19953266887712676
1794,0.19984076211189536
1795,0.1999442536504186
1796,0.05597054287211614
1797,-0.05395585274210071
1798,0.057533170333730045
1799,0.14954303441559938
1800,0.182930524987483
1801,0.19425853532707024
1802,0.198068870841958
1803,0.1993490466514354
1804,0.19977907660761582
1805,0.1999235313659478
1806,0.19997204914757713
1807,0.19998834961671585
1808,0.1999938251882879
1809,-3.7460594985266495
1810,-2.577328269914488
1811,-0.7978522621310221
1812,-0.13814267929663673
1813,0.086277768171291
1814,0.16179111482761013
1815,-3.7195225731193093
1816,-4.816199118230456
1817,-1.694761300858329
1818,-0.44578992672279005
1819,-0.01735374001517426
1820,0.12696700235489514
1821,0.06067750904620837
1822,0.06629676835669611
1823,-0.306481259464199
1824,-0.03936310976835306
1825,0.11644405183094643
1826,0.17178726744790263
1827,0.19051426705275068
1828,0.19681108122307756
1829,0.19892653240014233
1830,0.19963714752186132
1831,-2.500562239822617
1832,-1.6717040282322142
1833,-0.4724999537798466
1834,-0.02789177363624012
1835,-1.8545866049013713
1836,-1.1927674379406812
1837,-0.2998050392503578
1838,0.030655116346076094
1839,0.14304691097478203
1840,0.18086357359119262
1841,0.19356946791979948
1842,0.1978376464798616
1843,0.1992713831037064
1844,0.19975298382542028
1845,0.19991476760851476
1846,-0.0024776137494068196
1847,0.06010677078109595
1848,0.14973841620365816
1849,0.182965736631905
1850,0.19433272756207745
1851,0.19785919183986325
1852,0.1915541054048052
1853,0.01098643043725867
1854,-0.02296051228045673
1855,0.11802235741010382
1856,0.12816703548281475
1857,-0.05767292700421894
1858,0.08780916437620578
1859,0.162295881731692
1860,0.18794929125396068
1861,0.10767201227901195
1862,-0.7006053344809421
1863,-0.2955831451435856
1864,0.033565922259708295
1865,0.149773953129815
1866,0.1841336900908536
1867,0.19533036572631293
1868,0.1989946649188998
1869,0.20019628757731767
1870,0.2005913765442926
1871,0.20072024968554805
1872,0.19455089571102238
1873,-0.044495555579645574
1874,0.10627136509163145
1875,0.12071375381982573
1876,0.13286210517804264
1877,0.17654162760019468
1878,0.19277966006086625
1879,0.19536708546969458
1880,0.14762514249610778
1881,0.14646902134808507
1882,0.19742567432864155
1883,-0.5166738524703293
1884,-1.9623399630672784
1885,-0.6789868332554465
1886,-0.11818359441225357
1887,-0.035164516745328486
1888,0.13785162050191493
1889,0.19241879437268436
1890,0.010365195993265597
1891,-0.13277255841490299
1892,0.06530614299336725
1893,0.1980135869623512
1894,0.19861739930171676
1895,0.19866010506797047
1896,0.1985282343900748
1897,0.19833747595498644
1898,0.1981216932319948
1899,0.19789050209130865
1900,0.1976464182067943
1901,0.19742064431322714
1902,-0.03853800069623467
1903,-0.7469856053462377
1904,-0.2921984129724888
1905,0.07435009486063476
1906,0.17925182543389254
1907,0.017017952475238466
1908,0.12999083766124317
1909,0.19561013824960985
1910,0.195365312149685
1911,0.19511636146695563
1912,-0.3874246201457883
1913,-0.2953870767088629
1914,0.006094918526891699
1915,0.16808683861473908
1916,0.19340605445367212
1917,0.19353431159105858
1918,0.1932585314106259
1919,0.19297664610988727
1920,0.1926906936897708
1921,0.19240060537896475
1922,0.05342257562888677
1923,0.11771027094338854
1924,0.19150564119433322
1925,0.19119906519596194
1926,0.19088842152940644
1927,0.1905736217731063
1928,0.15186060144267666
1929,-0.03680913681160123
1930,0.1896045873445277
1931,0.1892733536104584
1932,0.0037108814383134668
1933,0.15050761594998757
1934,0.18825493143190916
1935,0.1879072453712289
1936,0.18755542984009724
1937,0.18719950496933055
1938,0.18683945588645487
1939,0.1864752991910371
1940,0.18610702356553813
1941,0.18573464774363221
1942,0.18535812342766345
1943,0.184977504073129
1944,0.18459276475203937
1945,0.18420394208690458
1946,0.18381095257005156
1947,0.18341387950952984
1948,0.18301269790019
1949,0.1826073807712071
1950,0.18219797245860794
1951,0.18178442675750547
1952,0.18136677294480388
1953,0.1809450204823658
1954,0.18051912370568454
1955,0.18008912182553358
1956,0.17965502633977518
1957,0.17921678345275296
1958,0.1787744492695583
1959,0.1783279969910473
1960,0.17787744288706628
1961,0.16628931942484632
1962,-0.02438296699886422
1963,-0.912732775516345
1964,-0.665329647600748
1965,-0.3449133454216356
1966,0.10873428897469685
1967,-0.1518409822560399
1968,-0.0350094382496843
1969,0.05140226788955506
1970,0.04726423709053912
1971,-0.08989046755959439
1972,0.02560562759968647
1973,0.15606268371730023
1974,0.024223704384120682
1975,-0.22308242887519145
1976,0.0369543119418406
1977,0.12160163156166459
1978,0.14658828239996582
1979,0.1311457836329557
1980,0.08595472695411333
1981,0.05391234781801923
1982,-0.2917651254478974
1983,-0.7533854177778839
1984,-0.2897457828070507
1985,-0.02587927197208108
1986,-0.02745955688081497
1987,0.050499119240910155
1988,0.10450913652303263
1989,0.14158442649075711
1990,0.13726428542816918
1991,-0.5750379090258204
1992,-1.7876312108531522
1993,-0.7939631767875425
1994,-0.08742564651204104
1995,0.08592226371537809
1996,0.14874798105256304
1997,0.16931768837520275
1998,0.1709760972483265
1999,0.17446291991842644
2000,0.17510976575357665
2001,0.16984935261773826
2002,0.17663314705788316
2003,0.1602781115401009
2004,0.17119301661096686
2005,0.14346714060318297
2006,0.12836206568109246
2007,0.11475403889402981
2008,0.13129339867791381
2009,0.10419228590932421
2010,0.13680157655047967
2011,0.0981576298677148
2012,0.1337497226238915
2013,0.15676492491530977
2014,0.13841792934403938
2015,0.10964989083893166
2016,0.12718922521561732
2017,0.15061352045797172
2018,0.13991694890988954
2019,0.13991694890988954
