year,ERF
2006.0416666666667,0.20057289780870896
2006.125,0.20057289780870896
2006.2083333333333,0.20057289780870896
2006.2916666666665,0.20057289780870896
2006.3749999999998,0.20057289780870896
2006.458333333333,0.20057289780870896
2006.5416666666663,0.20057289780870896
2006.6249999999995,0.20057289780870896
2006.7083333333328,0.20057289780870896
2006.791666666666,0.20057289780870896
2006.8749999999993,0.20057289780870896
2006.9583333333326,0.20057289780870896
2007.0416666666658,0.20057289780870896
2007.124999999999,0.20057289780870896
2007.2083333333323,0.20057289780870896
2007.2916666666656,0.20057289780870896
2007.3749999999989,0.20057289780870896
2007.4583333333321,0.20057289780870896
2007.5416666666654,0.20057289780870896
2007.6249999999986,0.20057289780870896
2007.708333333332,0.20057289780870896
2007.7916666666652,0.20057289780870896
2007.8749999999984,0.20057289780870896
2007.9583333333317,0.20057289780870896
2008.041666666665,0.20057289780870896
2008.1249999999982,0.20057289780870896
2008.2083333333314,0.20057289780870896
2008.2916666666647,0.20057289780870896
2008.374999999998,0.20057289780870896
2008.4583333333312,0.20057289780870896
2008.5416666666645,0.20057289780870896
2008.6249999999977,0.20057289780870896
2008.708333333331,0.20057289780870896
2008.7916666666642,0.20057289780870896
2008.8749999999975,0.20057289780870896
2008.9583333333308,0.20057289780870896
2009.041666666664,0.20057289780870896
2009.1249999999973,0.20057289780870896
2009.2083333333305,0.20057289780870896
2009.2916666666638,0.20057289780870896
2009.374999999997,0.20057289780870896
2009.4583333333303,0.20057289780870896
2009.5416666666636,0.20057289780870896
2009.6249999999968,0.20057289780870896
2009.70833333333,0.20057289780870896
2009.7916666666633,0.20057289780870896
2009.8749999999966,0.20057289780870896
2009.9583333333298,0.20057289780870896
2010.041666666663,0.20057289780870896
2010.1249999999964,0.20057289780870896
2010.2083333333296,0.20057289780870896
2010.2916666666629,0.20057289780870896
2010.3749999999961,0.20057289780870896
2010.4583333333294,0.20057289780870896
2010.5416666666626,0.20057289780870896
2010.624999999996,0.20057289780870896
2010.7083333333292,0.20057289780870896
2010.7916666666624,0.20057289780870896
2010.8749999999957,0.20057289780870896
2010.958333333329,0.20057289780870896
2011.0416666666622,0.20057289780870896
2011.1249999999955,0.20057289780870896
2011.2083333333287,0.20057289780870896
2011.291666666662,0.20057289780870896
2011.3749999999952,0.20057289780870896
2011.4583333333285,0.20057289780870896
2011.5416666666617,0.20057289780870896
2011.624999999995,0.20057289780870896
2011.7083333333283,0.20057289780870896
2011.7916666666615,0.20057289780870896
2011.8749999999948,0.20057289780870896
2011.958333333328,0.20057289780870896
2012.0416666666613,0.20057289780870896
2012.1249999999945,0.20057289780870896
2012.2083333333278,0.20057289780870896
2012.291666666661,0.20057289780870896
2012.3749999999943,0.20057289780870896
2012.4583333333276,0.20057289780870896
2012.5416666666608,0.20057289780870896
2012.624999999994,0.20057289780870896
2012.7083333333273,0.20057289780870896
2012.7916666666606,0.20057289780870896
2012.8749999999939,0.20057289780870896
2012.9583333333271,0.20057289780870896
2013.0416666666604,0.20057289780870896
2013.1249999999936,0.20057289780870896
2013.208333333327,0.20057289780870896
2013.2916666666601,0.20057289780870896
2013.3749999999934,0.20057289780870896
2013.4583333333267,0.20057289780870896
2013.54166666666,0.20057289780870896
2013.6249999999932,0.20057289780870896
2013.7083333333264,0.20057289780870896
2013.7916666666597,0.20057289780870896
2013.874999999993,0.20057289780870896
2013.9583333333262,0.20057289780870896
2014.0416666666595,0.20057289780870896
2014.1249999999927,0.20057289780870896
2014.208333333326,0.20057289780870896
2014.2916666666592,0.20057289780870896
2014.3749999999925,0.20057289780870896
2014.4583333333258,0.20057289780870896
2014.541666666659,0.20057289780870896
2014.6249999999923,0.20057289780870896
2014.7083333333255,0.20057289780870896
2014.7916666666588,0.20057289780870896
2014.874999999992,0.20057289780870896
2014.9583333333253,0.20057289780870896
2015.0416666666586,0.20057289780870896
2015.1249999999918,0.20057289780870896
2015.208333333325,0.20057289780870896
2015.2916666666583,0.20057289780870896
2015.3749999999916,0.20057289780870896
2015.4583333333248,0.20057289780870896
2015.541666666658,0.20057289780870896
2015.6249999999914,0.20057289780870896
2015.7083333333246,0.20057289780870896
2015.7916666666579,0.20057289780870896
2015.8749999999911,0.20057289780870896
2015.9583333333244,0.20057289780870896
2016.0416666666576,0.20057289780870896
2016.124999999991,0.20057289780870896
2016.2083333333242,0.20057289780870896
2016.2916666666574,0.20057289780870896
2016.3749999999907,0.20057289780870896
2016.458333333324,0.20057289780870896
2016.5416666666572,0.20057289780870896
2016.6249999999905,0.20057289780870896
2016.7083333333237,0.20057289780870896
2016.791666666657,0.20057289780870896
2016.8749999999902,0.20057289780870896
2016.9583333333235,0.20057289780870896
2017.0416666666567,0.20057289780870896
2017.12499999999,0.20057289780870896
2017.2083333333233,0.20057289780870896
2017.2916666666565,0.20057289780870896
2017.3749999999898,0.20057289780870896
2017.458333333323,0.20057289780870896
2017.5416666666563,0.20057289780870896
2017.6249999999895,0.20057289780870896
2017.7083333333228,0.20057289780870896
2017.791666666656,0.20057289780870896
2017.8749999999893,0.20057289780870896
2017.9583333333226,0.20057289780870896
2018.0416666666558,0.20057289780870896
2018.124999999989,0.20057289780870896
2018.2083333333223,0.20057289780870896
2018.2916666666556,0.20057289780870896
2018.3749999999889,0.20057289780870896
2018.4583333333221,0.20057289780870896
2018.5416666666554,0.20057289780870896
2018.6249999999886,0.20057289780870896
2018.708333333322,0.20057289780870896
2018.7916666666551,0.20057289780870896
2018.8749999999884,0.03816371871961996
2018.9583333333217,-0.3277623569873315
2019.041666666655,-0.6930145356856146
2019.1249999999882,-1.1189174451640553
2019.2083333333214,-1.5313424144691279
2019.2916666666547,-1.3911718366660968
2019.374999999988,-1.2766093451924656
2019.4583333333212,-1.1714814118401922
2019.5416666666545,-1.0899398737913133
2019.6249999999877,-1.0272674519851503
2019.708333333321,-0.9659428241963244
2019.7916666666542,-0.8992270203381509
2019.8749999999875,-0.8224027613499512
2019.9583333333208,-0.7469262963790881
2020.041666666654,-0.6633630673042041
2020.1249999999873,-0.585864911307336
2020.2083333333205,-0.5043233732584573
2020.2916666666538,-0.4349119813656101
2020.374999999987,-0.5056711672757941
2020.4583333333203,-0.7374917382577304
2020.5416666666536,-0.9976159836037402
2020.6249999999868,-1.290087285365834
2020.70833333332,-1.5737979260152382
2020.7916666666533,-1.4120626439348178
2020.8749999999866,-1.2745876541664602
2020.9583333333198,-1.151938398588808
2021.041666666653,-1.0495060532712084
2021.1249999999864,-0.9585299571009718
2021.2083333333196,-0.8776623160607615
2021.2916666666529,-0.7920773959598724
2021.3749999999861,-0.7132314459456672
2021.4583333333194,-0.6350593929401307
2021.5416666666526,-0.5434093997612255
2021.624999999986,-0.4726502138510416
2021.7083333333192,-0.39986933691485244
2021.7916666666524,-0.3392186061346946
2021.8749999999857,-0.2873285364672264
2021.958333333319,-0.23274287876508443
2022.0416666666522,-0.20106971935766876
2022.1249999999854,-0.15659251678555308
2022.2083333333187,-0.11481090224811114
2022.291666666652,-0.07370318471933757
2022.3749999999852,-0.03596495223390608
2022.4583333333185,-0.00429179282649042
2022.5416666666517,0.02603357256358846
2022.624999999985,0.059728422997009395
2022.7083333333183,0.08533650932640932
2022.7916666666515,0.11229238967314609
2022.8749999999848,0.12644422685518286
2022.958333333318,0.1405960640372197
2023.0416666666513,0.16148687130594067
2023.1249999999845,0.16822584139262486
2023.2083333333178,0.1736170174619722
2023.291666666651,0.1769865025053143
2023.3749999999843,0.1803559875486564
2023.4583333333176,0.18237767857466164
2023.5416666666508,0.18507326660933532
2023.624999999984,0.1870949576353406
2023.7083333333173,0.18844275165267743
2023.7916666666506,0.18979054567001427
2023.8749999999839,0.1911383396873511
2023.9583333333171,0.19248613370468795
2024.0416666666504,0.1938339277220248
2024.1249999999836,0.1945078247306932
2024.208333333317,0.19585561874803004
2024.2916666666501,0.19652951575669844
2024.3749999999834,0.19652951575669844
2024.4583333333167,0.19720341276536688
2024.54166666665,0.19787730977403528
2024.6249999999832,0.19787730977403528
2024.7083333333164,0.19855120678270372
2024.7916666666497,0.19855120678270372
2024.874999999983,0.19855120678270372
2024.9583333333162,0.19922510379137212
2025.0416666666495,0.19922510379137212
2025.1249999999827,0.19922510379137212
2025.208333333316,0.19989900080004055
2025.2916666666492,0.19989900080004055
2025.3749999999825,0.19989900080004055
2025.4583333333157,0.19989900080004055
2025.541666666649,0.19989900080004055
2025.6249999999823,0.19989900080004055
2025.7083333333155,0.20057289780870896
2025.7916666666488,0.20057289780870896
2025.874999999982,0.20057289780870896
2025.9583333333153,0.20057289780870896
2026.0416666666486,0.20057289780870896
2026.1249999999818,0.20057289780870896
2026.208333333315,0.20057289780870896
2026.2916666666483,0.20057289780870896
2026.3749999999816,0.20057289780870896
2026.4583333333148,0.20057289780870896
2026.541666666648,0.20057289780870896
2026.6249999999814,0.20057289780870896
2026.7083333333146,0.20057289780870896
2026.7916666666479,0.20057289780870896
2026.8749999999811,0.20057289780870896
2026.9583333333144,0.20057289780870896
2027.0416666666476,0.20057289780870896
2027.124999999981,0.20057289780870896
2027.2083333333142,0.20057289780870896
2027.2916666666474,0.20057289780870896
2027.3749999999807,0.20057289780870896
2027.458333333314,0.20057289780870896
2027.5416666666472,0.20057289780870896
2027.6249999999804,0.20057289780870896
2027.7083333333137,0.20057289780870896
2027.791666666647,0.20057289780870896
2027.8749999999802,0.20057289780870896
2027.9583333333135,0.20057289780870896
2028.0416666666467,0.20057289780870896
2028.12499999998,0.20057289780870896
2028.2083333333132,0.20057289780870896
2028.2916666666465,0.20057289780870896
2028.3749999999798,0.18102988455732483
2028.458333333313,0.13655268198520917
2028.5416666666463,0.09274937642176193
2028.6249999999795,0.04827217384964627
2028.7083333333128,0.004468868286199024
2028.791666666646,0.03412033666760944
2028.8749999999793,0.058380628979672555
2028.9583333333126,0.07994533325706196
2029.0416666666458,0.09746665548244085
2029.124999999979,0.11296628668181449
2029.2083333333123,0.12442253582917762
2029.2916666666456,0.1338570939505355
2029.3749999999789,0.14396554908056178
2029.458333333312,0.15137841617591438
2029.5416666666454,0.15676959224526174
2029.6249999999786,0.1628346653232775
2029.7083333333119,0.16889973840129327
2029.7916666666451,0.1736170174619722
2029.8749999999784,0.17766039951398271
2029.9583333333117,0.18102988455732483
2030.041666666645,0.1843993696006669
2030.1249999999782,0.187768854644009
2030.2083333333114,0.18911664866134584
2030.2916666666447,0.1911383396873511
2030.374999999978,0.19316003071335636
2030.4583333333112,0.1945078247306932
2030.5416666666445,0.19585561874803004
2030.6249999999777,0.19652951575669844
2030.708333333311,0.19720341276536688
2030.7916666666442,0.19787730977403528
2030.8749999999775,0.19787730977403528
2030.9583333333107,0.19855120678270372
2031.041666666644,0.19855120678270372
2031.1249999999773,0.19922510379137212
2031.2083333333105,0.19922510379137212
2031.2916666666438,0.19922510379137212
2031.374999999977,0.19989900080004055
2031.4583333333103,0.19989900080004055
2031.5416666666436,0.19989900080004055
2031.6249999999768,0.19989900080004055
2031.70833333331,0.19989900080004055
2031.7916666666433,0.19989900080004055
2031.8749999999766,0.19989900080004055
2031.9583333333098,0.20057289780870896
2032.041666666643,0.20057289780870896
2032.1249999999764,0.20057289780870896
2032.2083333333096,0.20057289780870896
2032.2916666666429,0.20057289780870896
2032.3749999999761,0.20057289780870896
2032.4583333333094,0.20057289780870896
2032.5416666666426,0.20057289780870896
2032.624999999976,0.20057289780870896
2032.7083333333092,0.20057289780870896
2032.7916666666424,0.20057289780870896
2032.8749999999757,0.20057289780870896
2032.958333333309,0.20057289780870896
2033.0416666666422,0.20057289780870896
2033.1249999999754,0.20057289780870896
2033.2083333333087,0.20057289780870896
2033.291666666642,0.20057289780870896
2033.3749999999752,0.20057289780870896
2033.4583333333085,0.20057289780870896
2033.5416666666417,0.20057289780870896
2033.624999999975,0.20057289780870896
2033.7083333333082,0.20057289780870896
2033.7916666666415,0.20057289780870896
2033.8749999999748,0.20057289780870896
2033.958333333308,0.20057289780870896
2034.0416666666413,0.20057289780870896
2034.1249999999745,0.20057289780870896
2034.2083333333078,0.20057289780870896
2034.291666666641,0.20057289780870896
2034.3749999999743,0.20057289780870896
2034.4583333333076,0.20057289780870896
2034.5416666666408,0.20057289780870896
2034.624999999974,0.20057289780870896
2034.7083333333073,0.20057289780870896
2034.7916666666406,0.20057289780870896
2034.8749999999739,0.20057289780870896
2034.958333333307,0.20057289780870896
2035.0416666666404,0.20057289780870896
2035.1249999999736,0.20057289780870896
2035.2083333333069,0.20057289780870896
2035.2916666666401,0.20057289780870896
2035.3749999999734,0.20057289780870896
2035.4583333333067,0.20057289780870896
2035.54166666664,0.20057289780870896
2035.6249999999732,0.20057289780870896
2035.7083333333064,0.20057289780870896
2035.7916666666397,0.20057289780870896
2035.874999999973,0.20057289780870896
2035.9583333333062,0.20057289780870896
2036.0416666666395,0.20057289780870896
2036.1249999999727,0.20057289780870896
2036.208333333306,0.20057289780870896
2036.2916666666392,0.20057289780870896
2036.3749999999725,0.20057289780870896
2036.4583333333057,0.20057289780870896
2036.541666666639,0.20057289780870896
2036.6249999999723,0.20057289780870896
2036.7083333333055,0.20057289780870896
2036.7916666666388,0.20057289780870896
2036.874999999972,0.20057289780870896
2036.9583333333053,0.20057289780870896
2037.0416666666385,0.20057289780870896
2037.1249999999718,0.20057289780870896
2037.208333333305,0.20057289780870896
2037.2916666666383,0.20057289780870896
2037.3749999999716,0.20057289780870896
2037.4583333333048,0.20057289780870896
2037.541666666638,0.20057289780870896
2037.6249999999714,0.20057289780870896
2037.7083333333046,0.20057289780870896
2037.7916666666379,0.20057289780870896
2037.8749999999711,0.20057289780870896
2037.9583333333044,0.20057289780870896
2038.0416666666376,0.20057289780870896
2038.124999999971,0.20057289780870896
2038.2083333333042,0.20057289780870896
2038.2916666666374,0.20057289780870896
2038.3749999999707,0.20057289780870896
2038.458333333304,0.20057289780870896
2038.5416666666372,0.20057289780870896
2038.6249999999704,0.20057289780870896
2038.7083333333037,0.20057289780870896
2038.791666666637,0.20057289780870896
2038.8749999999702,0.158791283271267
2038.9583333333035,0.06444570205768832
2039.0416666666367,-0.07707266976267968
2039.12499999997,-0.2772200813372001
2039.2083333333032,-0.47804138992038897
2039.2916666666365,-0.5211707984751679
2039.3749999999698,-0.5750825591686413
2039.458333333303,-0.4584983766690048
2039.5416666666363,-0.3621311044294209
2039.6249999999695,-0.2778939783458685
2039.7083333333028,-0.2105042774790266
2039.791666666636,-0.15322303174221102
2039.8749999999693,-0.10470244711808485
2039.9583333333026,-0.06494252360664815
2040.0416666666358,-0.03057377616455878
2040.124999999969,0.0010993832428569383
2040.2083333333023,0.026707469572256864
2040.2916666666356,0.05164165889298836
2040.3749999999688,0.07522805419638301
2040.458333333302,0.09477106744776717
2040.5416666666354,0.11229238967314609
2040.6249999999686,0.12644422685518286
2040.7083333333019,0.13857437301121442
2040.7916666666351,0.1493567251499091
2040.8749999999684,0.15744348925393015
2040.9583333333017,0.16485635634928275
2041.041666666635,0.17159532643596695
2041.1249999999682,0.17631260549664587
2041.2083333333014,0.18102988455732483
2041.2916666666347,0.1837254725919985
2041.374999999968,0.18642106062667216
2041.4583333333012,0.18844275165267743
2041.5416666666345,0.19046444267868268
2041.6249999999677,0.19181223669601952
2041.708333333301,0.19316003071335636
2041.7916666666342,0.1945078247306932
2041.8749999999675,0.1951817217393616
2041.9583333333007,0.19585561874803004
2042.041666666634,0.19652951575669844
2042.1249999999673,0.19720341276536688
2042.2083333333005,0.19787730977403528
2042.2916666666338,0.19855120678270372
2042.374999999967,0.19855120678270372
2042.4583333333003,0.19922510379137212
2042.5416666666335,0.19922510379137212
2042.6249999999668,0.19922510379137212
2042.7083333333,0.19989900080004055
2042.7916666666333,0.19989900080004055
2042.8749999999666,0.19989900080004055
2042.9583333332998,0.19989900080004055
2043.041666666633,0.19989900080004055
2043.1249999999663,0.19989900080004055
2043.2083333332996,0.19989900080004055
2043.2916666666329,0.20057289780870896
2043.3749999999661,0.20057289780870896
2043.4583333332994,0.20057289780870896
2043.5416666666326,0.20057289780870896
2043.624999999966,0.20057289780870896
2043.7083333332992,0.20057289780870896
2043.7916666666324,0.20057289780870896
2043.8749999999657,0.20057289780870896
2043.958333333299,0.20057289780870896
2044.0416666666322,0.20057289780870896
2044.1249999999654,0.20057289780870896
2044.2083333332987,-0.9255090036762192
2044.291666666632,-3.457340065243469
2044.3749999999652,-5.989171126810719
2044.4583333332985,-8.937470539735052
2044.5416666666317,-11.79479385648915
2044.624999999965,-10.824382164006627
2044.7083333332982,-10.029183693777894
2044.7916666666315,-9.301374924415999
2044.8749999999648,-8.735301437134527
2044.958333333298,-8.304007351586739
2045.0416666666313,-7.879452236125634
2045.1249999999645,-7.414463300144425
2045.2083333332978,-6.882084663296374
2045.291666666631,-6.363183966621692
2045.3749999999643,-5.787002024210193
2045.4583333332976,-5.270796915570185
2045.5416666666308,-4.757287394964849
2045.624999999964,-4.3212760303563815
2045.7083333332973,-3.9533282636234253
2045.7916666666306,-3.5611202045784056
2045.8749999999638,-3.2794312549550066
2045.958333333297,-2.8885709899273238
2046.0416666666304,-2.5206232231943666
2046.1249999999636,-2.164131705608773
2046.2083333332969,-1.880421064959369
2046.2916666666301,-1.7052078427055801
2046.3749999999634,-1.5434725606251594
2046.4583333332967,-1.3520858101633284
2046.54166666663,-1.2294365545856762
2046.6249999999632,-0.9335957677802402
2046.7083333332964,-0.7577086485177829
2046.7916666666297,-0.5851910142986676
2046.874999999963,-0.36954397152477353
2046.9583333332962,-0.273850596293858
2047.0416666666295,-0.19972192534033195
2047.1249999999627,-0.14850575268153204
2047.208333333296,-0.1006590650660743
2047.2916666666292,-0.06157303856330604
2047.3749999999625,-0.029899879155890347
2047.4583333332957,0.0004254862341885046
2047.541666666629,0.028729160598262138
2047.6249999999623,0.0529894529103252
2047.7083333332955,0.0738802601790462
2047.7916666666288,0.0806192302657304
2047.874999999962,0.0738802601790462
2047.9583333332953,0.06511959906635675
2048.0416666666288,0.0529894529103252
2048.124999999962,0.0395115127369568
2048.208333333295,0.06377180504901991
2048.2916666666283,0.08398871530907248
2048.374999999962,0.10083614052578296
2048.458333333295,0.11498797770781977
2048.541666666628,0.1277920208725197
2048.6249999999613,0.13722657899387758
2048.708333333295,0.14531334309789862
2048.791666666628,0.15340010720191966
2048.874999999961,0.1594651802799354
2048.9583333332944,0.16418245934061435
2049.041666666628,0.1695736354099617
2049.124999999961,0.1736170174619722
2049.208333333294,0.17766039951398271
2049.2916666666274,0.18102988455732483
2049.374999999961,0.1837254725919985
2049.458333333294,0.18642106062667216
2049.541666666627,0.19248613370468795
2049.6249999999604,0.1938339277220248
2049.708333333294,0.1951817217393616
2049.791666666627,0.19585561874803004
2049.87499999996,0.19652951575669844
2049.9583333332935,0.19720341276536688
2050.041666666627,0.19787730977403528
2050.12499999996,0.19855120678270372
2050.208333333293,0.19855120678270372
2050.2916666666265,0.19922510379137212
2050.37499999996,0.19922510379137212
2050.458333333293,0.19922510379137212
2050.541666666626,0.19989900080004055
2050.6249999999595,0.19989900080004055
2050.708333333293,0.19989900080004055
2050.791666666626,0.19989900080004055
2050.874999999959,0.19989900080004055
2050.9583333332926,0.19989900080004055
2051.041666666626,0.19989900080004055
2051.124999999959,0.20057289780870896
2051.208333333292,0.20057289780870896
2051.2916666666256,0.20057289780870896
2051.374999999959,0.037489821710951554
2051.458333333292,-0.3277623569873315
2051.541666666625,-0.6930145356856146
2051.6249999999586,-1.1189174451640553
2051.708333333292,-1.5313424144691279
2051.791666666625,-1.3911718366660968
2051.874999999958,-1.2766093451924656
2051.9583333332916,-1.1714814118401922
2052.041666666625,-1.0899398737913133
2052.124999999958,-1.081179212678624
2052.208333333291,-1.1398082524327766
2052.2916666666247,-1.1937200131262502
2052.374999999958,-1.2368494216810286
2052.458333333291,-1.2820005212618129
2052.541666666624,-1.1175696511467186
2052.6249999999577,-0.9733556912916772
2052.708333333291,-0.8338590104973143
2052.791666666624,-0.715927033980341
2052.8749999999573,-0.6134946886627413
2052.9583333332907,-0.5178013134318258
2053.041666666624,-0.45647668564299954
2053.1249999999573,-0.3776307356287945
2053.2083333332903,-0.3068715497186106
2053.2916666666238,-0.24352523090377914
2053.3749999999573,-0.1828745001236215
2053.4583333332903,-0.12828884242147953
2053.5416666666233,-0.07842046378001649
2053.624999999957,-0.02653039411254826
2053.7083333332903,0.013229529398888495
2053.7916666666233,0.05501114393633044
2053.8749999999563,0.07927143624839356
2053.95833333329,0.10083614052578296
2054.0416666666233,0.13116150591586181
2054.1249999999563,0.14396554908056178
2054.2083333332894,0.15407400421058806
2054.291666666623,0.16081297429727226
2054.3749999999563,0.1662041503666196
2054.4583333332894,0.17092142942729854
2054.5416666666224,0.17496481147930903
2054.624999999956,0.17833429652265115
2054.7083333332894,0.18102988455732483
2054.7916666666224,0.1837254725919985
2054.8749999999554,0.18642106062667216
2054.958333333289,0.14463944608923018
2055.0416666666224,0.04759827684097784
2055.1249999999554,-0.048768995398606074
2055.2083333332885,-0.16198369285490044
2055.291666666622,-0.2711550082591843
2055.3749999999554,-0.23274287876508443
2055.4583333332885,-0.20174361636633714
2055.5416666666215,-0.17276604499359516
2055.624999999955,-0.1498535466988689
2055.7083333332885,-0.13300612148215846
2055.7916666666215,-0.11548479925677957
2055.8749999999545,-0.09728958002273225
2055.958333333288,-0.07639877275401125
2056.0416666666215,-0.05618186249395868
2056.1249999999545,-0.03326936419923246
2056.2083333332876,-0.012378556930511458
2056.291666666621,0.009860044355546382
2056.3749999999545,0.028729160598262138
2056.4583333332876,0.04490268880630416
2056.5416666666206,0.062424011031683074
2056.624999999954,0.07253246616170936
2056.7083333332876,0.08668430334374616
2056.7916666666206,0.10016224351711453
2056.8749999999536,0.11364018369048293
2056.958333333287,0.12577032984651446
2057.0416666666206,0.13587878497654074
2057.1249999999536,0.14531334309789862
2057.2083333332866,0.1560956952365933
2057.29166666662,0.16418245934061435
2057.3749999999536,0.08937989137841984
2057.4583333332866,-0.09392009497939013
2057.5416666666197,-0.2772200813372001
2057.624999999953,-0.4584983766690048
2057.7083333332866,-0.6438200540528201
2057.7916666666197,-0.5164535194144888
2057.8749999999527,-0.41132558606221553
2057.958333333286,-0.31967559288331054
2058.0416666666197,-0.24419912791244758
2058.1249999999527,-0.17815722106294252
2058.2083333332857,-0.1276149454128111
2058.291666666619,-0.08650722788403753
2058.3749999999527,-0.044725613346595555
2058.4583333332857,-0.012378556930511458
2058.5416666666188,0.011207838372883222
2058.6249999999523,0.03681592470228312
2058.7083333332857,0.06309790804035148
2058.7916666666188,0.08466261231774089
2058.874999999952,0.10285783155178821
2058.9583333332853,0.11700966873382501
2059.0416666666188,0.13183540292453022
2059.124999999952,0.14463944608923018
2059.208333333285,0.1520523131845828
2059.2916666666183,0.16013907728860383
2059.374999999952,0.16755194438395643
2059.458333333285,0.1736170174619722
2059.541666666618,0.17833429652265115
2059.6249999999513,0.18237767857466164
2059.708333333285,0.18507326660933532
2059.791666666618,0.1870949576353406
2059.874999999951,0.18911664866134584
2059.9583333332844,0.1911383396873511
2060.041666666618,0.19248613370468795
2060.124999999951,0.1938339277220248
2060.208333333284,0.1945078247306932
2060.2916666666174,0.19585561874803004
2060.374999999951,0.19652951575669844
2060.458333333284,0.19720341276536688
2060.541666666617,0.19787730977403528
2060.6249999999504,0.19787730977403528
2060.708333333284,0.19855120678270372
2060.791666666617,0.19855120678270372
2060.87499999995,0.19922510379137212
2060.9583333332835,0.19922510379137212
2061.041666666617,0.19922510379137212
2061.12499999995,0.19989900080004055
2061.208333333283,0.19989900080004055
2061.2916666666165,0.19989900080004055
2061.37499999995,0.19989900080004055
2061.458333333283,0.19989900080004055
2061.541666666616,0.19989900080004055
2061.6249999999495,0.19989900080004055
2061.708333333283,0.20057289780870896
2061.791666666616,0.20057289780870896
2061.874999999949,0.20057289780870896
2061.9583333332826,0.20057289780870896
2062.041666666616,0.20057289780870896
2062.124999999949,0.20057289780870896
2062.208333333282,0.20057289780870896
2062.2916666666156,0.20057289780870896
2062.374999999949,0.20057289780870896
2062.458333333282,0.20057289780870896
2062.541666666615,0.20057289780870896
2062.6249999999486,0.20057289780870896
2062.708333333282,0.20057289780870896
2062.791666666615,0.20057289780870896
2062.874999999948,0.20057289780870896
2062.9583333332816,0.20057289780870896
2063.041666666615,0.20057289780870896
2063.124999999948,0.20057289780870896
2063.208333333281,0.20057289780870896
2063.2916666666147,0.20057289780870896
2063.374999999948,0.20057289780870896
2063.458333333281,0.20057289780870896
2063.541666666614,0.20057289780870896
2063.6249999999477,0.20057289780870896
2063.708333333281,0.20057289780870896
2063.791666666614,0.20057289780870896
2063.8749999999472,0.20057289780870896
2063.9583333332807,0.20057289780870896
2064.041666666614,0.20057289780870896
2064.1249999999472,0.20057289780870896
2064.2083333332803,0.20057289780870896
2064.2916666666138,0.20057289780870896
2064.3749999999472,0.20057289780870896
2064.4583333332803,0.20057289780870896
2064.5416666666133,0.20057289780870896
2064.624999999947,0.20057289780870896
2064.7083333332803,0.20057289780870896
2064.7916666666133,0.20057289780870896
2064.8749999999463,0.20057289780870896
2064.95833333328,0.20057289780870896
2065.0416666666133,0.20057289780870896
2065.1249999999463,0.20057289780870896
2065.2083333332794,0.20057289780870896
2065.291666666613,0.20057289780870896
2065.3749999999463,0.20057289780870896
2065.4583333332794,0.20057289780870896
2065.5416666666124,0.20057289780870896
2065.624999999946,0.20057289780870896
2065.7083333332794,0.20057289780870896
2065.7916666666124,0.20057289780870896
2065.8749999999454,0.20057289780870896
2065.958333333279,0.20057289780870896
2066.0416666666124,0.20057289780870896
2066.1249999999454,0.20057289780870896
2066.2083333332785,0.20057289780870896
2066.291666666612,0.20057289780870896
2066.3749999999454,0.20057289780870896
2066.4583333332785,0.20057289780870896
2066.5416666666115,0.20057289780870896
2066.624999999945,0.20057289780870896
2066.7083333332785,0.20057289780870896
2066.7916666666115,0.20057289780870896
2066.8749999999445,0.20057289780870896
2066.958333333278,0.20057289780870896
2067.0416666666115,0.20057289780870896
2067.1249999999445,0.20057289780870896
2067.2083333332776,0.20057289780870896
2067.291666666611,0.20057289780870896
2067.3749999999445,0.20057289780870896
2067.4583333332776,0.20057289780870896
2067.5416666666106,0.20057289780870896
2067.624999999944,0.20057289780870896
2067.7083333332776,0.20057289780870896
2067.7916666666106,0.20057289780870896
2067.8749999999436,0.20057289780870896
2067.958333333277,0.20057289780870896
2068.0416666666106,0.20057289780870896
2068.1249999999436,0.20057289780870896
2068.2083333332766,0.20057289780870896
2068.29166666661,0.20057289780870896
2068.3749999999436,0.20057289780870896
2068.4583333332766,0.20057289780870896
2068.5416666666097,0.20057289780870896
2068.624999999943,0.20057289780870896
2068.7083333332766,0.20057289780870896
2068.7916666666097,0.20057289780870896
2068.8749999999427,0.20057289780870896
2068.958333333276,0.20057289780870896
2069.0416666666097,0.20057289780870896
2069.1249999999427,0.20057289780870896
2069.2083333332757,0.20057289780870896
2069.291666666609,0.20057289780870896
2069.3749999999427,0.20057289780870896
2069.4583333332757,0.20057289780870896
2069.5416666666088,0.20057289780870896
2069.6249999999422,0.20057289780870896
2069.7083333332757,0.20057289780870896
2069.7916666666088,0.20057289780870896
2069.874999999942,0.20057289780870896
2069.9583333332753,0.20057289780870896
2070.0416666666088,0.20057289780870896
2070.124999999942,0.20057289780870896
2070.208333333275,0.20057289780870896
2070.2916666666083,0.20057289780870896
2070.374999999942,0.20057289780870896
2070.458333333275,0.20057289780870896
2070.541666666608,0.20057289780870896
2070.6249999999413,0.20057289780870896
2070.708333333275,0.20057289780870896
2070.791666666608,0.20057289780870896
2070.874999999941,0.20057289780870896
2070.9583333332744,0.20057289780870896
2071.041666666608,0.20057289780870896
2071.124999999941,0.20057289780870896
2071.208333333274,0.20057289780870896
2071.2916666666074,0.20057289780870896
2071.374999999941,0.20057289780870896
2071.458333333274,0.20057289780870896
2071.541666666607,0.20057289780870896
2071.6249999999404,0.20057289780870896
2071.708333333274,0.20057289780870896
2071.791666666607,0.20057289780870896
2071.87499999994,0.20057289780870896
2071.9583333332735,0.20057289780870896
2072.041666666607,0.20057289780870896
2072.12499999994,0.20057289780870896
2072.208333333273,0.20057289780870896
2072.2916666666065,0.20057289780870896
2072.37499999994,0.20057289780870896
2072.458333333273,0.20057289780870896
2072.541666666606,0.20057289780870896
2072.6249999999395,0.20057289780870896
2072.708333333273,-0.17815722106294252
2072.791666666606,-1.0299630400198243
2072.874999999939,-1.8824427559853742
2072.9583333332725,-2.8757669467626235
2073.041666666606,-3.836070184115121
2073.124999999939,-3.5099040319196058
2073.208333333272,-3.243040816486912
2073.2916666666056,-2.997068408322939
2073.374999999939,-2.807703348887113
2073.458333333272,-2.6621415950147345
2073.541666666605,-2.5186015321683612
2073.6249999999386,-2.363605220174625
2073.708333333272,-2.183674718860157
2073.791666666605,-2.0077875995977
2073.874999999938,-1.8143791581098634
2073.9583333332716,-1.6331008627780592
2074.041666666605,-1.443061906333565
2074.124999999938,-1.2793049332271393
2074.208333333271,-1.139134355424108
2074.2916666666047,-0.9902031165083875
2074.374999999938,-0.9066398874335035
2074.458333333271,-0.7846645288645195
2074.541666666604,-0.6687542433735516
2074.6249999999377,-0.5555395459172572
2074.708333333271,-0.4510855095736522
2074.791666666604,-0.3634788984467577
2074.8749999999372,-0.27924177236320535
2074.9583333332707,-0.1848961911496267
2075.041666666604,-0.11278921122210589
2075.1249999999372,-0.03798664325991136
2075.2083333332703,0.0004254862341885046
2075.2916666666038,0.040185409745625233
2075.3749999999372,0.09746665548244085
2075.4583333332703,0.11633577172515658
2075.5416666666033,0.13116150591586181
2075.624999999937,0.13992216702855126
2075.7083333332703,0.14733503412390386
2075.7916666666033,0.15407400421058806
2075.8749999999363,0.16013907728860383
2075.95833333327,0.16485635634928275
2076.0416666666033,0.1695736354099617
2076.1249999999363,0.1729431204533038
2076.2083333332694,0.1769865025053143
2076.291666666603,0.179682090539988
2076.3749999999363,0.18237767857466164
2076.4583333332694,0.1843993696006669
2076.5416666666024,0.18642106062667216
2076.624999999936,0.18844275165267743
2076.7083333332694,0.17631260549664587
2076.7916666666024,0.14598724010656702
2076.8749999999354,0.11633577172515658
2076.958333333269,0.08601040633507773
2077.0416666666024,0.055685040944998876
2077.1249999999354,0.07724974522238828
2077.2083333332685,-0.5090406523191362
2077.291666666602,-1.853465184612632
2077.3749999999354,-3.2005853049408013
2077.4583333332685,-4.774134820181559
2077.5416666666015,-6.2984898537895235
2077.624999999935,-5.770828496002151
2077.7083333332685,-5.337512719428359
2077.7916666666015,-4.9399134843139905
2077.8749999999345,-4.63329034536986
2077.958333333268,-4.396078598318576
2078.0416666666015,-4.161562439301967
2078.1249999999345,-3.9108727520773146
2078.2083333332675,-3.6204231413412264
2078.291666666601,-3.338060294709159
2078.3749999999345,-3.0267198767043495
2078.4583333332675,-2.734922471950924
2078.5416666666006,-2.4309949210414667
2078.624999999934,-2.1681750876607833
2078.7083333332675,-1.9430934867655318
2078.7916666666006,-1.7038600486882434
2078.8749999999336,-1.5704284409718963
2078.958333333267,-1.3743244114493864
2079.0416666666006,-1.1896766310742395
2079.1249999999336,-1.0083983357424349
2079.2083333332666,-0.8412718775926669
2079.2916666666,-0.7004274027809672
2079.3749999999336,-0.5656480010472833
2079.4583333332666,-0.415368968114226
2079.5416666665997,-0.30080647664059484
2079.624999999933,-0.1808528090976162
2079.7083333332666,-0.11952818130879006
2079.7916666665997,-0.05618186249395868
2079.8749999999327,0.03546813068494628
2079.958333333266,0.06579349607502516
2080.0416666665997,0.08937989137841984
2080.1249999999327,0.10353172856045664
2080.2083333332657,0.11566187471648817
2080.291666666599,0.12644422685518286
2080.3749999999327,0.13520488796787233
2080.4583333332657,0.14329165207189334
2080.5416666665988,0.15070451916724598
2080.6249999999322,0.15676959224526174
2080.7083333332657,0.16216076831460907
2080.7916666665988,0.16687804737528802
2080.874999999932,0.17159532643596695
2080.9583333332653,0.17496481147930903
2081.0416666665988,0.17833429652265115
2081.124999999932,0.18102988455732483
2081.208333333265,0.18305157558333007
2081.2916666665983,0.18574716361800375
2081.374999999932,0.1870949576353406
2081.458333333265,0.18911664866134584
2081.541666666598,0.19046444267868268
2081.6249999999313,0.19181223669601952
2081.708333333265,0.19316003071335636
2081.791666666598,0.1938339277220248
2081.874999999931,0.1945078247306932
2081.9583333332644,0.1951817217393616
2082.041666666598,0.19585561874803004
2082.124999999931,0.19652951575669844
2082.208333333264,0.19720341276536688
2082.2916666665974,0.19787730977403528
2082.374999999931,0.19787730977403528
2082.458333333264,0.19855120678270372
2082.541666666597,0.20057289780870896
2082.6249999999304,0.20057289780870896
2082.708333333264,0.20057289780870896
2082.791666666597,0.20057289780870896
2082.87499999993,0.20057289780870896
2082.9583333332635,0.20057289780870896
2083.041666666597,0.026707469572256864
2083.12499999993,-0.36482669246409466
2083.208333333263,-0.7556869574917775
2083.2916666665965,-1.211241335351629
2083.37499999993,-1.6526438760294433
2083.458333333263,-1.5023648430963858
2083.541666666596,-1.380389484527402
2083.6249999999295,-1.2671747870711079
2083.708333333263,-1.1802420729528815
2083.791666666596,-1.113526269094708
2083.874999999929,-1.047484362245203
2083.9583333332625,-0.9760512793263507
2084.041666666596,-0.8938358442688035
2084.124999999929,-0.8129682032285932
2084.208333333262,-0.724013798084362
2084.2916666665956,-0.6411244660181463
2084.374999999929,-0.5541917518999202
2084.458333333262,-0.47871528692905735
2084.541666666595,-0.41469507110555764
2084.6249999999286,-0.34595757622137885
2084.708333333262,-0.30754544672727896
2084.791666666595,-0.2516119950078002
2084.874999999928,-0.19837413132299508
2084.9583333332616,-0.14648406165552685
2085.041666666595,-0.09863737404006911
2085.124999999928,-0.058203553519963924
2085.208333333261,-0.019791424025864063
2085.2916666665947,0.02333798452891478
2085.374999999928,0.05635893795366728
2085.458333333261,0.09140158240442509
2085.541666666594,0.10892290462980397
2085.6249999999277,0.1271181238638513
2085.708333333261,0.15340010720191966
2085.791666666594,0.16216076831460907
2085.8749999999272,0.16889973840129327
2085.9583333332607,0.1729431204533038
2086.041666666594,0.17631260549664587
2086.1249999999272,0.17900819353131955
2086.2083333332603,0.18170378156599323
2086.2916666665938,0.1843993696006669
2086.3749999999272,0.18642106062667216
2086.4583333332603,0.187768854644009
2086.5416666665933,0.18979054567001427
2086.624999999927,0.1911383396873511
2086.7083333332603,0.19248613370468795
2086.7916666665933,0.19316003071335636
2086.8749999999263,0.1938339277220248
2086.95833333326,0.1951817217393616
2087.0416666665933,0.19585561874803004
2087.1249999999263,0.19652951575669844
2087.2083333332594,0.19652951575669844
2087.291666666593,0.19720341276536688
2087.3749999999263,0.19787730977403528
2087.4583333332594,0.19787730977403528
2087.5416666665924,0.19855120678270372
2087.624999999926,0.19855120678270372
2087.7083333332594,0.19855120678270372
2087.7916666665924,0.19922510379137212
2087.8749999999254,0.19922510379137212
2087.958333333259,0.19922510379137212
2088.0416666665924,0.19989900080004055
2088.1249999999254,0.19989900080004055
2088.2083333332585,0.19989900080004055
2088.291666666592,0.19989900080004055
2088.3749999999254,0.20057289780870896
2088.4583333332585,0.20057289780870896
2088.5416666665915,0.20057289780870896
2088.624999999925,0.20057289780870896
2088.7083333332585,0.20057289780870896
2088.7916666665915,0.20057289780870896
2088.8749999999245,0.20057289780870896
2088.958333333258,0.20057289780870896
2089.0416666665915,0.20057289780870896
2089.1249999999245,0.20057289780870896
2089.2083333332575,0.20057289780870896
2089.291666666591,0.20057289780870896
2089.3749999999245,0.20057289780870896
2089.4583333332575,0.20057289780870896
2089.5416666665906,0.20057289780870896
2089.624999999924,0.20057289780870896
2089.7083333332575,0.20057289780870896
2089.7916666665906,0.20057289780870896
2089.8749999999236,0.20057289780870896
2089.958333333257,0.20057289780870896
2090.0416666665906,0.20057289780870896
2090.1249999999236,0.20057289780870896
2090.2083333332566,0.20057289780870896
2090.29166666659,0.20057289780870896
2090.3749999999236,0.20057289780870896
2090.4583333332566,0.20057289780870896
2090.5416666665897,0.20057289780870896
2090.624999999923,0.20057289780870896
2090.7083333332566,0.20057289780870896
2090.7916666665897,0.20057289780870896
2090.8749999999227,0.20057289780870896
2090.958333333256,0.20057289780870896
2091.0416666665897,0.20057289780870896
2091.1249999999227,0.20057289780870896
2091.2083333332557,0.20057289780870896
2091.291666666589,0.20057289780870896
2091.3749999999227,0.20057289780870896
2091.4583333332557,0.20057289780870896
2091.5416666665888,0.20057289780870896
2091.6249999999222,0.20057289780870896
2091.7083333332557,0.20057289780870896
2091.7916666665888,0.20057289780870896
2091.874999999922,0.20057289780870896
2091.9583333332553,0.20057289780870896
2092.0416666665888,0.20057289780870896
2092.124999999922,0.20057289780870896
2092.208333333255,0.20057289780870896
2092.2916666665883,0.20057289780870896
2092.374999999922,0.20057289780870896
2092.458333333255,0.20057289780870896
2092.541666666588,0.14261775506322494
2092.6249999999213,0.011881735381551656
2092.708333333255,-0.11885428430012168
2092.791666666588,-0.24959030398179494
2092.874999999921,-0.38032632366346814
2092.9583333332544,-0.29271971253657375
2093.041666666588,-0.21993883560038452
2093.124999999921,-0.15659251678555308
2093.208333333254,-0.10470244711808485
2093.2916666665874,-0.05955134753730079
2093.374999999921,-0.02518260009521142
2093.458333333254,0.003121074268862184
2093.541666666587,0.032098645641604195
2093.6249999999204,0.054337246927662036
2093.708333333254,0.07051077513570408
2093.791666666587,0.088032097361083
2093.87499999992,0.10622731659513032
2093.9583333332534,0.12105305078583553
2094.041666666587,0.1338570939505355
2094.12499999992,0.14329165207189334
2094.208333333253,0.15340010720191966
2094.2916666665865,0.16216076831460907
2094.37499999992,0.16755194438395643
2094.458333333253,0.1729431204533038
2094.541666666586,0.17833429652265115
2094.6249999999195,0.18237767857466164
2094.708333333253,0.18574716361800375
2094.791666666586,0.187768854644009
2094.874999999919,0.18979054567001427
2094.9583333332525,0.19181223669601952
2095.041666666586,0.19316003071335636
2095.124999999919,0.1938339277220248
2095.208333333252,0.1951817217393616
2095.2916666665856,0.19585561874803004
2095.374999999919,0.19652951575669844
2095.458333333252,0.19720341276536688
2095.541666666585,0.19787730977403528
2095.6249999999186,0.19787730977403528
2095.708333333252,0.19855120678270372
2095.791666666585,0.19855120678270372
2095.874999999918,0.19922510379137212
2095.9583333332516,0.19922510379137212
2096.041666666585,0.19989900080004055
2096.124999999918,0.19989900080004055
2096.208333333251,0.19989900080004055
2096.2916666665847,0.19989900080004055
2096.374999999918,0.19989900080004055
2096.458333333251,0.19989900080004055
2096.541666666584,0.19989900080004055
2096.6249999999177,0.19989900080004055
2096.708333333251,0.20057289780870896
2096.791666666584,0.20057289780870896
2096.8749999999172,0.20057289780870896
2096.9583333332507,0.20057289780870896
2097.041666666584,0.20057289780870896
2097.1249999999172,0.20057289780870896
2097.2083333332503,0.20057289780870896
2097.2916666665838,0.20057289780870896
2097.3749999999172,0.20057289780870896
2097.4583333332503,0.20057289780870896
2097.5416666665833,0.20057289780870896
2097.624999999917,0.20057289780870896
2097.7083333332503,0.20057289780870896
2097.7916666665833,0.20057289780870896
2097.8749999999163,0.20057289780870896
2097.95833333325,0.20057289780870896
2098.0416666665833,0.20057289780870896
2098.1249999999163,0.20057289780870896
2098.2083333332494,0.20057289780870896
2098.291666666583,0.20057289780870896
2098.3749999999163,0.20057289780870896
2098.4583333332494,0.20057289780870896
2098.5416666665824,0.20057289780870896
2098.624999999916,0.20057289780870896
2098.7083333332494,0.20057289780870896
2098.7916666665824,0.20057289780870896
2098.8749999999154,0.20057289780870896
2098.958333333249,0.20057289780870896
2099.0416666665824,0.20057289780870896
2099.1249999999154,0.20057289780870896
2099.2083333332484,0.20057289780870896
2099.291666666582,0.20057289780870896
2099.3749999999154,0.20057289780870896
2099.4583333332484,0.20057289780870896
2099.5416666665815,0.20057289780870896
2099.624999999915,0.20057289780870896
2099.7083333332484,0.20057289780870896
2099.7916666665815,0.20057289780870896
2099.8749999999145,0.20057289780870896
2099.958333333248,0.20057289780870896
